ID,block,trial,query,querydetail,querytype,estimate,starttime,endtime,RT
901,1,1,If the weather in England is not normal on a random daywhat is the probability that the weather will also be typical on the same day?, typical given not normal,BgnotA,70,3283330.927096,3283367.396471,36.469375
901,1,2,What is the probability that the weather will be  not typical on a random day in England?, not typical,notB,18,3283367.510390,3283403.215800,35.705410
901,1,3,What is the probability that the weather will be  not frosty on a random day in England?, not frosty,notB,69,3283403.343708,3283419.801467,16.457759
901,1,4,What is the probability that the weather will be  normal or typical on a random day in England?, normal or typical,AorB,70,3283419.943732,3283428.601162,8.657431
901,1,5,What is the probability that the weather will be  not icy or not frosty on a random day in England?, not icy or not frosty,notAornotB,80,3283428.760355,3283455.984484,27.224129
901,1,6,What is the probability that the weather will be  frosty or not icy on a random day in England?, frosty or not icy,notAorB,69,3283456.110339,3283476.279910,20.169570
901,1,7,If the weather in England is icy on a random daywhat is the probability that the weather will also be not frosty on the same day?, not frosty given icy,notBgA,15,3283476.460308,3283501.495366,25.035059
901,1,8,What is the probability that the weather will be  typical on a random day in England?, typical,B,80,3283501.627002,3283511.215334,9.588332
901,1,9,What is the probability that the weather will be  icy or not frosty on a random day in England?, icy or not frosty,AornotB,30,3283511.310271,3283522.654869,11.344598
901,1,10,What is the probability that the weather will be  normal or not typical on a random day in England?, normal or not typical,AornotB,100,3283522.793588,3283550.414366,27.620777
901,1,11,If the weather in England is frosty on a random daywhat is the probability that the weather will also be icy on the same day?, icy given frosty,AgB,70,3283550.543592,3283573.285771,22.742180
901,1,12,What is the probability that the weather will be  icy and frosty on a random day in England?, icy and frosty,AandB,12,3283573.460206,3283587.445510,13.985304
901,1,13,If the weather in England is not icy on a random daywhat is the probability that the weather will also be not frosty on the same day?, not frosty given not icy,notBgnotA,60,3283587.593567,3283598.629102,11.035535
901,1,14,If the weather in England is not typical on a random daywhat is the probability that the weather will also be not normal on the same day?, not normal given not typical,notAgnotB,100,3283598.760221,3283617.628742,18.868521
901,1,15,If the weather in England is typical on a random daywhat is the probability that the weather will also be not normal on the same day?, not normal given typical,notAgB,18,3283617.793516,3283628.356342,10.562826
901,1,16,What is the probability that the weather will be  frosty and not icy on a random day in England?, frosty and not icy,notAandB,69,3283628.526862,3283641.020036,12.493174
901,1,17,What is the probability that the weather will be  icy or frosty on a random day in England?, icy or frosty,AorB,15,3283641.160181,3283651.635888,10.475708
901,1,18,If the weather in England is icy on a random daywhat is the probability that the weather will also be frosty on the same day?, frosty given icy,BgA,60,3283651.776850,3283659.099539,7.322689
901,1,19,What is the probability that the weather will be  icy on a random day in England?, icy,A,15,3283659.226834,3283668.347789,9.120954
901,1,20,If the weather in England is not normal on a random daywhat is the probability that the weather will also be not typical on the same day?, not typical given not normal,notBgnotA,100,3283668.493499,3283677.563129,9.069631
901,1,21,What is the probability that the weather will be  normal on a random day in England?, normal,A,80,3283677.726826,3283701.834694,24.107868
901,1,22,What is the probability that the weather will be  icy and not frosty on a random day in England?, icy and not frosty,AandnotB,20,3283701.943483,3283717.922133,15.978650
901,1,23,If the weather in England is normal on a random daywhat is the probability that the weather will also be typical on the same day?, typical given normal,BgA,100,3283718.060121,3283738.337497,20.277376
901,1,24,If the weather in England is normal on a random daywhat is the probability that the weather will also be not typical on the same day?, not typical given normal,notBgA,25,3283738.493415,3283746.281865,7.788450
901,1,25,What is the probability that the weather will be  not icy and not frosty on a random day in England?, not icy and not frosty,notAandnotB,70,3283746.460101,3283753.769467,7.309366
901,1,26,If the weather in England is frosty on a random daywhat is the probability that the weather will also be not icy on the same day?, not icy given frosty,notAgB,45,3283753.893427,3283766.576823,12.683396
901,1,27,What is the probability that the weather will be  frosty on a random day in England?, frosty,B,18,3283766.726766,3283775.624903,8.898137
901,1,28,What is the probability that the weather will be  normal and typical on a random day in England?, normal and typical,AandB,80,3283775.743412,3283787.864312,12.120900
901,1,29,If the weather in England is typical on a random daywhat is the probability that the weather will also be normal on the same day?, normal given typical,AgB,100,3283787.960062,3283795.328244,7.368182
901,1,30,If the weather in England is not typical on a random daywhat is the probability that the weather will also be normal on the same day?, normal given not typical,AgnotB,25,3283795.443391,3283802.704196,7.260805
901,1,31,What is the probability that the weather will be  not normal or not typical on a random day in England?, not normal or not typical,notAornotB,20,3283802.826731,3283811.520857,8.694126
901,1,32,What is the probability that the weather will be  typical or not normal on a random day in England?, typical or not normal,notAorB,50,3283811.643387,3283828.127453,16.484066
901,1,33,What is the probability that the weather will be  normal and not typical on a random day in England?, normal and not typical,AandnotB,60,3283828.276702,3283838.383253,10.106551
901,1,34,If the weather in England is not frosty on a random daywhat is the probability that the weather will also be icy on the same day?, icy given not frosty,AgnotB,10,3283838.560003,3283847.247819,8.687816
901,1,35,What is the probability that the weather will be  not normal and not typical on a random day in England?, not normal and not typical,notAandnotB,20,3283847.343356,3283859.606809,12.263453
901,1,36,If the weather in England is not icy on a random daywhat is the probability that the weather will also be frosty on the same day?, frosty given not icy,BgnotA,30,3283859.710006,3283879.358209,19.648203
901,1,37,If the weather in England is not frosty on a random daywhat is the probability that the weather will also be not icy on the same day?, not icy given not frosty,notAgnotB,70,3283879.476662,3283886.406030,6.929368
901,1,38,What is the probability that the weather will be  typical and not normal on a random day in England?, typical and not normal,notAandB,20,3283886.543323,3283892.797929,6.254605
901,1,39,What is the probability that the weather will be  not normal on a random day in England?, not normal,notA,30,3283892.926635,3283898.517808,5.591173
901,1,40,What is the probability that the weather will be  not icy on a random day in England?, not icy,notA,69,3283898.626667,3283908.229534,9.602867
901,2,1,What is the probability that the weather will be  typical or not normal on a random day in England?, typical or not normal,notAorB,90,3283908.343298,3283922.509227,14.165929
901,2,2,What is the probability that the weather will be  normal and not typical on a random day in England?, normal and not typical,AandnotB,90,3283922.643284,3283925.774621,3.131338
901,2,3,If the weather in England is not normal on a random daywhat is the probability that the weather will also be typical on the same day?, typical given not normal,BgnotA,15,3283925.909959,3283937.500692,11.590733
901,2,4,If the weather in England is not icy on a random daywhat is the probability that the weather will also be not frosty on the same day?, not frosty given not icy,notBgnotA,87,3283937.626618,3283946.964613,9.337995
901,2,5,If the weather in England is frosty on a random daywhat is the probability that the weather will also be not icy on the same day?, not icy given frosty,notAgB,40,3283947.076605,3283953.724457,6.647853
901,2,6,What is the probability that the weather will be  not icy and not frosty on a random day in England?, not icy and not frosty,notAandnotB,80,3283953.843268,3283958.388361,4.545093
901,2,7,What is the probability that the weather will be  frosty and not icy on a random day in England?, frosty and not icy,notAandB,70,3283958.493264,3283962.820133,4.326869
901,2,8,What is the probability that the weather will be  not normal on a random day in England?, not normal,notA,30,3283962.959929,3283967.403988,4.444059
901,2,9,What is the probability that the weather will be  not normal or not typical on a random day in England?, not normal or not typical,notAornotB,20,3283967.526590,3283971.395873,3.869283
901,2,10,What is the probability that the weather will be  icy and not frosty on a random day in England?, icy and not frosty,AandnotB,25,3283971.509899,3283984.651584,13.141685
901,2,11,If the weather in England is not typical on a random daywhat is the probability that the weather will also be normal on the same day?, normal given not typical,AgnotB,25,3283984.759902,3283999.859210,15.099307
901,2,12,If the weather in England is normal on a random daywhat is the probability that the weather will also be typical on the same day?, typical given normal,BgA,99,3283999.959888,3284005.867185,5.907297
901,2,13,If the weather in England is not typical on a random daywhat is the probability that the weather will also be not normal on the same day?, not normal given not typical,notAgnotB,90,3284006.009893,3284012.371055,6.361162
901,2,14,What is the probability that the weather will be  normal or not typical on a random day in England?, normal or not typical,AornotB,90,3284012.526547,3284016.978964,4.452417
901,2,15,If the weather in England is not frosty on a random daywhat is the probability that the weather will also be not icy on the same day?, not icy given not frosty,notAgnotB,87,3284017.126547,3284028.306509,11.179962
901,2,16,If the weather in England is frosty on a random daywhat is the probability that the weather will also be icy on the same day?, icy given frosty,AgB,70,3284028.426532,3284035.802359,7.375827
901,2,17,What is the probability that the weather will be  icy on a random day in England?, icy,A,18,3284035.909842,3284042.002608,6.092765
901,2,18,If the weather in England is icy on a random daywhat is the probability that the weather will also be not frosty on the same day?, not frosty given icy,notBgA,20,3284042.109852,3284060.465755,18.355904
901,2,19,What is the probability that the weather will be  typical on a random day in England?, typical,B,70,3284060.593149,3284066.881963,6.288814
901,2,20,What is the probability that the weather will be  normal and typical on a random day in England?, normal and typical,AandB,70,3284066.993183,3284071.529503,4.536320
901,2,21,If the weather in England is typical on a random daywhat is the probability that the weather will also be not normal on the same day?, not normal given typical,notAgB,25,3284071.659831,3284081.281262,9.621431
901,2,22,What is the probability that the weather will be  frosty on a random day in England?, frosty,B,18,3284081.426506,3284088.129288,6.702781
901,2,23,What is the probability that the weather will be  not icy or not frosty on a random day in England?, not icy or not frosty,notAornotB,70,3284088.259808,3284092.328997,4.069189
901,2,24,What is the probability that the weather will be  frosty or not icy on a random day in England?, frosty or not icy,notAorB,25,3284092.443147,3284102.992715,10.549568
901,2,25,What is the probability that the weather will be  icy and frosty on a random day in England?, icy and frosty,AandB,30,3284103.093147,3284110.992562,7.899416
901,2,26,What is the probability that the weather will be  not typical on a random day in England?, not typical,notB,30,3284111.143104,3284115.376432,4.233328
901,2,27,If the weather in England is icy on a random daywhat is the probability that the weather will also be frosty on the same day?, frosty given icy,BgA,80,3284115.509788,3284121.072314,5.562526
901,2,28,If the weather in England is typical on a random daywhat is the probability that the weather will also be normal on the same day?, normal given typical,AgB,99,3284121.193116,3284127.512137,6.319021
901,2,29,What is the probability that the weather will be  normal or typical on a random day in England?, normal or typical,AorB,100,3284127.626439,3284134.919936,7.293497
901,2,30,What is the probability that the weather will be  not normal and not typical on a random day in England?, not normal and not typical,notAandnotB,15,3284135.026430,3284142.495776,7.469347
901,2,31,What is the probability that the weather will be  typical and not normal on a random day in England?, typical and not normal,notAandB,30,3284142.593105,3284147.143667,4.550562
901,2,32,If the weather in England is not frosty on a random daywhat is the probability that the weather will also be icy on the same day?, icy given not frosty,AgnotB,12,3284147.293090,3284166.639191,19.346101
901,2,33,What is the probability that the weather will be  not frosty on a random day in England?, not frosty,notB,70,3284166.743073,3284172.527065,5.783992
901,2,34,What is the probability that the weather will be  normal on a random day in England?, normal,A,80,3284172.643073,3284180.111340,7.468267
901,2,35,If the weather in England is normal on a random daywhat is the probability that the weather will also be not typical on the same day?, not typical given normal,notBgA,25,3284180.259736,3284188.078660,7.818924
901,2,36,If the weather in England is not icy on a random daywhat is the probability that the weather will also be frosty on the same day?, frosty given not icy,BgnotA,40,3284188.209699,3284199.710412,11.500713
901,2,37,What is the probability that the weather will be  not icy on a random day in England?, not icy,notA,70,3284199.793025,3284206.102262,6.309237
901,2,38,What is the probability that the weather will be  icy or not frosty on a random day in England?, icy or not frosty,AornotB,20,3284206.209714,3284211.398143,5.188430
901,2,39,What is the probability that the weather will be  icy or frosty on a random day in England?, icy or frosty,AorB,30,3284211.526352,3284216.838017,5.311666
901,2,40,If the weather in England is not normal on a random daywhat is the probability that the weather will also be not typical on the same day?, not typical given not normal,notBgnotA,99,3284216.943039,3284224.077802,7.134763
901,3,1,If the weather in England is normal on a random daywhat is the probability that the weather will also be not typical on the same day?, not typical given normal,notBgA,25,3284224.226338,3284228.749715,4.523377
901,3,2,What is the probability that the weather will be  normal or typical on a random day in England?, normal or typical,AorB,80,3284228.926333,3284233.357595,4.431262
901,3,3,If the weather in England is not icy on a random daywhat is the probability that the weather will also be frosty on the same day?, frosty given not icy,BgnotA,70,3284233.509688,3284239.565458,6.055770
901,3,4,If the weather in England is not icy on a random daywhat is the probability that the weather will also be not frosty on the same day?, not frosty given not icy,notBgnotA,60,3284239.693016,3284248.965237,9.272221
901,3,5,If the weather in England is not normal on a random daywhat is the probability that the weather will also be typical on the same day?, typical given not normal,BgnotA,58,3284249.109667,3284260.556928,11.447261
901,3,6,What is the probability that the weather will be  not normal and not typical on a random day in England?, not normal and not typical,notAandnotB,10,3284260.692991,3284267.844794,7.151803
901,3,7,What is the probability that the weather will be  normal and not typical on a random day in England?, normal and not typical,AandnotB,20,3284267.976321,3284272.628667,4.652346
901,3,8,What is the probability that the weather will be  not frosty on a random day in England?, not frosty,notB,70,3284272.776314,3284278.612502,5.836188
901,3,9,If the weather in England is typical on a random daywhat is the probability that the weather will also be normal on the same day?, normal given typical,AgB,85,3284278.742961,3284290.028218,11.285257
901,3,10,What is the probability that the weather will be  frosty and not icy on a random day in England?, frosty and not icy,notAandB,70,3284290.159646,3284302.267950,12.108304
901,3,11,What is the probability that the weather will be  frosty on a random day in England?, frosty,B,20,3284302.392951,3284308.995993,6.603041
901,3,12,What is the probability that the weather will be  not icy on a random day in England?, not icy,notA,77,3284309.109618,3284317.323575,8.213957
901,3,13,If the weather in England is typical on a random daywhat is the probability that the weather will also be not normal on the same day?, not normal given typical,notAgB,15,3284317.442949,3284322.507437,5.064488
901,3,14,If the weather in England is normal on a random daywhat is the probability that the weather will also be typical on the same day?, typical given normal,BgA,99,3284322.626276,3284329.683280,7.057003
901,3,15,What is the probability that the weather will be  not normal on a random day in England?, not normal,notA,20,3284329.826248,3284336.027121,6.200873
901,3,16,What is the probability that the weather will be  typical and not normal on a random day in England?, typical and not normal,notAandB,10,3284336.142907,3284340.139031,3.996124
901,3,17,If the weather in England is not typical on a random daywhat is the probability that the weather will also be not normal on the same day?, not normal given not typical,notAgnotB,80,3284340.259569,3284347.890849,7.631280
901,3,18,What is the probability that the weather will be  icy or not frosty on a random day in England?, icy or not frosty,AornotB,30,3284348.009584,3284354.018696,6.009112
901,3,19,What is the probability that the weather will be  normal on a random day in England?, normal,A,80,3284354.142905,3284356.786950,2.644044
901,3,20,If the weather in England is not normal on a random daywhat is the probability that the weather will also be not typical on the same day?, not typical given not normal,notBgnotA,80,3284356.926244,3284362.098509,5.172264
901,3,21,If the weather in England is frosty on a random daywhat is the probability that the weather will also be not icy on the same day?, not icy given frosty,notAgB,70,3284362.209566,3284366.842394,4.632828
901,3,22,What is the probability that the weather will be  normal and typical on a random day in England?, normal and typical,AandB,80,3284366.976230,3284372.986230,6.010000
901,3,23,If the weather in England is icy on a random daywhat is the probability that the weather will also be frosty on the same day?, frosty given icy,BgA,70,3284373.109559,3284379.114121,6.004562
901,3,24,What is the probability that the weather will be  not icy or not frosty on a random day in England?, not icy or not frosty,notAornotB,75,3284379.226221,3284385.713914,6.487693
901,3,25,What is the probability that the weather will be  not typical on a random day in England?, not typical,notB,30,3284385.809550,3284390.561816,4.752265
901,3,26,What is the probability that the weather will be  icy and frosty on a random day in England?, icy and frosty,AandB,20,3284390.676194,3284396.817676,6.141482
901,3,27,What is the probability that the weather will be  frosty or not icy on a random day in England?, frosty or not icy,notAorB,30,3284396.942871,3284399.689582,2.746711
901,3,28,What is the probability that the weather will be  not icy and not frosty on a random day in England?, not icy and not frosty,notAandnotB,70,3284399.809515,3284406.569435,6.759921
901,3,29,What is the probability that the weather will be  normal or not typical on a random day in England?, normal or not typical,AornotB,90,3284406.692842,3284413.329255,6.636413
901,3,30,If the weather in England is not typical on a random daywhat is the probability that the weather will also be normal on the same day?, normal given not typical,AgnotB,10,3284413.442898,3284420.745088,7.302190
901,3,31,What is the probability that the weather will be  icy on a random day in England?, icy,A,17,3284420.876177,3284426.425417,5.549240
901,3,32,What is the probability that the weather will be  typical or not normal on a random day in England?, typical or not normal,notAorB,70,3284426.542825,3284431.480840,4.938015
901,3,33,What is the probability that the weather will be  not normal or not typical on a random day in England?, not normal or not typical,notAornotB,30,3284431.592815,3284435.160748,3.567933
901,3,34,If the weather in England is icy on a random daywhat is the probability that the weather will also be not frosty on the same day?, not frosty given icy,notBgA,40,3284435.292840,3284451.624342,16.331502
901,3,35,If the weather in England is not frosty on a random daywhat is the probability that the weather will also be icy on the same day?, icy given not frosty,AgnotB,12,3284451.742832,3284461.842994,10.100163
901,3,36,What is the probability that the weather will be  icy or frosty on a random day in England?, icy or frosty,AorB,25,3284461.959485,3284469.607910,7.648425
901,3,37,If the weather in England is not frosty on a random daywhat is the probability that the weather will also be not icy on the same day?, not icy given not frosty,notAgnotB,87,3284469.709459,3284484.159562,14.450103
901,3,38,What is the probability that the weather will be  typical on a random day in England?, typical,B,80,3284484.242798,3284487.831735,3.588937
901,3,39,What is the probability that the weather will be  icy and not frosty on a random day in England?, icy and not frosty,AandnotB,30,3284487.959448,3284492.047372,4.087925
901,3,40,If the weather in England is frosty on a random daywhat is the probability that the weather will also be icy on the same day?, icy given frosty,AgB,70,3284492.159437,3284496.575272,4.415835
