ID,block,trial,query,querydetail,querytype,estimate,starttime,endtime,RT
301,1,1,What is the probability that the weather will be  frosty or not icy on a random day in England?, frosty or not icy,notAorB,80,2852835.254078,2852846.856228,11.602150
301,1,2,What is the probability that the weather will be  not icy or not frosty on a random day in England?, not icy or not frosty,notAornotB,80,2852847.037563,2852868.010347,20.972785
301,1,3,What is the probability that the weather will be  typical on a random day in England?, typical,B,10,2852868.221134,2852874.946969,6.725835
301,1,4,If the weather in England is not normal on a random daywhat is the probability that the weather will also be typical on the same day?, typical given not normal,BgnotA,0,2852875.137907,2852890.615198,15.477291
301,1,5,What is the probability that the weather will be  not typical on a random day in England?, not typical,notB,75,2852890.838099,2852905.162536,14.324438
301,1,6,If the weather in England is not typical on a random daywhat is the probability that the weather will also be normal on the same day?, normal given not typical,AgnotB,0,2852905.354925,2852919.114448,13.759523
301,1,7,If the weather in England is not frosty on a random daywhat is the probability that the weather will also be not icy on the same day?, not icy given not frosty,notAgnotB,10,2852919.338492,2852950.401924,31.063433
301,1,8,What is the probability that the weather will be  icy and not frosty on a random day in England?, icy and not frosty,AandnotB,0,2852950.638846,2852962.273860,11.635014
301,1,9,What is the probability that the weather will be  icy or frosty on a random day in England?, icy or frosty,AorB,10,2852962.488965,2852971.041717,8.552752
301,1,10,What is the probability that the weather will be  not normal or not typical on a random day in England?, not normal or not typical,notAornotB,90,2852971.222414,2852985.609476,14.387062
301,1,11,What is the probability that the weather will be  normal or not typical on a random day in England?, normal or not typical,AornotB,50,2852985.822621,2852994.433440,8.610819
301,1,12,If the weather in England is typical on a random daywhat is the probability that the weather will also be not normal on the same day?, not normal given typical,notAgB,60,2852994.622696,2853005.385362,10.762666
301,1,13,What is the probability that the weather will be  frosty and not icy on a random day in England?, frosty and not icy,notAandB,20,2853005.556175,2853029.465116,23.908942
301,1,14,If the weather in England is not normal on a random daywhat is the probability that the weather will also be not typical on the same day?, not typical given not normal,notBgnotA,100,2853029.689819,2853040.752879,11.063060
301,1,15,What is the probability that the weather will be  normal and not typical on a random day in England?, normal and not typical,AandnotB,0,2853040.923290,2853046.833085,5.909795
301,1,16,What is the probability that the weather will be  frosty on a random day in England?, frosty,B,10,2853046.956689,2853052.952986,5.996297
301,1,17,If the weather in England is not frosty on a random daywhat is the probability that the weather will also be icy on the same day?, icy given not frosty,AgnotB,10,2853053.073439,2853091.360442,38.287003
301,1,18,What is the probability that the weather will be  normal and typical on a random day in England?, normal and typical,AandB,100,2853091.573892,2853101.168258,9.594366
301,1,19,What is the probability that the weather will be  icy and frosty on a random day in England?, icy and frosty,AandB,60,2853101.340697,2853128.959846,27.619149
301,1,20,What is the probability that the weather will be  normal or typical on a random day in England?, normal or typical,AorB,75,2853129.191050,2853137.927728,8.736679
301,1,21,What is the probability that the weather will be  icy or not frosty on a random day in England?, icy or not frosty,AornotB,75,2853138.174482,2853149.911625,11.737143
301,1,22,What is the probability that the weather will be  not icy on a random day in England?, not icy,notA,90,2853150.091307,2853164.175405,14.084098
301,1,23,What is the probability that the weather will be  typical and not normal on a random day in England?, typical and not normal,notAandB,0,2853164.358142,2853170.511433,6.153291
301,1,24,What is the probability that the weather will be  not frosty on a random day in England?, not frosty,notB,90,2853170.674870,2853176.471271,5.796401
301,1,25,What is the probability that the weather will be  normal on a random day in England?, normal,A,75,2853176.574941,2853183.583506,7.008565
301,1,26,What is the probability that the weather will be  not icy and not frosty on a random day in England?, not icy and not frosty,notAandnotB,90,2853183.758379,2853189.047065,5.288686
301,1,27,What is the probability that the weather will be  not normal and not typical on a random day in England?, not normal and not typical,notAandnotB,25,2853189.225097,2853196.127039,6.901941
301,1,28,If the weather in England is normal on a random daywhat is the probability that the weather will also be typical on the same day?, typical given normal,BgA,100,2853196.308548,2853209.358800,13.050253
301,1,29,If the weather in England is not icy on a random daywhat is the probability that the weather will also be not frosty on the same day?, not frosty given not icy,notBgnotA,90,2853209.508673,2853216.327339,6.818665
301,1,30,If the weather in England is icy on a random daywhat is the probability that the weather will also be frosty on the same day?, frosty given icy,BgA,90,2853216.475446,2853223.910652,7.435206
301,1,31,What is the probability that the weather will be  typical or not normal on a random day in England?, typical or not normal,notAorB,75,2853224.075564,2853240.830431,16.754867
301,1,32,If the weather in England is not icy on a random daywhat is the probability that the weather will also be frosty on the same day?, frosty given not icy,BgnotA,10,2853241.025751,2853267.046009,26.020258
301,1,33,What is the probability that the weather will be  icy on a random day in England?, icy,A,10,2853267.259411,2853274.806305,7.546893
301,1,34,If the weather in England is icy on a random daywhat is the probability that the weather will also be not frosty on the same day?, not frosty given icy,notBgA,10,2853275.026160,2853286.181813,11.155653
301,1,35,If the weather in England is normal on a random daywhat is the probability that the weather will also be not typical on the same day?, not typical given normal,notBgA,25,2853286.342981,2853302.197838,15.854857
301,1,36,If the weather in England is not typical on a random daywhat is the probability that the weather will also be not normal on the same day?, not normal given not typical,notAgnotB,100,2853302.359823,2853341.365349,39.005526
301,1,37,If the weather in England is typical on a random daywhat is the probability that the weather will also be normal on the same day?, normal given typical,AgB,100,2853341.560323,2853348.029195,6.468872
301,1,38,What is the probability that the weather will be  not normal on a random day in England?, not normal,notA,25,2853348.210387,2853355.581131,7.370744
301,1,39,If the weather in England is frosty on a random daywhat is the probability that the weather will also be icy on the same day?, icy given frosty,AgB,90,2853355.760508,2853363.372849,7.612341
301,1,40,If the weather in England is frosty on a random daywhat is the probability that the weather will also be not icy on the same day?, not icy given frosty,notAgB,10,2853363.527268,2853373.364806,9.837538
301,2,1,If the weather in England is normal on a random daywhat is the probability that the weather will also be typical on the same day?, typical given normal,BgA,100,2853373.544053,2853379.540838,5.996785
301,2,2,If the weather in England is typical on a random daywhat is the probability that the weather will also be not normal on the same day?, not normal given typical,notAgB,0,2853379.694118,2853386.852694,7.158576
301,2,3,If the weather in England is not typical on a random daywhat is the probability that the weather will also be normal on the same day?, normal given not typical,AgnotB,0,2853387.010865,2853393.724494,6.713629
301,2,4,What is the probability that the weather will be  not frosty on a random day in England?, not frosty,notB,90,2853393.827621,2853401.956508,8.128887
301,2,5,What is the probability that the weather will be  normal or typical on a random day in England?, normal or typical,AorB,75,2853402.127739,2853407.804342,5.676603
301,2,6,If the weather in England is not frosty on a random daywhat is the probability that the weather will also be icy on the same day?, icy given not frosty,AgnotB,10,2853407.961114,2853416.620237,8.659123
301,2,7,What is the probability that the weather will be  icy and frosty on a random day in England?, icy and frosty,AandB,90,2853416.777900,2853424.140139,7.362239
301,2,8,What is the probability that the weather will be  icy and not frosty on a random day in England?, icy and not frosty,AandnotB,10,2853424.294650,2853430.500720,6.206071
301,2,9,What is the probability that the weather will be  typical on a random day in England?, typical,B,75,2853430.711426,2853437.676261,6.964836
301,2,10,What is the probability that the weather will be  not normal on a random day in England?, not normal,notA,25,2853437.861503,2853445.683732,7.822229
301,2,11,What is the probability that the weather will be  normal or not typical on a random day in England?, normal or not typical,AornotB,50,2853445.878248,2853457.619566,11.741318
301,2,12,If the weather in England is not icy on a random daywhat is the probability that the weather will also be frosty on the same day?, frosty given not icy,BgnotA,10,2853457.811223,2853472.851404,15.040182
301,2,13,What is the probability that the weather will be  icy or frosty on a random day in England?, icy or frosty,AorB,20,2853473.095288,2853481.115423,8.020135
301,2,14,What is the probability that the weather will be  frosty and not icy on a random day in England?, frosty and not icy,notAandB,10,2853481.395371,2853486.003219,4.607848
301,2,15,If the weather in England is typical on a random daywhat is the probability that the weather will also be normal on the same day?, normal given typical,AgB,100,2853486.212121,2853496.731281,10.519159
301,2,16,What is the probability that the weather will be  not normal and not typical on a random day in England?, not normal and not typical,notAandnotB,25,2853496.895572,2853508.115158,11.219586
301,2,17,If the weather in England is frosty on a random daywhat is the probability that the weather will also be icy on the same day?, icy given frosty,AgB,90,2853508.312384,2853514.906897,6.594513
301,2,18,If the weather in England is not normal on a random daywhat is the probability that the weather will also be typical on the same day?, typical given not normal,BgnotA,75,2853514.995767,2853530.170886,15.175120
301,2,19,If the weather in England is not icy on a random daywhat is the probability that the weather will also be not frosty on the same day?, not frosty given not icy,notBgnotA,90,2853530.412644,2853548.618477,18.205833
301,2,20,What is the probability that the weather will be  normal and not typical on a random day in England?, normal and not typical,AandnotB,50,2853548.829546,2853564.634273,15.804727
301,2,21,What is the probability that the weather will be  frosty on a random day in England?, frosty,B,10,2853564.863090,2853569.818560,4.955470
301,2,22,What is the probability that the weather will be  frosty or not icy on a random day in England?, frosty or not icy,notAorB,25,2853570.029808,2853576.850167,6.820359
301,2,23,What is the probability that the weather will be  not typical on a random day in England?, not typical,notB,25,2853576.996561,2853585.258051,8.261490
301,2,24,If the weather in England is frosty on a random daywhat is the probability that the weather will also be not icy on the same day?, not icy given frosty,notAgB,10,2853585.463309,2853593.929880,8.466570
301,2,25,What is the probability that the weather will be  typical and not normal on a random day in England?, typical and not normal,notAandB,10,2853594.130098,2853603.337806,9.207708
301,2,26,If the weather in England is icy on a random daywhat is the probability that the weather will also be not frosty on the same day?, not frosty given icy,notBgA,10,2853603.513534,2853615.329675,11.816140
301,2,27,What is the probability that the weather will be  icy or not frosty on a random day in England?, icy or not frosty,AornotB,30,2853615.597038,2853647.377249,31.780211
301,2,28,What is the probability that the weather will be  normal and typical on a random day in England?, normal and typical,AandB,100,2853647.597419,2853677.232960,29.635540
301,2,29,What is the probability that the weather will be  typical or not normal on a random day in England?, typical or not normal,notAorB,50,2853677.414456,2853684.232785,6.818330
301,2,30,If the weather in England is not frosty on a random daywhat is the probability that the weather will also be not icy on the same day?, not icy given not frosty,notAgnotB,100,2853684.481197,2853693.432684,8.951487
301,2,31,If the weather in England is normal on a random daywhat is the probability that the weather will also be not typical on the same day?, not typical given normal,notBgA,0,2853693.731337,2853704.832654,11.101318
301,2,32,What is the probability that the weather will be  not icy on a random day in England?, not icy,notA,90,2853705.031443,2853716.072406,11.040963
301,2,33,If the weather in England is not normal on a random daywhat is the probability that the weather will also be not typical on the same day?, not typical given not normal,notBgnotA,100,2853716.264933,2853723.768339,7.503406
301,2,34,What is the probability that the weather will be  icy on a random day in England?, icy,A,10,2853724.015038,2853728.768566,4.753529
301,2,35,What is the probability that the weather will be  not normal or not typical on a random day in England?, not normal or not typical,notAornotB,75,2853728.998417,2853735.960172,6.961755
301,2,36,What is the probability that the weather will be  normal on a random day in England?, normal,A,75,2853736.231854,2853747.288232,11.056378
301,2,37,If the weather in England is not typical on a random daywhat is the probability that the weather will also be not normal on the same day?, not normal given not typical,notAgnotB,100,2853747.548665,2853765.455796,17.907130
301,2,38,What is the probability that the weather will be  not icy and not frosty on a random day in England?, not icy and not frosty,notAandnotB,90,2853765.682194,2853773.783687,8.101493
301,2,39,If the weather in England is icy on a random daywhat is the probability that the weather will also be frosty on the same day?, frosty given icy,BgA,90,2853773.982323,2853786.087556,12.105233
301,2,40,What is the probability that the weather will be  not icy or not frosty on a random day in England?, not icy or not frosty,notAornotB,90,2853786.449140,2853792.783463,6.334323
301,3,1,What is the probability that the weather will be  icy and not frosty on a random day in England?, icy and not frosty,AandnotB,10,2853792.999216,2853796.863424,3.864208
301,3,2,What is the probability that the weather will be  normal on a random day in England?, normal,A,75,2853797.065940,2853801.280655,4.214715
301,3,3,What is the probability that the weather will be  normal or typical on a random day in England?, normal or typical,AorB,75,2853801.482662,2853805.303332,3.820671
301,3,4,What is the probability that the weather will be  typical and not normal on a random day in England?, typical and not normal,notAandB,0,2853805.482701,2853810.151608,4.668906
301,3,5,If the weather in England is not icy on a random daywhat is the probability that the weather will also be frosty on the same day?, frosty given not icy,BgnotA,10,2853810.349443,2853827.334626,16.985183
301,3,6,If the weather in England is typical on a random daywhat is the probability that the weather will also be normal on the same day?, normal given typical,AgB,100,2853827.549650,2853832.758996,5.209346
301,3,7,What is the probability that the weather will be  normal and typical on a random day in England?, normal and typical,AandB,100,2853832.933016,2853835.766952,2.833936
301,3,8,If the weather in England is typical on a random daywhat is the probability that the weather will also be not normal on the same day?, not normal given typical,notAgB,0,2853835.899753,2853843.270907,7.371154
301,3,9,What is the probability that the weather will be  not normal or not typical on a random day in England?, not normal or not typical,notAornotB,25,2853843.449850,2853854.254770,10.804920
301,3,10,What is the probability that the weather will be  not frosty on a random day in England?, not frosty,notB,10,2853854.449955,2853858.670647,4.220692
301,3,11,What is the probability that the weather will be  not icy and not frosty on a random day in England?, not icy and not frosty,notAandnotB,90,2853858.900026,2853865.422571,6.522546
301,3,12,What is the probability that the weather will be  not normal and not typical on a random day in England?, not normal and not typical,notAandnotB,25,2853865.650115,2853872.822538,7.172423
301,3,13,If the weather in England is not normal on a random daywhat is the probability that the weather will also be not typical on the same day?, not typical given not normal,notBgnotA,100,2853873.016867,2853877.542411,4.525544
301,3,14,What is the probability that the weather will be  typical on a random day in England?, typical,B,75,2853877.700271,2853882.046810,4.346539
301,3,15,If the weather in England is not frosty on a random daywhat is the probability that the weather will also be not icy on the same day?, not icy given not frosty,notAgnotB,90,2853882.233636,2853890.430299,8.196663
301,3,16,If the weather in England is normal on a random daywhat is the probability that the weather will also be typical on the same day?, typical given normal,BgA,100,2853890.683759,2853897.446168,6.762408
301,3,17,If the weather in England is not typical on a random daywhat is the probability that the weather will also be not normal on the same day?, not normal given not typical,notAgnotB,100,2853897.650509,2853904.382083,6.731575
301,3,18,If the weather in England is not frosty on a random daywhat is the probability that the weather will also be icy on the same day?, icy given not frosty,AgnotB,10,2853904.533940,2853913.264777,8.730837
301,3,19,What is the probability that the weather will be  not icy on a random day in England?, not icy,notA,90,2853913.467358,2853917.781942,4.314584
301,3,20,What is the probability that the weather will be  icy or not frosty on a random day in England?, icy or not frosty,AornotB,25,2853917.950759,2853924.744690,6.793932
301,3,21,What is the probability that the weather will be  not icy or not frosty on a random day in England?, not icy or not frosty,notAornotB,90,2853924.934149,2853930.909776,5.975627
301,3,22,What is the probability that the weather will be  icy and frosty on a random day in England?, icy and frosty,AandB,90,2853931.134247,2853936.885727,5.751480
301,3,23,If the weather in England is not icy on a random daywhat is the probability that the weather will also be not frosty on the same day?, not frosty given not icy,notBgnotA,100,2853937.084336,2853955.189484,18.105148
301,3,24,What is the probability that the weather will be  icy or frosty on a random day in England?, icy or frosty,AorB,10,2853955.384556,2853960.997409,5.612853
301,3,25,What is the probability that the weather will be  normal and not typical on a random day in England?, normal and not typical,AandnotB,0,2853961.201267,2853966.021569,4.820302
301,3,26,If the weather in England is icy on a random daywhat is the probability that the weather will also be frosty on the same day?, frosty given icy,BgA,90,2853966.251363,2853971.197277,4.945915
301,3,27,If the weather in England is normal on a random daywhat is the probability that the weather will also be not typical on the same day?, not typical given normal,notBgA,0,2853971.384722,2853975.493840,4.109118
301,3,28,What is the probability that the weather will be  not typical on a random day in England?, not typical,notB,25,2853975.684803,2853981.832550,6.147747
301,3,29,What is the probability that the weather will be  icy on a random day in England?, icy,A,10,2853982.051549,2853986.493502,4.441953
301,3,30,What is the probability that the weather will be  normal or not typical on a random day in England?, normal or not typical,AornotB,0,2853986.601597,2853989.837551,3.235954
301,3,31,If the weather in England is frosty on a random daywhat is the probability that the weather will also be not icy on the same day?, not icy given frosty,notAgB,10,2853990.001648,2853995.437190,5.435542
301,3,32,If the weather in England is not normal on a random daywhat is the probability that the weather will also be typical on the same day?, typical given not normal,BgnotA,0,2853995.618360,2854004.629915,9.011555
301,3,33,If the weather in England is not typical on a random daywhat is the probability that the weather will also be normal on the same day?, normal given not typical,AgnotB,0,2854004.818508,2854012.773007,7.954499
301,3,34,What is the probability that the weather will be  frosty on a random day in England?, frosty,B,10,2854013.001930,2854016.365183,3.363253
301,3,35,What is the probability that the weather will be  frosty and not icy on a random day in England?, frosty and not icy,notAandB,10,2854016.568634,2854028.012591,11.443957
301,3,36,What is the probability that the weather will be  typical or not normal on a random day in England?, typical or not normal,notAorB,23,2854028.202113,2854034.300473,6.098360
301,3,37,If the weather in England is frosty on a random daywhat is the probability that the weather will also be icy on the same day?, icy given frosty,AgB,90,2854034.502193,2854043.060409,8.558216
301,3,38,If the weather in England is icy on a random daywhat is the probability that the weather will also be not frosty on the same day?, not frosty given icy,notBgA,10,2854043.218969,2854049.916303,6.697333
301,3,39,What is the probability that the weather will be  frosty or not icy on a random day in England?, frosty or not icy,notAorB,10,2854050.102387,2854056.965590,6.863203
301,3,40,What is the probability that the weather will be  not normal on a random day in England?, not normal,notA,25,2854057.135784,2854061.084209,3.948425
