ID,block,trial,query,querydetail,querytype,estimate,starttime,endtime,RT
203,1,1,If the weather in England is not frosty on a random daywhat is the probability that the weather will also be icy on the same day?, icy given not frosty,AgnotB,20,2373084.979373,2373099.997704,15.018331
203,1,2,If the weather in England is typical on a random daywhat is the probability that the weather will also be normal on the same day?, normal given typical,AgB,50,2373100.162689,2373112.599063,12.436374
203,1,3,What is the probability that the weather will be  icy on a random day in England?, icy,A,30,2373112.746166,2373120.264231,7.518066
203,1,4,If the weather in England is frosty on a random daywhat is the probability that the weather will also be not icy on the same day?, not icy given frosty,notAgB,40,2373120.412872,2373144.839646,24.426775
203,1,5,What is the probability that the weather will be  icy and not frosty on a random day in England?, icy and not frosty,AandnotB,20,2373144.996319,2373153.135411,8.139092
203,1,6,What is the probability that the weather will be  frosty or not icy on a random day in England?, frosty or not icy,notAorB,60,2373153.263028,2373161.647346,8.384318
203,1,7,If the weather in England is normal on a random daywhat is the probability that the weather will also be typical on the same day?, typical given normal,BgA,50,2373161.813095,2373168.519095,6.706000
203,1,8,What is the probability that the weather will be  typical on a random day in England?, typical,B,60,2373168.679763,2373175.567041,6.887278
203,1,9,What is the probability that the weather will be  icy or not frosty on a random day in England?, icy or not frosty,AornotB,60,2373175.696475,2373179.838868,4.142393
203,1,10,If the weather in England is normal on a random daywhat is the probability that the weather will also be not typical on the same day?, not typical given normal,notBgA,40,2373180.063152,2373190.430754,10.367603
203,1,11,What is the probability that the weather will be  typical or not normal on a random day in England?, typical or not normal,notAorB,40,2373190.579873,2373200.606528,10.026655
203,1,12,What is the probability that the weather will be  not normal and not typical on a random day in England?, not normal and not typical,notAandnotB,50,2373200.763226,2373208.950309,8.187083
203,1,13,If the weather in England is not typical on a random daywhat is the probability that the weather will also be not normal on the same day?, not normal given not typical,notAgnotB,70,2373209.079969,2373219.790125,10.710156
203,1,14,What is the probability that the weather will be  normal and not typical on a random day in England?, normal and not typical,AandnotB,0,2373219.963341,2373231.114488,11.151147
203,1,15,If the weather in England is not typical on a random daywhat is the probability that the weather will also be normal on the same day?, normal given not typical,AgnotB,0,2373231.246742,2373248.135362,16.888620
203,1,16,What is the probability that the weather will be  frosty on a random day in England?, frosty,B,30,2373248.280123,2373253.805671,5.525547
203,1,17,What is the probability that the weather will be  icy and frosty on a random day in England?, icy and frosty,AandB,20,2373253.880161,2373264.989113,11.108952
203,1,18,If the weather in England is icy on a random daywhat is the probability that the weather will also be not frosty on the same day?, not frosty given icy,notBgA,30,2373265.113557,2373274.868937,9.755380
203,1,19,If the weather in England is not normal on a random daywhat is the probability that the weather will also be typical on the same day?, typical given not normal,BgnotA,0,2373274.996925,2373293.428617,18.431692
203,1,20,If the weather in England is frosty on a random daywhat is the probability that the weather will also be icy on the same day?, icy given frosty,AgB,30,2373293.630366,2373298.204661,4.574295
203,1,21,What is the probability that the weather will be  not icy on a random day in England?, not icy,notA,70,2373298.380394,2373303.300359,4.919964
203,1,22,If the weather in England is typical on a random daywhat is the probability that the weather will also be not normal on the same day?, not normal given typical,notAgB,0,2373303.497085,2373308.372178,4.875093
203,1,23,What is the probability that the weather will be  not normal on a random day in England?, not normal,notA,20,2373308.513778,2373321.332031,12.818253
203,1,24,What is the probability that the weather will be  normal or typical on a random day in England?, normal or typical,AorB,70,2373321.463741,2373327.532000,6.068260
203,1,25,What is the probability that the weather will be  not frosty on a random day in England?, not frosty,notB,70,2373327.663845,2373332.739671,5.075827
203,1,26,If the weather in England is not icy on a random daywhat is the probability that the weather will also be frosty on the same day?, frosty given not icy,BgnotA,40,2373332.897201,2373342.731505,9.834304
203,1,27,What is the probability that the weather will be  normal on a random day in England?, normal,A,70,2373342.847251,2373347.603869,4.756618
203,1,28,If the weather in England is not normal on a random daywhat is the probability that the weather will also be not typical on the same day?, not typical given not normal,notBgnotA,100,2373347.747304,2373356.971165,9.223861
203,1,29,If the weather in England is not icy on a random daywhat is the probability that the weather will also be not frosty on the same day?, not frosty given not icy,notBgnotA,70,2373357.080678,2373371.475383,14.394705
203,1,30,What is the probability that the weather will be  not icy or not frosty on a random day in England?, not icy or not frosty,notAornotB,70,2373371.580783,2373377.618848,6.038065
203,1,31,What is the probability that the weather will be  frosty and not icy on a random day in England?, frosty and not icy,notAandB,30,2373377.730768,2373384.114433,6.383666
203,1,32,What is the probability that the weather will be  not icy and not frosty on a random day in England?, not icy and not frosty,notAandnotB,70,2373384.246937,2373388.754453,4.507516
203,1,33,What is the probability that the weather will be  normal and typical on a random day in England?, normal and typical,AandB,100,2373388.864153,2373396.090358,7.226205
203,1,34,What is the probability that the weather will be  not typical on a random day in England?, not typical,notB,30,2373396.180908,2373406.010200,9.829292
203,1,35,What is the probability that the weather will be  not normal or not typical on a random day in England?, not normal or not typical,notAornotB,30,2373406.097586,2373410.978049,4.880463
203,1,36,What is the probability that the weather will be  typical and not normal on a random day in England?, typical and not normal,notAandB,0,2373411.064262,2373414.937949,3.873687
203,1,37,What is the probability that the weather will be  normal or not typical on a random day in England?, normal or not typical,AornotB,30,2373415.030950,2373420.409795,5.378845
203,1,38,If the weather in England is icy on a random daywhat is the probability that the weather will also be frosty on the same day?, frosty given icy,BgA,40,2373420.497647,2373426.217687,5.720040
203,1,39,If the weather in England is not frosty on a random daywhat is the probability that the weather will also be not icy on the same day?, not icy given not frosty,notAgnotB,30,2373426.297679,2373432.201689,5.904010
203,1,40,What is the probability that the weather will be  icy or frosty on a random day in England?, icy or frosty,AorB,30,2373432.297718,2373437.113648,4.815930
203,2,1,If the weather in England is normal on a random daywhat is the probability that the weather will also be not typical on the same day?, not typical given normal,notBgA,30,2373437.214404,2373444.921366,7.706962
203,2,2,What is the probability that the weather will be  not normal or not typical on a random day in England?, not normal or not typical,notAornotB,30,2373445.014436,2373451.201094,6.186658
203,2,3,If the weather in England is not typical on a random daywhat is the probability that the weather will also be not normal on the same day?, not normal given not typical,notAgnotB,100,2373451.297791,2373456.137079,4.839289
203,2,4,What is the probability that the weather will be  normal and not typical on a random day in England?, normal and not typical,AandnotB,0,2373456.231145,2373461.280536,5.049391
203,2,5,What is the probability that the weather will be  icy on a random day in England?, icy,A,30,2373461.431163,2373465.905107,4.473943
203,2,6,What is the probability that the weather will be  typical on a random day in England?, typical,B,70,2373465.981202,2373473.120771,7.139569
203,2,7,What is the probability that the weather will be  typical or not normal on a random day in England?, typical or not normal,notAorB,100,2373473.197895,2373481.632380,8.434485
203,2,8,What is the probability that the weather will be  not icy and not frosty on a random day in England?, not icy and not frosty,notAandnotB,70,2373481.697933,2373485.584442,3.886509
203,2,9,If the weather in England is not icy on a random daywhat is the probability that the weather will also be not frosty on the same day?, not frosty given not icy,notBgnotA,70,2373485.731268,2373489.728234,3.996967
203,2,10,What is the probability that the weather will be  not typical on a random day in England?, not typical,notB,0,2373489.897960,2373494.472234,4.574274
203,2,11,If the weather in England is frosty on a random daywhat is the probability that the weather will also be icy on the same day?, icy given frosty,AgB,40,2373494.548001,2373501.599965,7.051964
203,2,12,What is the probability that the weather will be  not frosty on a random day in England?, not frosty,notB,70,2373501.714703,2373505.640018,3.925315
203,2,13,If the weather in England is not normal on a random daywhat is the probability that the weather will also be typical on the same day?, typical given not normal,BgnotA,30,2373505.798029,2373516.375649,10.577620
203,2,14,If the weather in England is normal on a random daywhat is the probability that the weather will also be typical on the same day?, typical given normal,BgA,100,2373516.514775,2373522.559617,6.044841
203,2,15,If the weather in England is icy on a random daywhat is the probability that the weather will also be not frosty on the same day?, not frosty given icy,notBgA,70,2373522.681453,2373530.623539,7.942086
203,2,16,What is the probability that the weather will be  icy or not frosty on a random day in England?, icy or not frosty,AornotB,30,2373530.748182,2373537.159427,6.411245
203,2,17,What is the probability that the weather will be  normal and typical on a random day in England?, normal and typical,AandB,100,2373537.281521,2373542.327105,5.045583
203,2,18,If the weather in England is not frosty on a random daywhat is the probability that the weather will also be icy on the same day?, icy given not frosty,AgnotB,30,2373542.448246,2373551.518945,9.070699
203,2,19,What is the probability that the weather will be  icy and frosty on a random day in England?, icy and frosty,AandB,30,2373551.964916,2373555.726979,3.762064
203,2,20,What is the probability that the weather will be  normal or not typical on a random day in England?, normal or not typical,AornotB,0,2373555.881622,2373560.615039,4.733418
203,2,21,If the weather in England is typical on a random daywhat is the probability that the weather will also be not normal on the same day?, not normal given typical,notAgB,100,2373560.748327,2373571.110554,10.362227
203,2,22,What is the probability that the weather will be  typical and not normal on a random day in England?, typical and not normal,notAandB,0,2373571.331704,2373575.198829,3.867125
203,2,23,What is the probability that the weather will be  frosty on a random day in England?, frosty,B,30,2373575.398397,2373580.750687,5.352289
203,2,24,What is the probability that the weather will be  icy or frosty on a random day in England?, icy or frosty,AorB,30,2373580.948396,2373587.850752,6.902356
203,2,25,What is the probability that the weather will be  normal or typical on a random day in England?, normal or typical,AorB,100,2373588.065125,2373590.998104,2.932979
203,2,26,What is the probability that the weather will be  not normal and not typical on a random day in England?, not normal and not typical,notAandnotB,30,2373591.198469,2373596.038008,4.839539
203,2,27,What is the probability that the weather will be  normal on a random day in England?, normal,A,100,2373596.248484,2373599.246047,2.997563
203,2,28,If the weather in England is frosty on a random daywhat is the probability that the weather will also be not icy on the same day?, not icy given frosty,notAgB,30,2373599.415214,2373606.325867,6.910653
203,2,29,What is the probability that the weather will be  frosty and not icy on a random day in England?, frosty and not icy,notAandB,30,2373606.531881,2373609.509894,2.978013
203,2,30,If the weather in England is typical on a random daywhat is the probability that the weather will also be normal on the same day?, normal given typical,AgB,100,2373609.731877,2373618.437528,8.705651
203,2,31,If the weather in England is not frosty on a random daywhat is the probability that the weather will also be not icy on the same day?, not icy given not frosty,notAgnotB,70,2373618.581943,2373630.845415,12.263472
203,2,32,What is the probability that the weather will be  not icy on a random day in England?, not icy,notA,70,2373631.048656,2373634.549369,3.500713
203,2,33,If the weather in England is not icy on a random daywhat is the probability that the weather will also be frosty on the same day?, frosty given not icy,BgnotA,30,2373634.732012,2373639.197099,4.465087
203,2,34,What is the probability that the weather will be  not icy or not frosty on a random day in England?, not icy or not frosty,notAornotB,70,2373639.365352,2373643.820790,4.455438
203,2,35,If the weather in England is not normal on a random daywhat is the probability that the weather will also be not typical on the same day?, not typical given not normal,notBgnotA,100,2373644.032060,2373649.572886,5.540826
203,2,36,What is the probability that the weather will be  not normal on a random day in England?, not normal,notA,30,2373649.682062,2373655.052766,5.370704
203,2,37,If the weather in England is icy on a random daywhat is the probability that the weather will also be frosty on the same day?, frosty given icy,BgA,30,2373655.282119,2373665.732542,10.450423
203,2,38,What is the probability that the weather will be  icy and not frosty on a random day in England?, icy and not frosty,AandnotB,30,2373665.865491,2373670.252324,4.386833
203,2,39,If the weather in England is not typical on a random daywhat is the probability that the weather will also be normal on the same day?, normal given not typical,AgnotB,0,2373670.482167,2373675.860154,5.377987
203,2,40,What is the probability that the weather will be  frosty or not icy on a random day in England?, frosty or not icy,notAorB,20,2373675.948880,2373685.259774,9.310894
203,3,1,What is the probability that the weather will be  typical on a random day in England?, typical,B,100,2373685.398916,2373689.244285,3.845369
203,3,2,What is the probability that the weather will be  icy and not frosty on a random day in England?, icy and not frosty,AandnotB,20,2373689.332280,2373692.116049,2.783770
203,3,3,If the weather in England is not typical on a random daywhat is the probability that the weather will also be not normal on the same day?, not normal given not typical,notAgnotB,100,2373692.282272,2373697.651894,5.369622
203,3,4,What is the probability that the weather will be  frosty or not icy on a random day in England?, frosty or not icy,notAorB,20,2373697.832312,2373700.619864,2.787552
203,3,5,What is the probability that the weather will be  normal and typical on a random day in England?, normal and typical,AandB,100,2373700.799000,2373704.531721,3.732720
203,3,6,What is the probability that the weather will be  not normal and not typical on a random day in England?, not normal and not typical,notAandnotB,100,2373704.699011,2373707.531626,2.832615
203,3,7,What is the probability that the weather will be  not typical on a random day in England?, not typical,notB,30,2373707.649015,2373712.075514,4.426499
203,3,8,If the weather in England is not frosty on a random daywhat is the probability that the weather will also be icy on the same day?, icy given not frosty,AgnotB,30,2373712.199026,2373718.755422,6.556396
203,3,9,If the weather in England is frosty on a random daywhat is the probability that the weather will also be not icy on the same day?, not icy given frosty,notAgB,30,2373718.949084,2373723.011331,4.062247
203,3,10,What is the probability that the weather will be  typical or not normal on a random day in England?, typical or not normal,notAorB,0,2373723.149100,2373726.950243,3.801143
203,3,11,What is the probability that the weather will be  normal or not typical on a random day in England?, normal or not typical,AornotB,100,2373727.115760,2373732.099115,4.983355
203,3,12,What is the probability that the weather will be  not icy on a random day in England?, not icy,notA,70,2373732.265794,2373736.690821,4.425027
203,3,13,If the weather in England is typical on a random daywhat is the probability that the weather will also be not normal on the same day?, not normal given typical,notAgB,0,2373736.849151,2373742.811203,5.962052
203,3,14,What is the probability that the weather will be  not frosty on a random day in England?, not frosty,notB,70,2373742.899194,2373747.026810,4.127616
203,3,15,If the weather in England is not icy on a random daywhat is the probability that the weather will also be not frosty on the same day?, not frosty given not icy,notBgnotA,30,2373747.182546,2373751.922615,4.740069
203,3,16,If the weather in England is normal on a random daywhat is the probability that the weather will also be typical on the same day?, typical given normal,BgA,100,2373752.082580,2373757.034628,4.952048
203,3,17,What is the probability that the weather will be  not normal or not typical on a random day in England?, not normal or not typical,notAornotB,100,2373757.265916,2373760.778482,3.512566
203,3,18,If the weather in England is normal on a random daywhat is the probability that the weather will also be not typical on the same day?, not typical given normal,notBgA,0,2373760.949287,2373765.090627,4.141341
203,3,19,If the weather in England is frosty on a random daywhat is the probability that the weather will also be icy on the same day?, icy given frosty,AgB,30,2373765.232661,2373773.426259,8.193599
203,3,20,What is the probability that the weather will be  frosty and not icy on a random day in England?, frosty and not icy,notAandB,30,2373773.615995,2373776.162216,2.546221
203,3,21,What is the probability that the weather will be  normal or typical on a random day in England?, normal or typical,AorB,100,2373776.349347,2373779.810160,3.460813
203,3,22,If the weather in England is icy on a random daywhat is the probability that the weather will also be frosty on the same day?, frosty given icy,BgA,30,2373779.949382,2373784.714041,4.764659
203,3,23,If the weather in England is icy on a random daywhat is the probability that the weather will also be not frosty on the same day?, not frosty given icy,notBgA,70,2373784.866065,2373790.267960,5.401895
203,3,24,What is the probability that the weather will be  not normal on a random day in England?, not normal,notA,0,2373790.449404,2373793.562146,3.112742
203,3,25,What is the probability that the weather will be  not icy or not frosty on a random day in England?, not icy or not frosty,notAornotB,70,2373793.749444,2373800.865793,7.116349
203,3,26,If the weather in England is not frosty on a random daywhat is the probability that the weather will also be not icy on the same day?, not icy given not frosty,notAgnotB,70,2373800.982714,2373806.297602,5.314888
203,3,27,If the weather in England is not normal on a random daywhat is the probability that the weather will also be typical on the same day?, typical given not normal,BgnotA,0,2373806.466165,2373810.321616,3.855451
203,3,28,What is the probability that the weather will be  icy on a random day in England?, icy,A,30,2373810.532859,2373815.889977,5.357117
203,3,29,What is the probability that the weather will be  normal on a random day in England?, normal,A,100,2373816.066190,2373818.993613,2.927423
203,3,30,What is the probability that the weather will be  not icy and not frosty on a random day in England?, not icy and not frosty,notAandnotB,70,2373819.149542,2373824.080861,4.931319
203,3,31,What is the probability that the weather will be  icy and frosty on a random day in England?, icy and frosty,AandB,15,2373824.249586,2373834.328993,10.079407
203,3,32,If the weather in England is not normal on a random daywhat is the probability that the weather will also be not typical on the same day?, not typical given not normal,notBgnotA,100,2373834.449642,2373842.264803,7.815161
203,3,33,What is the probability that the weather will be  icy or frosty on a random day in England?, icy or frosty,AorB,30,2373842.366364,2373847.720682,5.354318
203,3,34,What is the probability that the weather will be  frosty on a random day in England?, frosty,B,15,2373847.899702,2373851.328872,3.429170
203,3,35,If the weather in England is typical on a random daywhat is the probability that the weather will also be normal on the same day?, normal given typical,AgB,100,2373851.433050,2373855.504520,4.071469
203,3,36,If the weather in England is not icy on a random daywhat is the probability that the weather will also be frosty on the same day?, frosty given not icy,BgnotA,30,2373855.633063,2373862.223988,6.590925
203,3,37,What is the probability that the weather will be  typical and not normal on a random day in England?, typical and not normal,notAandB,0,2373862.349779,2373866.433903,4.084123
203,3,38,If the weather in England is not typical on a random daywhat is the probability that the weather will also be normal on the same day?, normal given not typical,AgnotB,0,2373866.599802,2373872.456475,5.856672
203,3,39,What is the probability that the weather will be  icy or not frosty on a random day in England?, icy or not frosty,AornotB,45,2373872.633157,2373885.959906,13.326749
203,3,40,What is the probability that the weather will be  normal and not typical on a random day in England?, normal and not typical,AandnotB,0,2373886.083196,2373889.087929,3.004733
