ID,block,trial,query,querydetail,querytype,estimate,starttime,endtime,RT
804,1,1,What is the probability that the weather will be  not icy on a random day in England?, not icy,notA,60,3020254.115252,3020274.800316,20.685064
804,1,2,What is the probability that the weather will be  typical or not normal on a random day in England?, typical or not normal,notAorB,70,3020274.932135,3020295.850049,20.917914
804,1,3,If the weather in England is not icy on a random daywhat is the probability that the weather will also be frosty on the same day?, frosty given not icy,BgnotA,20,3020296.049078,3020304.292004,8.242926
804,1,4,What is the probability that the weather will be  normal and not typical on a random day in England?, normal and not typical,AandnotB,60,3020304.465844,3020310.851902,6.386058
804,1,5,What is the probability that the weather will be  not normal or not typical on a random day in England?, not normal or not typical,notAornotB,15,3020311.032603,3020336.747584,25.714981
804,1,6,What is the probability that the weather will be  not frosty on a random day in England?, not frosty,notB,70,3020336.899622,3020347.131426,10.231804
804,1,7,What is the probability that the weather will be  frosty on a random day in England?, frosty,B,30,3020347.299720,3020352.251315,4.951596
804,1,8,What is the probability that the weather will be  normal or not typical on a random day in England?, normal or not typical,AornotB,50,3020352.433108,3020362.555276,10.122168
804,1,9,If the weather in England is not normal on a random daywhat is the probability that the weather will also be not typical on the same day?, not typical given not normal,notBgnotA,20,3020362.783242,3020383.314901,20.531658
804,1,10,If the weather in England is not frosty on a random daywhat is the probability that the weather will also be icy on the same day?, icy given not frosty,AgnotB,30,3020383.500195,3020387.954944,4.454748
804,1,11,What is the probability that the weather will be  icy or not frosty on a random day in England?, icy or not frosty,AornotB,40,3020388.166872,3020391.698886,3.532015
804,1,12,If the weather in England is not typical on a random daywhat is the probability that the weather will also be not normal on the same day?, not normal given not typical,notAgnotB,90,3020391.900301,3020409.746655,17.846355
804,1,13,If the weather in England is not frosty on a random daywhat is the probability that the weather will also be not icy on the same day?, not icy given not frosty,notAgnotB,90,3020409.900462,3020416.258578,6.358116
804,1,14,What is the probability that the weather will be  frosty or not icy on a random day in England?, frosty or not icy,notAorB,50,3020416.450576,3020421.706427,5.255850
804,1,15,If the weather in England is typical on a random daywhat is the probability that the weather will also be normal on the same day?, normal given typical,AgB,50,3020421.883952,3020426.996370,5.112418
804,1,16,What is the probability that the weather will be  frosty and not icy on a random day in England?, frosty and not icy,notAandB,60,3020427.184038,3020436.650415,9.466377
804,1,17,If the weather in England is normal on a random daywhat is the probability that the weather will also be not typical on the same day?, not typical given normal,notBgA,30,3020436.767462,3020458.202214,21.434752
804,1,18,What is the probability that the weather will be  normal or typical on a random day in England?, normal or typical,AorB,90,3020458.367733,3020468.482037,10.114304
804,1,19,If the weather in England is icy on a random daywhat is the probability that the weather will also be frosty on the same day?, frosty given icy,BgA,100,3020468.617880,3020477.489889,8.872009
804,1,20,What is the probability that the weather will be  typical on a random day in England?, typical,B,20,3020477.617996,3020486.545911,8.927915
804,1,21,If the weather in England is frosty on a random daywhat is the probability that the weather will also be icy on the same day?, icy given frosty,AgB,30,3020486.718109,3020492.489685,5.771576
804,1,22,What is the probability that the weather will be  icy or frosty on a random day in England?, icy or frosty,AorB,20,3020492.634852,3020507.073503,14.438651
804,1,23,What is the probability that the weather will be  typical and not normal on a random day in England?, typical and not normal,notAandB,25,3020507.218362,3020518.449348,11.230986
804,1,24,If the weather in England is typical on a random daywhat is the probability that the weather will also be not normal on the same day?, not normal given typical,notAgB,40,3020518.618492,3020534.553173,15.934681
804,1,25,What is the probability that the weather will be  icy and frosty on a random day in England?, icy and frosty,AandB,90,3020534.718697,3020541.529284,6.810587
804,1,26,If the weather in England is not normal on a random daywhat is the probability that the weather will also be typical on the same day?, typical given not normal,BgnotA,30,3020541.652112,3020552.712949,11.060837
804,1,27,If the weather in England is not icy on a random daywhat is the probability that the weather will also be not frosty on the same day?, not frosty given not icy,notBgnotA,90,3020552.868893,3020561.784856,8.915963
804,1,28,What is the probability that the weather will be  icy on a random day in England?, icy,A,60,3020561.919032,3020568.385108,6.466076
804,1,29,What is the probability that the weather will be  normal and typical on a random day in England?, normal and typical,AandB,100,3020568.519084,3020575.320561,6.801477
804,1,30,What is the probability that the weather will be  not icy or not frosty on a random day in England?, not icy or not frosty,notAornotB,80,3020575.435837,3020582.400491,6.964654
804,1,31,If the weather in England is not typical on a random daywhat is the probability that the weather will also be normal on the same day?, normal given not typical,AgnotB,30,3020582.535962,3020589.792431,7.256469
804,1,32,If the weather in England is frosty on a random daywhat is the probability that the weather will also be not icy on the same day?, not icy given frosty,notAgB,40,3020589.936025,3020591.472450,1.536425
804,1,33,If the weather in England is icy on a random daywhat is the probability that the weather will also be not frosty on the same day?, not frosty given icy,notBgA,20,3020591.636075,3020604.992338,13.356263
804,1,34,What is the probability that the weather will be  not typical on a random day in England?, not typical,notB,40,3020605.169582,3020610.753302,5.583720
804,1,35,What is the probability that the weather will be  not normal and not typical on a random day in England?, not normal and not typical,notAandnotB,100,3020610.902968,3020616.296081,5.393113
804,1,36,What is the probability that the weather will be  not normal on a random day in England?, not normal,notA,20,3020616.436375,3020623.399979,6.963604
804,1,37,What is the probability that the weather will be  normal on a random day in England?, normal,A,90,3020623.536441,3020633.168263,9.631822
804,1,38,What is the probability that the weather will be  not icy and not frosty on a random day in England?, not icy and not frosty,notAandnotB,80,3020633.303254,3020639.631777,6.328523
804,1,39,If the weather in England is normal on a random daywhat is the probability that the weather will also be typical on the same day?, typical given normal,BgA,90,3020639.769992,3020647.879744,8.109752
804,1,40,What is the probability that the weather will be  icy and not frosty on a random day in England?, icy and not frosty,AandnotB,60,3020648.036741,3020656.383738,8.346998
804,2,1,What is the probability that the weather will be  frosty and not icy on a random day in England?, frosty and not icy,notAandB,40,3020656.503531,3020665.495324,8.991792
804,2,2,What is the probability that the weather will be  typical and not normal on a random day in England?, typical and not normal,notAandB,30,3020665.670303,3020687.359073,21.688770
804,2,3,What is the probability that the weather will be  normal or typical on a random day in England?, normal or typical,AorB,50,3020687.553918,3020693.486973,5.933056
804,2,4,If the weather in England is typical on a random daywhat is the probability that the weather will also be normal on the same day?, normal given typical,AgB,40,3020693.670659,3020699.766904,6.096245
804,2,5,If the weather in England is not normal on a random daywhat is the probability that the weather will also be not typical on the same day?, not typical given not normal,notBgnotA,30,3020699.937380,3020705.351049,5.413669
804,2,6,If the weather in England is not icy on a random daywhat is the probability that the weather will also be not frosty on the same day?, not frosty given not icy,notBgnotA,100,3020705.420851,3020715.230837,9.809986
804,2,7,What is the probability that the weather will be  not icy and not frosty on a random day in England?, not icy and not frosty,notAandnotB,80,3020715.337596,3020723.302777,7.965181
804,2,8,What is the probability that the weather will be  normal or not typical on a random day in England?, normal or not typical,AornotB,50,3020723.454351,3020727.846573,4.392222
804,2,9,What is the probability that the weather will be  frosty or not icy on a random day in England?, frosty or not icy,notAorB,40,3020728.021078,3020734.446506,6.425428
804,2,10,What is the probability that the weather will be  normal and typical on a random day in England?, normal and typical,AandB,100,3020734.604495,3020739.678597,5.074102
804,2,11,If the weather in England is not frosty on a random daywhat is the probability that the weather will also be not icy on the same day?, not icy given not frosty,notAgnotB,90,3020739.921232,3020749.094332,9.173099
804,2,12,What is the probability that the weather will be  typical on a random day in England?, typical,B,85,3020749.238008,3020758.822636,9.584628
804,2,13,What is the probability that the weather will be  not normal or not typical on a random day in England?, not normal or not typical,notAornotB,15,3020759.038140,3020764.302137,5.263997
804,2,14,If the weather in England is frosty on a random daywhat is the probability that the weather will also be not icy on the same day?, not icy given frosty,notAgB,30,3020764.471541,3020774.838010,10.366469
804,2,15,What is the probability that the weather will be  not normal on a random day in England?, not normal,notA,15,3020775.021660,3020781.078036,6.056377
804,2,16,What is the probability that the weather will be  not normal and not typical on a random day in England?, not normal and not typical,notAandnotB,100,3020781.255057,3020788.117825,6.862768
804,2,17,If the weather in England is icy on a random daywhat is the probability that the weather will also be frosty on the same day?, frosty given icy,BgA,30,3020788.288476,3020791.157771,2.869295
804,2,18,If the weather in England is icy on a random daywhat is the probability that the weather will also be not frosty on the same day?, not frosty given icy,notBgA,40,3020791.305193,3020792.693968,1.388776
804,2,19,If the weather in England is not typical on a random daywhat is the probability that the weather will also be normal on the same day?, normal given not typical,AgnotB,30,3020792.838520,3020799.189727,6.351207
804,2,20,If the weather in England is normal on a random daywhat is the probability that the weather will also be typical on the same day?, typical given normal,BgA,100,3020799.355270,3020829.533385,30.178115
804,2,21,What is the probability that the weather will be  normal on a random day in England?, normal,A,85,3020829.789001,3020834.598258,4.809257
804,2,22,If the weather in England is not normal on a random daywhat is the probability that the weather will also be typical on the same day?, typical given not normal,BgnotA,30,3020834.739064,3020840.172818,5.433754
804,2,23,What is the probability that the weather will be  not icy on a random day in England?, not icy,notA,20,3020840.372462,3020845.141164,4.768702
804,2,24,What is the probability that the weather will be  not icy or not frosty on a random day in England?, not icy or not frosty,notAornotB,90,3020845.272524,3020860.860938,15.588415
804,2,25,What is the probability that the weather will be  not typical on a random day in England?, not typical,notB,20,3020861.006056,3020864.388880,3.382825
804,2,26,What is the probability that the weather will be  icy or not frosty on a random day in England?, icy or not frosty,AornotB,70,3020864.606076,3020868.780930,4.174854
804,2,27,What is the probability that the weather will be  icy on a random day in England?, icy,A,30,3020868.939487,3020875.069206,6.129719
804,2,28,If the weather in England is not frosty on a random daywhat is the probability that the weather will also be icy on the same day?, icy given not frosty,AgnotB,20,3020875.222897,3020879.316722,4.093825
804,2,29,If the weather in England is normal on a random daywhat is the probability that the weather will also be not typical on the same day?, not typical given normal,notBgA,50,3020879.472926,3020886.140644,6.667718
804,2,30,What is the probability that the weather will be  typical or not normal on a random day in England?, typical or not normal,notAorB,30,3020886.289697,3020892.884542,6.594844
804,2,31,What is the probability that the weather will be  icy and frosty on a random day in England?, icy and frosty,AandB,100,3020893.056428,3020896.764492,3.708064
804,2,32,What is the probability that the weather will be  icy or frosty on a random day in England?, icy or frosty,AorB,50,3020896.939828,3020922.420219,25.480391
804,2,33,If the weather in England is not typical on a random daywhat is the probability that the weather will also be not normal on the same day?, not normal given not typical,notAgnotB,30,3020922.490161,3020926.308258,3.818097
804,2,34,What is the probability that the weather will be  frosty on a random day in England?, frosty,B,70,3020926.422997,3020928.900301,2.477305
804,2,35,If the weather in England is not icy on a random daywhat is the probability that the weather will also be frosty on the same day?, frosty given not icy,BgnotA,20,3020929.056892,3020929.732101,0.675209
804,2,36,What is the probability that the weather will be  not frosty on a random day in England?, not frosty,notB,30,3020929.923552,3020930.449719,0.526167
804,2,37,What is the probability that the weather will be  icy and not frosty on a random day in England?, icy and not frosty,AandnotB,8,3020930.606898,3020931.969185,1.362287
804,2,38,If the weather in England is typical on a random daywhat is the probability that the weather will also be not normal on the same day?, not normal given typical,notAgB,20,3020932.123600,3020943.603945,11.480345
804,2,39,If the weather in England is frosty on a random daywhat is the probability that the weather will also be icy on the same day?, icy given frosty,AgB,100,3020943.773788,3020946.763904,2.990116
804,2,40,What is the probability that the weather will be  normal and not typical on a random day in England?, normal and not typical,AandnotB,20,3020946.907119,3020950.547849,3.640729
804,3,1,If the weather in England is frosty on a random daywhat is the probability that the weather will also be not icy on the same day?, not icy given frosty,notAgB,60,3020950.723811,3020961.428608,10.704797
804,3,2,What is the probability that the weather will be  not frosty on a random day in England?, not frosty,notB,90,3020961.607297,3020966.827648,5.220351
804,3,3,What is the probability that the weather will be  frosty on a random day in England?, frosty,B,40,3020966.957348,3020969.075914,2.118565
804,3,4,If the weather in England is not icy on a random daywhat is the probability that the weather will also be not frosty on the same day?, not frosty given not icy,notBgnotA,5,3020969.224061,3020969.579803,0.355742
804,3,5,What is the probability that the weather will be  typical on a random day in England?, typical,B,90,3020969.774056,3020981.339613,11.565557
804,3,6,If the weather in England is not frosty on a random daywhat is the probability that the weather will also be not icy on the same day?, not icy given not frosty,notAgnotB,90,3020981.457547,3020990.259375,8.801828
804,3,7,What is the probability that the weather will be  not normal on a random day in England?, not normal,notA,1,3020990.390984,3020996.363390,5.972405
804,3,8,What is the probability that the weather will be  normal on a random day in England?, normal,A,90,3020996.524392,3021004.035462,7.511070
804,3,9,If the weather in England is frosty on a random daywhat is the probability that the weather will also be icy on the same day?, icy given frosty,AgB,85,3021004.207822,3021014.635038,10.427216
804,3,10,If the weather in England is typical on a random daywhat is the probability that the weather will also be not normal on the same day?, not normal given typical,notAgB,30,3021014.724604,3021023.866920,9.142316
804,3,11,What is the probability that the weather will be  normal or typical on a random day in England?, normal or typical,AorB,90,3021024.024722,3021030.370855,6.346133
804,3,12,If the weather in England is not normal on a random daywhat is the probability that the weather will also be typical on the same day?, typical given not normal,BgnotA,30,3021030.491486,3021034.770831,4.279345
804,3,13,What is the probability that the weather will be  not icy and not frosty on a random day in England?, not icy and not frosty,notAandnotB,80,3021034.874872,3021039.946738,5.071866
804,3,14,What is the probability that the weather will be  frosty or not icy on a random day in England?, frosty or not icy,notAorB,20,3021040.074897,3021046.834648,6.759751
804,3,15,What is the probability that the weather will be  typical and not normal on a random day in England?, typical and not normal,notAandB,20,3021046.958320,3021063.332187,16.373867
804,3,16,If the weather in England is not normal on a random daywhat is the probability that the weather will also be not typical on the same day?, not typical given not normal,notBgnotA,6,3021063.441887,3021068.594486,5.152599
804,3,17,What is the probability that the weather will be  icy or frosty on a random day in England?, icy or frosty,AorB,90,3021068.758588,3021075.794294,7.035706
804,3,18,What is the probability that the weather will be  frosty and not icy on a random day in England?, frosty and not icy,notAandB,30,3021075.925372,3021080.162299,4.236927
804,3,19,What is the probability that the weather will be  not normal or not typical on a random day in England?, not normal or not typical,notAornotB,90,3021080.292098,3021083.570189,3.278091
804,3,20,What is the probability that the weather will be  icy and not frosty on a random day in England?, icy and not frosty,AandnotB,30,3021083.792130,3021085.994181,2.202051
804,3,21,What is the probability that the weather will be  not icy or not frosty on a random day in England?, not icy or not frosty,notAornotB,70,3021086.142167,3021089.130120,2.987953
804,3,22,If the weather in England is icy on a random daywhat is the probability that the weather will also be frosty on the same day?, frosty given icy,BgA,70,3021089.292187,3021094.050096,4.757909
804,3,23,If the weather in England is typical on a random daywhat is the probability that the weather will also be normal on the same day?, normal given typical,AgB,80,3021094.242272,3021101.090025,6.847753
804,3,24,What is the probability that the weather will be  not normal and not typical on a random day in England?, not normal and not typical,notAandnotB,100,3021101.209019,3021108.665909,7.456890
804,3,25,What is the probability that the weather will be  normal and not typical on a random day in England?, normal and not typical,AandnotB,40,3021108.775783,3021112.449843,3.674059
804,3,26,If the weather in England is normal on a random daywhat is the probability that the weather will also be not typical on the same day?, not typical given normal,notBgA,30,3021112.575812,3021142.281507,29.705695
804,3,27,If the weather in England is not icy on a random daywhat is the probability that the weather will also be frosty on the same day?, frosty given not icy,BgnotA,30,3021142.442859,3021149.753369,7.310509
804,3,28,If the weather in England is normal on a random daywhat is the probability that the weather will also be typical on the same day?, typical given normal,BgA,100,3021149.876273,3021158.913288,9.037014
804,3,29,What is the probability that the weather will be  not typical on a random day in England?, not typical,notB,20,3021159.043068,3021165.321203,6.278134
804,3,30,What is the probability that the weather will be  normal or not typical on a random day in England?, normal or not typical,AornotB,50,3021165.426477,3021169.793187,4.366710
804,3,31,What is the probability that the weather will be  icy or not frosty on a random day in England?, icy or not frosty,AornotB,30,3021169.909865,3021175.169059,5.259194
804,3,32,If the weather in England is icy on a random daywhat is the probability that the weather will also be not frosty on the same day?, not frosty given icy,notBgA,20,3021175.293278,3021183.048992,7.755714
804,3,33,What is the probability that the weather will be  icy and frosty on a random day in England?, icy and frosty,AandB,100,3021183.176662,3021187.800911,4.624248
804,3,34,If the weather in England is not frosty on a random daywhat is the probability that the weather will also be icy on the same day?, icy given not frosty,AgnotB,30,3021187.876731,3021192.088863,4.212132
804,3,35,What is the probability that the weather will be  typical or not normal on a random day in England?, typical or not normal,notAorB,50,3021192.243445,3021196.152832,3.909387
804,3,36,What is the probability that the weather will be  not icy on a random day in England?, not icy,notA,70,3021196.276857,3021202.656745,6.379887
804,3,37,What is the probability that the weather will be  icy on a random day in England?, icy,A,30,3021202.743597,3021205.545059,2.801461
804,3,38,What is the probability that the weather will be  normal and typical on a random day in England?, normal and typical,AandB,100,3021205.643656,3021210.536660,4.893005
804,3,39,If the weather in England is not typical on a random daywhat is the probability that the weather will also be normal on the same day?, normal given not typical,AgnotB,30,3021210.660377,3021216.800551,6.140175
804,3,40,If the weather in England is not typical on a random daywhat is the probability that the weather will also be not normal on the same day?, not normal given not typical,notAgnotB,70,3021216.910455,3021222.856502,5.946047
