ID,block,trial,query,querydetail,querytype,estimate,starttime,endtime,RT
405,1,1,What is the probability that the weather will be  normal or typical on a random day in England?, normal or typical,AorB,45,175462.903412,175473.872055,10.968643
405,1,2,What is the probability that the weather will be  icy or frosty on a random day in England?, icy or frosty,AorB,35,175474.054009,175487.173162,13.119153
405,1,3,What is the probability that the weather will be  typical and not normal on a random day in England?, typical and not normal,notAandB,30,175487.337355,175498.926421,11.589065
405,1,4,If the weather in England is not frosty on a random daywhat is the probability that the weather will also be not icy on the same day?, not icy given not frosty,notAgnotB,90,175499.087289,175518.541884,19.454595
405,1,5,If the weather in England is not normal on a random daywhat is the probability that the weather will also be not typical on the same day?, not typical given not normal,notBgnotA,100,175518.753996,175528.197534,9.443538
405,1,6,What is the probability that the weather will be  normal or not typical on a random day in England?, normal or not typical,AornotB,100,175528.354021,175548.997105,20.643083
405,1,7,If the weather in England is not normal on a random daywhat is the probability that the weather will also be typical on the same day?, typical given not normal,BgnotA,70,175549.204062,175562.092767,12.888705
405,1,8,What is the probability that the weather will be  icy on a random day in England?, icy,A,40,175562.220744,175568.092652,5.871908
405,1,9,If the weather in England is typical on a random daywhat is the probability that the weather will also be normal on the same day?, normal given typical,AgB,100,175568.270744,175576.068490,7.797746
405,1,10,What is the probability that the weather will be  normal and typical on a random day in England?, normal and typical,AandB,100,175576.254084,175597.891950,21.637866
405,1,11,What is the probability that the weather will be  icy and frosty on a random day in England?, icy and frosty,AandB,90,175598.037445,175608.811721,10.774276
405,1,12,What is the probability that the weather will be  not icy on a random day in England?, not icy,notA,70,175609.004170,175631.947135,22.942965
405,1,13,If the weather in England is not frosty on a random daywhat is the probability that the weather will also be icy on the same day?, icy given not frosty,AgnotB,20,175632.120871,175640.234963,8.114092
405,1,14,What is the probability that the weather will be  not typical on a random day in England?, not typical,notB,80,175640.404142,175646.499279,6.095137
405,1,15,If the weather in England is not typical on a random daywhat is the probability that the weather will also be normal on the same day?, normal given not typical,AgnotB,70,175646.670845,175671.642146,24.971302
405,1,16,What is the probability that the weather will be  frosty and not icy on a random day in England?, frosty and not icy,notAandB,20,175671.770882,175678.930010,7.159128
405,1,17,What is the probability that the weather will be  not icy or not frosty on a random day in England?, not icy or not frosty,notAornotB,70,175679.054195,175686.617838,7.563642
405,1,18,What is the probability that the weather will be  not normal or not typical on a random day in England?, not normal or not typical,notAornotB,70,175686.787565,175693.665657,6.878092
405,1,19,If the weather in England is frosty on a random daywhat is the probability that the weather will also be not icy on the same day?, not icy given frosty,notAgB,10,175693.887574,175710.241165,16.353591
405,1,20,If the weather in England is icy on a random daywhat is the probability that the weather will also be not frosty on the same day?, not frosty given icy,notBgA,10,175710.404259,175724.921089,14.516830
405,1,21,What is the probability that the weather will be  not icy and not frosty on a random day in England?, not icy and not frosty,notAandnotB,80,175725.137618,175734.608652,9.471034
405,1,22,If the weather in England is not icy on a random daywhat is the probability that the weather will also be not frosty on the same day?, not frosty given not icy,notBgnotA,90,175734.770942,175753.456222,18.685280
405,1,23,What is the probability that the weather will be  normal on a random day in England?, normal,A,70,175753.587664,175759.648407,6.060743
405,1,24,What is the probability that the weather will be  frosty or not icy on a random day in England?, frosty or not icy,notAorB,30,175759.787664,175769.359768,9.572103
405,1,25,What is the probability that the weather will be  normal and not typical on a random day in England?, normal and not typical,AandnotB,30,175769.571007,175783.415489,13.844482
405,1,26,What is the probability that the weather will be  typical on a random day in England?, typical,B,70,175783.637706,175796.895425,13.257719
405,1,27,What is the probability that the weather will be  icy and not frosty on a random day in England?, icy and not frosty,AandnotB,20,175797.037719,175824.502525,27.464807
405,1,28,What is the probability that the weather will be  not normal and not typical on a random day in England?, not normal and not typical,notAandnotB,40,175824.654424,175827.993740,3.339316
405,1,29,If the weather in England is not typical on a random daywhat is the probability that the weather will also be not normal on the same day?, not normal given not typical,notAgnotB,100,175828.171094,175835.161652,6.990558
405,1,30,If the weather in England is normal on a random daywhat is the probability that the weather will also be typical on the same day?, typical given normal,BgA,100,175835.337739,175842.070327,6.732588
405,1,31,If the weather in England is normal on a random daywhat is the probability that the weather will also be not typical on the same day?, not typical given normal,notBgA,0,175842.237752,175845.874645,3.636892
405,1,32,What is the probability that the weather will be  icy or not frosty on a random day in England?, icy or not frosty,AornotB,30,175846.021108,175857.181872,11.160765
405,1,33,If the weather in England is frosty on a random daywhat is the probability that the weather will also be icy on the same day?, icy given frosty,AgB,30,175857.354437,175863.853475,6.499038
405,1,34,What is the probability that the weather will be  typical or not normal on a random day in England?, typical or not normal,notAorB,40,175864.021140,175865.599476,1.578335
405,1,35,What is the probability that the weather will be  frosty on a random day in England?, frosty,B,30,175865.804469,175871.653527,5.849057
405,1,36,What is the probability that the weather will be  not normal on a random day in England?, not normal,notA,70,175871.804475,175874.981235,3.176760
405,1,37,If the weather in England is typical on a random daywhat is the probability that the weather will also be not normal on the same day?, not normal given typical,notAgB,40,175875.171146,175881.269111,6.097964
405,1,38,What is the probability that the weather will be  not frosty on a random day in England?, not frosty,notB,80,175881.454485,175888.773067,7.318582
405,1,39,If the weather in England is not icy on a random daywhat is the probability that the weather will also be frosty on the same day?, frosty given not icy,BgnotA,40,175888.937831,175894.092783,5.154952
405,1,40,If the weather in England is icy on a random daywhat is the probability that the weather will also be frosty on the same day?, frosty given icy,BgA,30,175894.254483,175895.828728,1.574245
405,2,1,What is the probability that the weather will be  not icy and not frosty on a random day in England?, not icy and not frosty,notAandnotB,80,175896.004495,175901.556586,5.552092
405,2,2,What is the probability that the weather will be  frosty or not icy on a random day in England?, frosty or not icy,notAorB,10,175901.704483,175911.351835,9.647351
405,2,3,If the weather in England is not frosty on a random daywhat is the probability that the weather will also be icy on the same day?, icy given not frosty,AgnotB,20,175911.504535,175913.564180,2.059645
405,2,4,What is the probability that the weather will be  not icy on a random day in England?, not icy,notA,40,175913.771198,175914.956248,1.185051
405,2,5,What is the probability that the weather will be  icy or not frosty on a random day in England?, icy or not frosty,AornotB,10,175915.104539,175919.588011,4.483472
405,2,6,If the weather in England is not typical on a random daywhat is the probability that the weather will also be not normal on the same day?, not normal given not typical,notAgnotB,20,175919.721191,175925.443895,5.722704
405,2,7,What is the probability that the weather will be  not normal on a random day in England?, not normal,notA,60,175925.554547,175932.251824,6.697277
405,2,8,What is the probability that the weather will be  not icy or not frosty on a random day in England?, not icy or not frosty,notAornotB,80,175932.454564,175939.875539,7.420975
405,2,9,What is the probability that the weather will be  icy and frosty on a random day in England?, icy and frosty,AandB,50,175940.054536,175944.267474,4.212938
405,2,10,What is the probability that the weather will be  frosty and not icy on a random day in England?, frosty and not icy,notAandB,30,175944.404571,175945.219438,0.814867
405,2,11,What is the probability that the weather will be  frosty on a random day in England?, frosty,B,40,175945.354580,175950.995700,5.641120
405,2,12,What is the probability that the weather will be  normal and not typical on a random day in England?, normal and not typical,AandnotB,0,175951.137921,175956.147509,5.009588
405,2,13,What is the probability that the weather will be  normal or not typical on a random day in England?, normal or not typical,AornotB,0,175956.304585,175958.822466,2.517881
405,2,14,What is the probability that the weather will be  normal on a random day in England?, normal,A,70,175959.004596,175962.683242,3.678646
405,2,15,What is the probability that the weather will be  icy and not frosty on a random day in England?, icy and not frosty,AandnotB,10,175962.837932,175968.242817,5.404885
405,2,16,If the weather in England is icy on a random daywhat is the probability that the weather will also be not frosty on the same day?, not frosty given icy,notBgA,10,175968.421285,175973.010703,4.589418
405,2,17,What is the probability that the weather will be  normal or typical on a random day in England?, normal or typical,AorB,70,175973.154590,175977.898788,4.744198
405,2,18,What is the probability that the weather will be  typical or not normal on a random day in England?, typical or not normal,notAorB,0,175978.037945,175983.394749,5.356804
405,2,19,If the weather in England is not icy on a random daywhat is the probability that the weather will also be frosty on the same day?, frosty given not icy,BgnotA,40,175983.554628,175984.642475,1.087848
405,2,20,What is the probability that the weather will be  not frosty on a random day in England?, not frosty,notB,80,175984.821275,175991.338421,6.517146
405,2,21,What is the probability that the weather will be  typical and not normal on a random day in England?, typical and not normal,notAandB,30,175991.487893,175994.210238,2.722345
405,2,22,If the weather in England is normal on a random daywhat is the probability that the weather will also be typical on the same day?, typical given normal,BgA,50,175994.354687,175994.962247,0.607560
405,2,23,If the weather in England is not icy on a random daywhat is the probability that the weather will also be not frosty on the same day?, not frosty given not icy,notBgnotA,95,175995.154654,176002.794214,7.639560
405,2,24,If the weather in England is not normal on a random daywhat is the probability that the weather will also be not typical on the same day?, not typical given not normal,notBgnotA,100,176002.937969,176011.929835,8.991866
405,2,25,What is the probability that the weather will be  not typical on a random day in England?, not typical,notB,40,176012.054669,176017.361652,5.306983
405,2,26,If the weather in England is not typical on a random daywhat is the probability that the weather will also be normal on the same day?, normal given not typical,AgnotB,100,176017.504668,176024.193544,6.688876
405,2,27,If the weather in England is normal on a random daywhat is the probability that the weather will also be not typical on the same day?, not typical given normal,notBgA,60,176026.237986,176028.081414,1.843428
405,2,28,What is the probability that the weather will be  normal and typical on a random day in England?, normal and typical,AandB,40,176028.188015,176029.025427,0.837411
405,2,29,If the weather in England is not frosty on a random daywhat is the probability that the weather will also be not icy on the same day?, not icy given not frosty,notAgnotB,55,176029.238014,176031.313366,2.075351
405,2,30,What is the probability that the weather will be  icy or frosty on a random day in England?, icy or frosty,AorB,30,176031.488026,176033.193319,1.705293
405,2,31,If the weather in England is typical on a random daywhat is the probability that the weather will also be normal on the same day?, normal given typical,AgB,20,176033.288028,176036.097245,2.809218
405,2,32,If the weather in England is frosty on a random daywhat is the probability that the weather will also be not icy on the same day?, not icy given frosty,notAgB,50,176036.238008,176043.977047,7.739040
405,2,33,What is the probability that the weather will be  icy on a random day in England?, icy,A,20,176044.204724,176048.033613,3.828889
405,2,34,If the weather in England is not normal on a random daywhat is the probability that the weather will also be typical on the same day?, typical given not normal,BgnotA,0,176048.188043,176054.236300,6.048258
405,2,35,If the weather in England is typical on a random daywhat is the probability that the weather will also be not normal on the same day?, not normal given typical,notAgB,40,176054.404720,176062.384589,7.979869
405,2,36,If the weather in England is icy on a random daywhat is the probability that the weather will also be frosty on the same day?, frosty given icy,BgA,100,176062.554738,176066.488572,3.933834
405,2,37,What is the probability that the weather will be  typical on a random day in England?, typical,B,70,176066.638105,176069.368619,2.730515
405,2,38,If the weather in England is frosty on a random daywhat is the probability that the weather will also be icy on the same day?, icy given frosty,AgB,50,176069.538052,176073.624297,4.086245
405,2,39,What is the probability that the weather will be  not normal or not typical on a random day in England?, not normal or not typical,notAornotB,60,176073.788071,176074.784322,0.996251
405,2,40,What is the probability that the weather will be  not normal and not typical on a random day in England?, not normal and not typical,notAandnotB,30,176074.938074,176075.832266,0.894192
405,3,1,What is the probability that the weather will be  typical and not normal on a random day in England?, typical and not normal,notAandB,10,176076.021392,176089.959509,13.938117
405,3,2,What is the probability that the weather will be  frosty and not icy on a random day in England?, frosty and not icy,notAandB,20,176090.138073,176094.935797,4.797724
405,3,3,What is the probability that the weather will be  normal or not typical on a random day in England?, normal or not typical,AornotB,20,176095.104770,176098.831732,3.726962
405,3,4,If the weather in England is frosty on a random daywhat is the probability that the weather will also be icy on the same day?, icy given frosty,AgB,20,176098.988113,176104.999560,6.011447
405,3,5,What is the probability that the weather will be  typical on a random day in England?, typical,B,20,176105.188111,176108.399630,3.211518
405,3,6,If the weather in England is typical on a random daywhat is the probability that the weather will also be not normal on the same day?, not normal given typical,notAgB,20,176108.588127,176113.487361,4.899234
405,3,7,What is the probability that the weather will be  icy and frosty on a random day in England?, icy and frosty,AandB,20,176113.688124,176115.927302,2.239178
405,3,8,What is the probability that the weather will be  normal or typical on a random day in England?, normal or typical,AorB,70,176116.104804,176119.031224,2.926419
405,3,9,If the weather in England is not frosty on a random daywhat is the probability that the weather will also be not icy on the same day?, not icy given not frosty,notAgnotB,100,176119.221468,176131.846900,12.625432
405,3,10,If the weather in England is not normal on a random daywhat is the probability that the weather will also be not typical on the same day?, not typical given not normal,notBgnotA,100,176131.988134,176134.638858,2.650724
405,3,11,What is the probability that the weather will be  icy or not frosty on a random day in England?, icy or not frosty,AornotB,30,176134.771471,176141.638612,6.867142
405,3,12,What is the probability that the weather will be  not icy or not frosty on a random day in England?, not icy or not frosty,notAornotB,80,176141.838164,176149.926465,8.088300
405,3,13,What is the probability that the weather will be  frosty on a random day in England?, frosty,B,20,176150.071508,176159.982837,9.911329
405,3,14,If the weather in England is not typical on a random daywhat is the probability that the weather will also be normal on the same day?, normal given not typical,AgnotB,10,176160.171497,176163.414192,3.242695
405,3,15,If the weather in England is icy on a random daywhat is the probability that the weather will also be not frosty on the same day?, not frosty given icy,notBgA,20,176163.588201,176166.719931,3.131730
405,3,16,What is the probability that the weather will be  normal and typical on a random day in England?, normal and typical,AandB,70,176166.904865,176169.249276,2.344410
405,3,17,If the weather in England is icy on a random daywhat is the probability that the weather will also be frosty on the same day?, frosty given icy,BgA,90,176169.388206,176176.093829,6.705624
405,3,18,What is the probability that the weather will be  icy or frosty on a random day in England?, icy or frosty,AorB,20,176176.254885,176178.933812,2.678927
405,3,19,What is the probability that the weather will be  not icy and not frosty on a random day in England?, not icy and not frosty,notAandnotB,70,176179.071532,176185.813620,6.742088
405,3,20,What is the probability that the weather will be  not typical on a random day in England?, not typical,notB,40,176185.938205,176190.693479,4.755274
405,3,21,If the weather in England is not normal on a random daywhat is the probability that the weather will also be typical on the same day?, typical given not normal,BgnotA,50,176190.854896,176197.624714,6.769818
405,3,22,What is the probability that the weather will be  icy and not frosty on a random day in England?, icy and not frosty,AandnotB,80,176197.804894,176203.221183,5.416289
405,3,23,If the weather in England is normal on a random daywhat is the probability that the weather will also be not typical on the same day?, not typical given normal,notBgA,70,176203.338234,176209.413112,6.074878
405,3,24,What is the probability that the weather will be  normal on a random day in England?, normal,A,30,176209.638295,176210.429299,0.791003
405,3,25,What is the probability that the weather will be  not normal on a random day in England?, not normal,notA,50,176210.621587,176211.661021,1.039434
405,3,26,If the weather in England is not frosty on a random daywhat is the probability that the weather will also be icy on the same day?, icy given not frosty,AgnotB,40,176211.821563,176212.573005,0.751443
405,3,27,What is the probability that the weather will be  icy on a random day in England?, icy,A,30,176212.738258,176213.845119,1.106861
405,3,28,If the weather in England is typical on a random daywhat is the probability that the weather will also be normal on the same day?, normal given typical,AgB,20,176214.021503,176214.772960,0.751457
405,3,29,If the weather in England is not typical on a random daywhat is the probability that the weather will also be not normal on the same day?, not normal given not typical,notAgnotB,30,176214.954936,176221.620817,6.665881
405,3,30,What is the probability that the weather will be  normal and not typical on a random day in England?, normal and not typical,AandnotB,0,176221.754916,176225.044977,3.290060
405,3,31,If the weather in England is normal on a random daywhat is the probability that the weather will also be typical on the same day?, typical given normal,BgA,40,176225.188278,176232.308516,7.120238
405,3,32,If the weather in England is not icy on a random daywhat is the probability that the weather will also be frosty on the same day?, frosty given not icy,BgnotA,50,176232.488283,176233.876489,1.388206
405,3,33,What is the probability that the weather will be  frosty or not icy on a random day in England?, frosty or not icy,notAorB,20,176234.054932,176235.060439,1.005507
405,3,34,What is the probability that the weather will be  typical or not normal on a random day in England?, typical or not normal,notAorB,40,176235.238280,176236.172419,0.934138
405,3,35,If the weather in England is not icy on a random daywhat is the probability that the weather will also be not frosty on the same day?, not frosty given not icy,notBgnotA,50,176236.371634,176237.420382,1.048747
405,3,36,What is the probability that the weather will be  not normal or not typical on a random day in England?, not normal or not typical,notAornotB,70,176237.604956,176239.724336,2.119381
405,3,37,If the weather in England is frosty on a random daywhat is the probability that the weather will also be not icy on the same day?, not icy given frosty,notAgB,40,176239.954962,176240.908315,0.953353
405,3,38,What is the probability that the weather will be  not normal and not typical on a random day in England?, not normal and not typical,notAandnotB,80,176241.071608,176243.052255,1.980647
405,3,39,What is the probability that the weather will be  not icy on a random day in England?, not icy,notA,90,176243.254940,176245.340255,2.085316
405,3,40,What is the probability that the weather will be  not frosty on a random day in England?, not frosty,notB,20,176245.504971,176248.404152,2.899181
