ID,block,trial,query,querydetail,querytype,estimate,starttime,endtime,RT
403,1,1,If the weather in England is not typical on a random daywhat is the probability that the weather will also be not normal on the same day?, not normal given not typical,notAgnotB,50,2453957.808049,2454006.863614,49.055565
403,1,2,What is the probability that the weather will be  normal and not typical on a random day in England?, normal and not typical,AandnotB,50,2454006.974969,2454018.200824,11.225855
403,1,3,What is the probability that the weather will be  frosty and not icy on a random day in England?, frosty and not icy,notAandB,50,2454018.341691,2454037.858724,19.517032
403,1,4,What is the probability that the weather will be  not normal on a random day in England?, not normal,notA,50,2454038.008469,2454049.130367,11.121898
403,1,5,If the weather in England is icy on a random daywhat is the probability that the weather will also be not frosty on the same day?, not frosty given icy,notBgA,50,2454049.291844,2454057.466209,8.174364
403,1,6,What is the probability that the weather will be  not typical on a random day in England?, not typical,notB,50,2454057.641915,2454068.458017,10.816101
403,1,7,What is the probability that the weather will be  icy or not frosty on a random day in England?, icy or not frosty,AornotB,50,2454068.658602,2454072.843004,4.184402
403,1,8,What is the probability that the weather will be  not icy and not frosty on a random day in England?, not icy and not frosty,notAandnotB,75,2454073.058612,2454088.089557,15.030945
403,1,9,What is the probability that the weather will be  icy and not frosty on a random day in England?, icy and not frosty,AandnotB,75,2454088.292019,2454092.513433,4.221414
403,1,10,What is the probability that the weather will be  not icy on a random day in England?, not icy,notA,50,2454092.725405,2454098.545398,5.819993
403,1,11,If the weather in England is not icy on a random daywhat is the probability that the weather will also be not frosty on the same day?, not frosty given not icy,notBgnotA,60,2454098.775434,2454109.344834,10.569400
403,1,12,If the weather in England is not normal on a random daywhat is the probability that the weather will also be not typical on the same day?, not typical given not normal,notBgnotA,60,2454109.525492,2454116.465042,6.939550
403,1,13,What is the probability that the weather will be  normal and typical on a random day in England?, normal and typical,AandB,35,2454116.658825,2454129.192766,12.533941
403,1,14,What is the probability that the weather will be  not normal and not typical on a random day in England?, not normal and not typical,notAandnotB,50,2454129.342244,2454136.480212,7.137968
403,1,15,What is the probability that the weather will be  frosty on a random day in England?, frosty,B,50,2454136.692281,2454141.936789,5.244508
403,1,16,If the weather in England is not normal on a random daywhat is the probability that the weather will also be typical on the same day?, typical given not normal,BgnotA,50,2454142.158952,2454146.864380,4.705428
403,1,17,If the weather in England is icy on a random daywhat is the probability that the weather will also be frosty on the same day?, frosty given icy,BgA,50,2454147.075667,2454151.800364,4.724697
403,1,18,What is the probability that the weather will be  normal on a random day in England?, normal,A,50,2454152.042363,2454155.832282,3.789919
403,1,19,If the weather in England is normal on a random daywhat is the probability that the weather will also be not typical on the same day?, not typical given normal,notBgA,50,2454156.075708,2454161.753175,5.677467
403,1,20,If the weather in England is not frosty on a random daywhat is the probability that the weather will also be not icy on the same day?, not icy given not frosty,notAgnotB,35,2454161.909068,2454165.288032,3.378963
403,1,21,What is the probability that the weather will be  not icy or not frosty on a random day in England?, not icy or not frosty,notAornotB,35,2454165.459088,2454167.103938,1.644850
403,1,22,If the weather in England is not frosty on a random daywhat is the probability that the weather will also be icy on the same day?, icy given not frosty,AgnotB,35,2454167.275770,2454172.591857,5.316087
403,1,23,What is the probability that the weather will be  icy or frosty on a random day in England?, icy or frosty,AorB,50,2454172.759125,2454179.783636,7.024512
403,1,24,If the weather in England is typical on a random daywhat is the probability that the weather will also be normal on the same day?, normal given typical,AgB,50,2454180.009159,2454184.479605,4.470445
403,1,25,What is the probability that the weather will be  not frosty on a random day in England?, not frosty,notB,50,2454184.659177,2454191.375413,6.716235
403,1,26,If the weather in England is typical on a random daywhat is the probability that the weather will also be not normal on the same day?, not normal given typical,notAgB,50,2454191.559223,2454196.583331,5.024108
403,1,27,What is the probability that the weather will be  icy and frosty on a random day in England?, icy and frosty,AandB,35,2454196.792580,2454201.543141,4.750560
403,1,28,If the weather in England is frosty on a random daywhat is the probability that the weather will also be not icy on the same day?, not icy given frosty,notAgB,35,2454201.742602,2454208.671072,6.928470
403,1,29,What is the probability that the weather will be  icy on a random day in England?, icy,A,35,2454208.825978,2454212.991239,4.165261
403,1,30,What is the probability that the weather will be  normal or typical on a random day in England?, normal or typical,AorB,50,2454213.109319,2454217.974690,4.865371
403,1,31,What is the probability that the weather will be  frosty or not icy on a random day in England?, frosty or not icy,notAorB,50,2454218.176016,2454222.086719,3.910703
403,1,32,What is the probability that the weather will be  not normal or not typical on a random day in England?, not normal or not typical,notAornotB,35,2454222.259370,2454226.614648,4.355278
403,1,33,What is the probability that the weather will be  typical on a random day in England?, typical,B,40,2454226.692721,2454230.894925,4.202204
403,1,34,If the weather in England is normal on a random daywhat is the probability that the weather will also be typical on the same day?, typical given normal,BgA,35,2454231.026077,2454235.094394,4.068317
403,1,35,What is the probability that the weather will be  typical and not normal on a random day in England?, typical and not normal,notAandB,10,2454235.276079,2454240.238293,4.962214
403,1,36,What is the probability that the weather will be  typical or not normal on a random day in England?, typical or not normal,notAorB,35,2454240.442796,2454243.470265,3.027469
403,1,37,If the weather in England is not typical on a random daywhat is the probability that the weather will also be normal on the same day?, normal given not typical,AgnotB,35,2454243.642782,2454246.966143,3.323361
403,1,38,If the weather in England is frosty on a random daywhat is the probability that the weather will also be icy on the same day?, icy given frosty,AgB,90,2454247.142799,2454252.310031,5.167232
403,1,39,If the weather in England is not icy on a random daywhat is the probability that the weather will also be frosty on the same day?, frosty given not icy,BgnotA,90,2454252.492856,2454255.333974,2.841118
403,1,40,What is the probability that the weather will be  normal or not typical on a random day in England?, normal or not typical,AornotB,50,2454255.576170,2454259.909941,4.333771
403,2,1,If the weather in England is frosty on a random daywhat is the probability that the weather will also be icy on the same day?, icy given frosty,AgB,35,2454260.126202,2454263.925811,3.799609
403,2,2,If the weather in England is not normal on a random daywhat is the probability that the weather will also be not typical on the same day?, not typical given not normal,notBgnotA,35,2454264.076221,2454267.381724,3.305502
403,2,3,If the weather in England is normal on a random daywhat is the probability that the weather will also be typical on the same day?, typical given normal,BgA,70,2454267.526234,2454272.701614,5.175380
403,2,4,What is the probability that the weather will be  not normal and not typical on a random day in England?, not normal and not typical,notAandnotB,50,2454272.859591,2454276.685551,3.825959
403,2,5,What is the probability that the weather will be  frosty or not icy on a random day in England?, frosty or not icy,notAorB,50,2454276.876299,2454281.221434,4.345135
403,2,6,If the weather in England is typical on a random daywhat is the probability that the weather will also be not normal on the same day?, not normal given typical,notAgB,50,2454281.443003,2454286.805340,5.362337
403,2,7,What is the probability that the weather will be  icy or frosty on a random day in England?, icy or frosty,AorB,50,2454287.009691,2454291.861279,4.851588
403,2,8,If the weather in England is not typical on a random daywhat is the probability that the weather will also be not normal on the same day?, not normal given not typical,notAgnotB,50,2454292.093038,2454297.333139,5.240102
403,2,9,What is the probability that the weather will be  not frosty on a random day in England?, not frosty,notB,35,2454297.459739,2454302.981035,5.521296
403,2,10,If the weather in England is normal on a random daywhat is the probability that the weather will also be not typical on the same day?, not typical given normal,notBgA,50,2454303.159748,2454307.468761,4.309013
403,2,11,What is the probability that the weather will be  not typical on a random day in England?, not typical,notB,50,2454307.626437,2454312.948671,5.322235
403,2,12,If the weather in England is typical on a random daywhat is the probability that the weather will also be normal on the same day?, normal given typical,AgB,35,2454313.093145,2454317.012556,3.919410
403,2,13,If the weather in England is icy on a random daywhat is the probability that the weather will also be frosty on the same day?, frosty given icy,BgA,50,2454317.176481,2454321.436482,4.260001
403,2,14,What is the probability that the weather will be  not normal or not typical on a random day in England?, not normal or not typical,notAornotB,35,2454321.609834,2454324.492429,2.882594
403,2,15,What is the probability that the weather will be  normal or typical on a random day in England?, normal or typical,AorB,35,2454324.693210,2454328.268366,3.575157
403,2,16,What is the probability that the weather will be  typical or not normal on a random day in England?, typical or not normal,notAorB,50,2454328.426536,2454332.644261,4.217725
403,2,17,If the weather in England is not icy on a random daywhat is the probability that the weather will also be frosty on the same day?, frosty given not icy,BgnotA,35,2454332.759897,2454335.540220,2.780322
403,2,18,What is the probability that the weather will be  normal on a random day in England?, normal,A,50,2454335.659922,2454337.652556,1.992634
403,2,19,What is the probability that the weather will be  not normal on a random day in England?, not normal,notA,50,2454337.793273,2454340.285122,2.491849
403,2,20,If the weather in England is frosty on a random daywhat is the probability that the weather will also be not icy on the same day?, not icy given frosty,notAgB,50,2454340.426602,2454345.580002,5.153400
403,2,21,If the weather in England is icy on a random daywhat is the probability that the weather will also be not frosty on the same day?, not frosty given icy,notBgA,40,2454345.709983,2454349.611939,3.901956
403,2,22,What is the probability that the weather will be  typical on a random day in England?, typical,B,50,2454349.743330,2454356.883926,7.140596
403,2,23,What is the probability that the weather will be  normal or not typical on a random day in England?, normal or not typical,AornotB,50,2454357.026708,2454359.891648,2.864939
403,2,24,What is the probability that the weather will be  normal and typical on a random day in England?, normal and typical,AandB,40,2454360.010040,2454362.723670,2.713630
403,2,25,What is the probability that the weather will be  icy on a random day in England?, icy,A,40,2454362.860049,2454365.636081,2.776032
403,2,26,If the weather in England is not frosty on a random daywhat is the probability that the weather will also be icy on the same day?, icy given not frosty,AgnotB,40,2454365.826749,2454369.492316,3.665567
403,2,27,What is the probability that the weather will be  frosty and not icy on a random day in England?, frosty and not icy,notAandB,50,2454369.643409,2454372.491367,2.847958
403,2,28,What is the probability that the weather will be  frosty on a random day in England?, frosty,B,50,2454372.660107,2454376.171456,3.511350
403,2,29,What is the probability that the weather will be  not icy or not frosty on a random day in England?, not icy or not frosty,notAornotB,40,2454376.326770,2454380.539261,4.212491
403,2,30,If the weather in England is not normal on a random daywhat is the probability that the weather will also be typical on the same day?, typical given not normal,BgnotA,70,2454380.693485,2454385.547150,4.853665
403,2,31,What is the probability that the weather will be  icy or not frosty on a random day in England?, icy or not frosty,AornotB,50,2454385.710174,2454389.907000,4.196826
403,2,32,What is the probability that the weather will be  not icy on a random day in England?, not icy,notA,50,2454390.160176,2454393.570954,3.410779
403,2,33,What is the probability that the weather will be  not icy and not frosty on a random day in England?, not icy and not frosty,notAandnotB,30,2454393.726880,2454396.994900,3.268020
403,2,34,What is the probability that the weather will be  icy and not frosty on a random day in England?, icy and not frosty,AandnotB,40,2454397.176903,2454400.714806,3.537904
403,2,35,If the weather in England is not typical on a random daywhat is the probability that the weather will also be normal on the same day?, normal given not typical,AgnotB,40,2454400.876902,2454404.778738,3.901835
403,2,36,If the weather in England is not frosty on a random daywhat is the probability that the weather will also be not icy on the same day?, not icy given not frosty,notAgnotB,50,2454404.926914,2454408.618657,3.691743
403,2,37,What is the probability that the weather will be  normal and not typical on a random day in England?, normal and not typical,AandnotB,40,2454408.743618,2454412.658589,3.914971
403,2,38,If the weather in England is not icy on a random daywhat is the probability that the weather will also be not frosty on the same day?, not frosty given not icy,notBgnotA,45,2454412.793642,2454417.258499,4.464857
403,2,39,What is the probability that the weather will be  typical and not normal on a random day in England?, typical and not normal,notAandB,40,2454417.376980,2454422.466383,5.089403
403,2,40,What is the probability that the weather will be  icy and frosty on a random day in England?, icy and frosty,AandB,50,2454422.577029,2454426.698281,4.121252
403,3,1,What is the probability that the weather will be  icy or not frosty on a random day in England?, icy or not frosty,AornotB,50,2454426.843684,2454430.450209,3.606525
403,3,2,If the weather in England is not icy on a random daywhat is the probability that the weather will also be not frosty on the same day?, not frosty given not icy,notBgnotA,50,2454430.577062,2454434.834125,4.257062
403,3,3,What is the probability that the weather will be  frosty or not icy on a random day in England?, frosty or not icy,notAorB,50,2454434.960420,2454440.233987,5.273567
403,3,4,If the weather in England is not frosty on a random daywhat is the probability that the weather will also be icy on the same day?, icy given not frosty,AgnotB,50,2454440.393788,2454443.945877,3.552089
403,3,5,What is the probability that the weather will be  normal or not typical on a random day in England?, normal or not typical,AornotB,50,2454444.077104,2454448.073832,3.996728
403,3,6,What is the probability that the weather will be  icy and not frosty on a random day in England?, icy and not frosty,AandnotB,50,2454448.210476,2454453.577728,5.367252
403,3,7,What is the probability that the weather will be  normal and not typical on a random day in England?, normal and not typical,AandnotB,45,2454453.677161,2454457.921653,4.244492
403,3,8,What is the probability that the weather will be  typical on a random day in England?, typical,B,50,2454458.077196,2454463.929760,5.852564
403,3,9,If the weather in England is frosty on a random daywhat is the probability that the weather will also be icy on the same day?, icy given frosty,AgB,40,2454464.127203,2454468.217529,4.090326
403,3,10,If the weather in England is not icy on a random daywhat is the probability that the weather will also be frosty on the same day?, frosty given not icy,BgnotA,50,2454468.360632,2454471.705330,3.344699
403,3,11,What is the probability that the weather will be  icy or frosty on a random day in England?, icy or frosty,AorB,50,2454471.877269,2454475.377231,3.499962
403,3,12,What is the probability that the weather will be  frosty on a random day in England?, frosty,B,40,2454475.527335,2454479.177427,3.650092
403,3,13,What is the probability that the weather will be  icy and frosty on a random day in England?, icy and frosty,AandB,50,2454479.327304,2454483.001123,3.673820
403,3,14,What is the probability that the weather will be  not typical on a random day in England?, not typical,notB,40,2454483.177329,2454486.377035,3.199706
403,3,15,What is the probability that the weather will be  normal on a random day in England?, normal,A,40,2454486.544005,2454489.681165,3.137160
403,3,16,If the weather in England is not normal on a random daywhat is the probability that the weather will also be not typical on the same day?, not typical given not normal,notBgnotA,50,2454489.860697,2454492.520902,2.660205
403,3,17,If the weather in England is normal on a random daywhat is the probability that the weather will also be typical on the same day?, typical given normal,BgA,50,2454492.677370,2454496.512832,3.835463
403,3,18,What is the probability that the weather will be  not icy or not frosty on a random day in England?, not icy or not frosty,notAornotB,50,2454496.660694,2454500.168755,3.508061
403,3,19,If the weather in England is normal on a random daywhat is the probability that the weather will also be not typical on the same day?, not typical given normal,notBgA,50,2454500.310741,2454503.144648,2.833907
403,3,20,If the weather in England is not normal on a random daywhat is the probability that the weather will also be typical on the same day?, typical given not normal,BgnotA,50,2454503.294088,2454507.784560,4.490472
403,3,21,What is the probability that the weather will be  typical and not normal on a random day in England?, typical and not normal,notAandB,45,2454507.927444,2454511.352481,3.425037
403,3,22,What is the probability that the weather will be  not frosty on a random day in England?, not frosty,notB,40,2454511.494130,2454515.104414,3.610284
403,3,23,What is the probability that the weather will be  not normal on a random day in England?, not normal,notA,40,2454515.227464,2454518.624323,3.396859
403,3,24,What is the probability that the weather will be  not normal or not typical on a random day in England?, not normal or not typical,notAornotB,40,2454518.760834,2454524.008228,5.247393
403,3,25,What is the probability that the weather will be  normal or typical on a random day in England?, normal or typical,AorB,40,2454524.127538,2454528.856875,4.729337
403,3,26,If the weather in England is icy on a random daywhat is the probability that the weather will also be not frosty on the same day?, not frosty given icy,notBgA,50,2454528.960884,2454533.640035,4.679151
403,3,27,If the weather in England is not typical on a random daywhat is the probability that the weather will also be not normal on the same day?, not normal given not typical,notAgnotB,50,2454533.827576,2454537.840086,4.012510
403,3,28,What is the probability that the weather will be  not normal and not typical on a random day in England?, not normal and not typical,notAandnotB,35,2454537.944240,2454545.295871,7.351631
403,3,29,If the weather in England is typical on a random daywhat is the probability that the weather will also be not normal on the same day?, not normal given typical,notAgB,70,2454545.494276,2454552.623692,7.129416
403,3,30,If the weather in England is icy on a random daywhat is the probability that the weather will also be frosty on the same day?, frosty given icy,BgA,75,2454552.794338,2454559.159537,6.365198
403,3,31,What is the probability that the weather will be  typical or not normal on a random day in England?, typical or not normal,notAorB,50,2454559.327717,2454565.799391,6.471674
403,3,32,What is the probability that the weather will be  icy on a random day in England?, icy,A,50,2454565.994399,2454573.799560,7.805161
403,3,33,What is the probability that the weather will be  not icy and not frosty on a random day in England?, not icy and not frosty,notAandnotB,25,2454573.977764,2454580.191028,6.213264
403,3,34,What is the probability that the weather will be  not icy on a random day in England?, not icy,notA,25,2454580.394451,2454584.950947,4.556495
403,3,35,What is the probability that the weather will be  normal and typical on a random day in England?, normal and typical,AandB,75,2454585.127799,2454590.278833,5.151034
403,3,36,If the weather in England is not frosty on a random daywhat is the probability that the weather will also be not icy on the same day?, not icy given not frosty,notAgnotB,50,2454590.444517,2454596.382327,5.937810
403,3,37,If the weather in England is not typical on a random daywhat is the probability that the weather will also be normal on the same day?, normal given not typical,AgnotB,25,2454596.511231,2454606.022537,9.511306
403,3,38,If the weather in England is typical on a random daywhat is the probability that the weather will also be normal on the same day?, normal given typical,AgB,25,2454606.177936,2454613.718372,7.540437
403,3,39,If the weather in England is frosty on a random daywhat is the probability that the weather will also be not icy on the same day?, not icy given frosty,notAgB,75,2454613.877941,2454621.990170,8.112229
403,3,40,What is the probability that the weather will be  frosty and not icy on a random day in England?, frosty and not icy,notAandB,25,2454622.161359,2454629.054037,6.892678
