ID,block,trial,query,querydetail,querytype,estimate,starttime,endtime,RT
702,1,1,If the weather in England is typical on a random daywhat is the probability that the weather will also be not normal on the same day?, not normal given typical,notAgB,25,2937661.562208,2937680.186873,18.624665
702,1,2,If the weather in England is not normal on a random daywhat is the probability that the weather will also be typical on the same day?, typical given not normal,BgnotA,75,2937680.345602,2937689.241321,8.895719
702,1,3,What is the probability that the weather will be  not typical on a random day in England?, not typical,notB,50,2937689.428923,2937699.538876,10.109953
702,1,4,What is the probability that the weather will be  icy on a random day in England?, icy,A,40,2937699.695516,2937704.755648,5.060132
702,1,5,If the weather in England is frosty on a random daywhat is the probability that the weather will also be not icy on the same day?, not icy given frosty,notAgB,5,2937704.928866,2937715.414973,10.486107
702,1,6,If the weather in England is typical on a random daywhat is the probability that the weather will also be normal on the same day?, normal given typical,AgB,80,2937715.578853,2937722.457694,6.878841
702,1,7,If the weather in England is normal on a random daywhat is the probability that the weather will also be not typical on the same day?, not typical given normal,notBgA,40,2937722.628887,2937737.273961,14.645074
702,1,8,What is the probability that the weather will be  typical and not normal on a random day in England?, typical and not normal,notAandB,35,2937737.445528,2937744.521631,7.076104
702,1,9,What is the probability that the weather will be  not normal on a random day in England?, not normal,notA,40,2937744.712126,2937754.745407,10.033281
702,1,10,What is the probability that the weather will be  icy or not frosty on a random day in England?, icy or not frosty,AornotB,30,2937754.912165,2937762.689174,7.777009
702,1,11,What is the probability that the weather will be  icy or frosty on a random day in England?, icy or frosty,AorB,65,2937762.828814,2937770.673081,7.844267
702,1,12,If the weather in England is not frosty on a random daywhat is the probability that the weather will also be icy on the same day?, icy given not frosty,AgnotB,15,2937770.828804,2937779.320750,8.491946
702,1,13,What is the probability that the weather will be  normal or typical on a random day in England?, normal or typical,AorB,90,2937779.462138,2937783.040730,3.578592
702,1,14,What is the probability that the weather will be  icy and not frosty on a random day in England?, icy and not frosty,AandnotB,10,2937783.178793,2937789.024504,5.845711
702,1,15,What is the probability that the weather will be  normal and typical on a random day in England?, normal and typical,AandB,90,2937789.162091,2937793.296027,4.133935
702,1,16,If the weather in England is not icy on a random daywhat is the probability that the weather will also be not frosty on the same day?, not frosty given not icy,notBgnotA,80,2937793.412128,2937798.848349,5.436220
702,1,17,What is the probability that the weather will be  normal or not typical on a random day in England?, normal or not typical,AornotB,60,2937798.978770,2937805.288442,6.309672
702,1,18,If the weather in England is not typical on a random daywhat is the probability that the weather will also be not normal on the same day?, not normal given not typical,notAgnotB,80,2937805.395431,2937810.840067,5.444636
702,1,19,What is the probability that the weather will be  typical on a random day in England?, typical,B,80,2937810.978763,2937814.872151,3.893387
702,1,20,What is the probability that the weather will be  frosty or not icy on a random day in England?, frosty or not icy,notAorB,30,2937814.995395,2937819.959862,4.964467
702,1,21,What is the probability that the weather will be  frosty on a random day in England?, frosty,B,39,2937820.095413,2937827.687890,7.592478
702,1,22,What is the probability that the weather will be  frosty and not icy on a random day in England?, frosty and not icy,notAandB,45,2937827.845408,2937847.559237,19.713829
702,1,23,What is the probability that the weather will be  not icy on a random day in England?, not icy,notA,50,2937847.712064,2937851.399045,3.686981
702,1,24,What is the probability that the weather will be  icy and frosty on a random day in England?, icy and frosty,AandB,45,2937851.578698,2937854.695041,3.116342
702,1,25,What is the probability that the weather will be  not normal or not typical on a random day in England?, not normal or not typical,notAornotB,10,2937854.878689,2937859.998990,5.120301
702,1,26,What is the probability that the weather will be  not normal and not typical on a random day in England?, not normal and not typical,notAandnotB,20,2937860.145387,2937866.526769,6.381382
702,1,27,If the weather in England is icy on a random daywhat is the probability that the weather will also be frosty on the same day?, frosty given icy,BgA,85,2937866.662044,2937871.366579,4.704536
702,1,28,What is the probability that the weather will be  not icy or not frosty on a random day in England?, not icy or not frosty,notAornotB,60,2937871.512041,2937876.670840,5.158799
702,1,29,If the weather in England is not normal on a random daywhat is the probability that the weather will also be not typical on the same day?, not typical given not normal,notBgnotA,80,2937876.828694,2937883.438297,6.609603
702,1,30,What is the probability that the weather will be  not icy and not frosty on a random day in England?, not icy and not frosty,notAandnotB,80,2937883.578670,2937889.054359,5.475689
702,1,31,What is the probability that the weather will be  typical or not normal on a random day in England?, typical or not normal,notAorB,70,2937889.162021,2937896.998885,7.836864
702,1,32,If the weather in England is not icy on a random daywhat is the probability that the weather will also be frosty on the same day?, frosty given not icy,BgnotA,30,2937897.128692,2937903.013807,5.885115
702,1,33,What is the probability that the weather will be  normal and not typical on a random day in England?, normal and not typical,AandnotB,40,2937903.145341,2937908.549860,5.404520
702,1,34,If the weather in England is icy on a random daywhat is the probability that the weather will also be not frosty on the same day?, not frosty given icy,notBgA,20,2937908.728653,2937912.741579,4.012926
702,1,35,If the weather in England is frosty on a random daywhat is the probability that the weather will also be icy on the same day?, icy given frosty,AgB,80,2937912.878677,2937916.141568,3.262891
702,1,36,If the weather in England is not typical on a random daywhat is the probability that the weather will also be normal on the same day?, normal given not typical,AgnotB,30,2937916.278648,2937921.293437,5.014789
702,1,37,What is the probability that the weather will be  normal on a random day in England?, normal,A,90,2937921.361972,2937926.053810,4.691838
702,1,38,What is the probability that the weather will be  not frosty on a random day in England?, not frosty,notB,60,2937926.145325,2937931.029181,4.883856
702,1,39,If the weather in England is normal on a random daywhat is the probability that the weather will also be typical on the same day?, typical given normal,BgA,80,2937931.111963,2937937.148869,6.036906
702,1,40,If the weather in England is not frosty on a random daywhat is the probability that the weather will also be not icy on the same day?, not icy given not frosty,notAgnotB,70,2937937.228623,2937943.164928,5.936305
702,2,1,If the weather in England is frosty on a random daywhat is the probability that the weather will also be icy on the same day?, icy given frosty,AgB,80,2937943.261988,2937946.628871,3.366883
702,2,2,What is the probability that the weather will be  icy or frosty on a random day in England?, icy or frosty,AorB,60,2937946.711957,2937952.148790,5.436833
702,2,3,What is the probability that the weather will be  not icy and not frosty on a random day in England?, not icy and not frosty,notAandnotB,50,2937952.245277,2937962.436313,10.191036
702,2,4,What is the probability that the weather will be  frosty or not icy on a random day in England?, frosty or not icy,notAorB,40,2937962.545289,2937971.444069,8.898780
702,2,5,What is the probability that the weather will be  not normal on a random day in England?, not normal,notA,50,2937971.528617,2937983.515756,11.987139
702,2,6,If the weather in England is normal on a random daywhat is the probability that the weather will also be not typical on the same day?, not typical given normal,notBgA,40,2937983.611927,2937987.971656,4.359729
702,2,7,What is the probability that the weather will be  not normal or not typical on a random day in England?, not normal or not typical,notAornotB,50,2937988.045263,2937994.891635,6.846373
702,2,8,What is the probability that the weather will be  icy and frosty on a random day in England?, icy and frosty,AandB,45,2937994.961933,2937998.187449,3.225516
702,2,9,If the weather in England is not frosty on a random daywhat is the probability that the weather will also be not icy on the same day?, not icy given not frosty,notAgnotB,70,2937998.278590,2938001.587333,3.308743
702,2,10,If the weather in England is not icy on a random daywhat is the probability that the weather will also be frosty on the same day?, frosty given not icy,BgnotA,35,2938001.661935,2938006.819302,5.157367
702,2,11,What is the probability that the weather will be  frosty on a random day in England?, frosty,B,40,2938006.895242,2938012.629966,5.734724
702,2,12,What is the probability that the weather will be  typical on a random day in England?, typical,B,95,2938012.745237,2938016.443473,3.698236
702,2,13,What is the probability that the weather will be  not icy on a random day in England?, not icy,notA,60,2938016.511894,2938021.138862,4.626968
702,2,14,If the weather in England is not normal on a random daywhat is the probability that the weather will also be typical on the same day?, typical given not normal,BgnotA,20,2938021.211934,2938025.266774,4.054839
702,2,15,What is the probability that the weather will be  typical and not normal on a random day in England?, typical and not normal,notAandB,50,2938025.378563,2938032.706691,7.328128
702,2,16,What is the probability that the weather will be  icy and not frosty on a random day in England?, icy and not frosty,AandnotB,20,2938032.778549,2938036.850475,4.071926
702,2,17,If the weather in England is icy on a random daywhat is the probability that the weather will also be not frosty on the same day?, not frosty given icy,notBgA,20,2938036.945215,2938041.106367,4.161151
702,2,18,What is the probability that the weather will be  normal and not typical on a random day in England?, normal and not typical,AandnotB,35,2938041.195209,2938046.882336,5.687127
702,2,19,If the weather in England is not typical on a random daywhat is the probability that the weather will also be normal on the same day?, normal given not typical,AgnotB,35,2938046.961851,2938054.018053,7.056201
702,2,20,What is the probability that the weather will be  not normal and not typical on a random day in England?, not normal and not typical,notAandnotB,40,2938054.128522,2938060.834046,6.705524
702,2,21,What is the probability that the weather will be  not frosty on a random day in England?, not frosty,notB,70,2938060.928530,2938064.257807,3.329276
702,2,22,What is the probability that the weather will be  normal or typical on a random day in England?, normal or typical,AorB,90,2938064.395170,2938069.769685,5.374516
702,2,23,What is the probability that the weather will be  frosty and not icy on a random day in England?, frosty and not icy,notAandB,30,2938069.895191,2938073.505604,3.610413
702,2,24,If the weather in England is typical on a random daywhat is the probability that the weather will also be not normal on the same day?, not normal given typical,notAgB,40,2938073.645194,2938090.001194,16.356000
702,2,25,What is the probability that the weather will be  typical or not normal on a random day in England?, typical or not normal,notAorB,40,2938090.161833,2938097.801284,7.639451
702,2,26,What is the probability that the weather will be  not typical on a random day in England?, not typical,notB,30,2938097.928491,2938102.848983,4.920492
702,2,27,If the weather in England is icy on a random daywhat is the probability that the weather will also be frosty on the same day?, frosty given icy,BgA,70,2938102.978498,2938108.200849,5.222351
702,2,28,What is the probability that the weather will be  icy or not frosty on a random day in England?, icy or not frosty,AornotB,20,2938108.311826,2938112.480641,4.168815
702,2,29,If the weather in England is frosty on a random daywhat is the probability that the weather will also be not icy on the same day?, not icy given frosty,notAgB,20,2938112.578502,2938118.256553,5.678051
702,2,30,What is the probability that the weather will be  normal and typical on a random day in England?, normal and typical,AandB,80,2938118.328445,2938123.952394,5.623949
702,2,31,What is the probability that the weather will be  not icy or not frosty on a random day in England?, not icy or not frosty,notAornotB,60,2938124.028465,2938126.960308,2.931842
702,2,32,What is the probability that the weather will be  normal on a random day in England?, normal,A,80,2938127.061804,2938129.792614,2.730811
702,2,33,If the weather in England is not icy on a random daywhat is the probability that the weather will also be not frosty on the same day?, not frosty given not icy,notBgnotA,70,2938129.895108,2938133.944138,4.049029
702,2,34,If the weather in England is not normal on a random daywhat is the probability that the weather will also be not typical on the same day?, not typical given not normal,notBgnotA,80,2938134.028476,2938137.664081,3.635606
702,2,35,If the weather in England is not frosty on a random daywhat is the probability that the weather will also be icy on the same day?, icy given not frosty,AgnotB,40,2938137.745102,2938141.775950,4.030849
702,2,36,If the weather in England is not typical on a random daywhat is the probability that the weather will also be not normal on the same day?, not normal given not typical,notAgnotB,80,2938141.861791,2938144.679872,2.818081
702,2,37,What is the probability that the weather will be  normal or not typical on a random day in England?, normal or not typical,AornotB,20,2938144.778442,2938148.519777,3.741335
702,2,38,If the weather in England is typical on a random daywhat is the probability that the weather will also be normal on the same day?, normal given typical,AgB,80,2938148.611762,2938151.479700,2.867938
702,2,39,If the weather in England is normal on a random daywhat is the probability that the weather will also be typical on the same day?, typical given normal,BgA,80,2938151.578420,2938158.711522,7.133102
702,2,40,What is the probability that the weather will be  icy on a random day in England?, icy,A,35,2938158.795101,2938162.913729,4.118628
702,3,1,What is the probability that the weather will be  icy or not frosty on a random day in England?, icy or not frosty,AornotB,20,2938163.028418,2938166.199364,3.170946
702,3,2,What is the probability that the weather will be  normal and not typical on a random day in England?, normal and not typical,AandnotB,30,2938166.278433,2938172.111197,5.832764
702,3,3,What is the probability that the weather will be  not normal and not typical on a random day in England?, not normal and not typical,notAandnotB,50,2938172.228442,2938178.639076,6.410634
702,3,4,If the weather in England is icy on a random daywhat is the probability that the weather will also be frosty on the same day?, frosty given icy,BgA,80,2938178.728402,2938181.367004,2.638602
702,3,5,What is the probability that the weather will be  not normal on a random day in England?, not normal,notA,50,2938181.445081,2938186.926840,5.481759
702,3,6,If the weather in England is not normal on a random daywhat is the probability that the weather will also be not typical on the same day?, not typical given not normal,notBgnotA,70,2938186.995061,2938190.182798,3.187737
702,3,7,What is the probability that the weather will be  not frosty on a random day in England?, not frosty,notB,60,2938190.261751,2938193.902688,3.640937
702,3,8,If the weather in England is frosty on a random daywhat is the probability that the weather will also be icy on the same day?, icy given frosty,AgB,70,2938193.995091,2938197.142645,3.147554
702,3,9,What is the probability that the weather will be  not icy and not frosty on a random day in England?, not icy and not frosty,notAandnotB,60,2938197.245083,2938201.574524,4.329441
702,3,10,What is the probability that the weather will be  normal or not typical on a random day in England?, normal or not typical,AornotB,30,2938201.678374,2938205.542411,3.864037
702,3,11,What is the probability that the weather will be  normal on a random day in England?, normal,A,80,2938205.628397,2938209.574571,3.946174
702,3,12,What is the probability that the weather will be  icy or frosty on a random day in England?, icy or frosty,AorB,40,2938209.645059,2938217.886117,8.241058
702,3,13,What is the probability that the weather will be  not typical on a random day in England?, not typical,notB,40,2938217.961667,2938224.893937,6.932270
702,3,14,What is the probability that the weather will be  frosty and not icy on a random day in England?, frosty and not icy,notAandB,30,2938224.978336,2938228.013867,3.035531
702,3,15,If the weather in England is not typical on a random daywhat is the probability that the weather will also be normal on the same day?, normal given not typical,AgnotB,30,2938228.095015,2938232.645757,4.550742
702,3,16,What is the probability that the weather will be  typical or not normal on a random day in England?, typical or not normal,notAorB,30,2938232.745040,2938242.069552,9.324512
702,3,17,What is the probability that the weather will be  not icy or not frosty on a random day in England?, not icy or not frosty,notAornotB,60,2938242.178373,2938245.781450,3.603077
702,3,18,If the weather in England is not typical on a random daywhat is the probability that the weather will also be not normal on the same day?, not normal given not typical,notAgnotB,80,2938245.878373,2938249.909368,4.030996
702,3,19,If the weather in England is frosty on a random daywhat is the probability that the weather will also be not icy on the same day?, not icy given frosty,notAgB,30,2938250.011694,2938254.605238,4.593544
702,3,20,If the weather in England is typical on a random daywhat is the probability that the weather will also be not normal on the same day?, not normal given typical,notAgB,40,2938254.711679,2938257.661163,2.949483
702,3,21,What is the probability that the weather will be  not icy on a random day in England?, not icy,notA,45,2938257.745007,2938262.157072,4.412065
702,3,22,What is the probability that the weather will be  icy and frosty on a random day in England?, icy and frosty,AandB,30,2938262.261681,2938267.356927,5.095246
702,3,23,If the weather in England is not frosty on a random daywhat is the probability that the weather will also be not icy on the same day?, not icy given not frosty,notAgnotB,80,2938267.445018,2938270.332851,2.887832
702,3,24,If the weather in England is normal on a random daywhat is the probability that the weather will also be not typical on the same day?, not typical given normal,notBgA,30,2938270.411675,2938274.476769,4.065094
702,3,25,If the weather in England is not icy on a random daywhat is the probability that the weather will also be frosty on the same day?, frosty given not icy,BgnotA,30,2938274.561673,2938278.844653,4.282980
702,3,26,What is the probability that the weather will be  normal and typical on a random day in England?, normal and typical,AandB,90,2938278.928322,2938282.996556,4.068235
702,3,27,What is the probability that the weather will be  not normal or not typical on a random day in England?, not normal or not typical,notAornotB,50,2938283.094993,2938287.356456,4.261463
702,3,28,If the weather in England is normal on a random daywhat is the probability that the weather will also be typical on the same day?, typical given normal,BgA,80,2938287.444973,2938293.828309,6.383336
702,3,29,What is the probability that the weather will be  icy on a random day in England?, icy,A,45,2938293.978317,2938297.228629,3.250312
702,3,30,What is the probability that the weather will be  frosty or not icy on a random day in England?, frosty or not icy,notAorB,30,2938297.311619,2938302.116100,4.804481
702,3,31,If the weather in England is typical on a random daywhat is the probability that the weather will also be normal on the same day?, normal given typical,AgB,90,2938302.211646,2938306.139984,3.928337
702,3,32,What is the probability that the weather will be  normal or typical on a random day in England?, normal or typical,AorB,90,2938306.228272,2938309.547911,3.319639
702,3,33,If the weather in England is not icy on a random daywhat is the probability that the weather will also be not frosty on the same day?, not frosty given not icy,notBgnotA,70,2938309.628304,2938313.291837,3.663532
702,3,34,If the weather in England is icy on a random daywhat is the probability that the weather will also be not frosty on the same day?, not frosty given icy,notBgA,20,2938313.461620,2938316.595756,3.134136
702,3,35,What is the probability that the weather will be  typical on a random day in England?, typical,B,90,2938316.694965,2938320.451906,3.756941
702,3,36,What is the probability that the weather will be  typical and not normal on a random day in England?, typical and not normal,notAandB,30,2938320.578293,2938324.195573,3.617280
702,3,37,What is the probability that the weather will be  frosty on a random day in England?, frosty,B,40,2938324.294930,2938328.700056,4.405126
702,3,38,If the weather in England is not normal on a random daywhat is the probability that the weather will also be typical on the same day?, typical given not normal,BgnotA,30,2938328.794950,2938332.555375,3.760425
702,3,39,What is the probability that the weather will be  icy and not frosty on a random day in England?, icy and not frosty,AandnotB,20,2938332.661612,2938338.011227,5.349615
702,3,40,If the weather in England is not frosty on a random daywhat is the probability that the weather will also be icy on the same day?, icy given not frosty,AgnotB,20,2938338.111601,2938340.795174,2.683573
