ID,block,trial,query,querydetail,querytype,estimate,starttime,endtime,RT
202,1,1,What is the probability that the weather will be  not icy or not frosty on a random day in England?, not icy or not frosty,notAornotB,75,2849645.437692,2849676.931659,31.493967
202,1,2,If the weather in England is not frosty on a random daywhat is the probability that the weather will also be icy on the same day?, icy given not frosty,AgnotB,30,2849677.054323,2849728.749299,51.694976
202,1,3,If the weather in England is not icy on a random daywhat is the probability that the weather will also be frosty on the same day?, frosty given not icy,BgnotA,30,2849728.870905,2849732.350157,3.479252
202,1,4,What is the probability that the weather will be  frosty or not icy on a random day in England?, frosty or not icy,notAorB,60,2849732.470985,2849748.237812,15.766827
202,1,5,What is the probability that the weather will be  not icy and not frosty on a random day in England?, not icy and not frosty,notAandnotB,60,2849748.387577,2849752.485661,4.098084
202,1,6,If the weather in England is not normal on a random daywhat is the probability that the weather will also be not typical on the same day?, not typical given not normal,notBgnotA,50,2849752.620952,2849771.069128,18.448176
202,1,7,If the weather in England is frosty on a random daywhat is the probability that the weather will also be not icy on the same day?, not icy given frosty,notAgB,60,2849771.154223,2849781.884960,10.730737
202,1,8,If the weather in England is typical on a random daywhat is the probability that the weather will also be normal on the same day?, normal given typical,AgB,50,2849782.004215,2849791.700689,9.696473
202,1,9,If the weather in England is frosty on a random daywhat is the probability that the weather will also be icy on the same day?, icy given frosty,AgB,60,2849791.820869,2849798.732488,6.911620
202,1,10,If the weather in England is typical on a random daywhat is the probability that the weather will also be not normal on the same day?, not normal given typical,notAgB,50,2849798.837539,2849816.708075,17.870536
202,1,11,If the weather in England is not typical on a random daywhat is the probability that the weather will also be not normal on the same day?, not normal given not typical,notAgnotB,100,2849816.804182,2849831.755697,14.951515
202,1,12,What is the probability that the weather will be  icy or not frosty on a random day in England?, icy or not frosty,AornotB,40,2849831.837498,2849846.275335,14.437838
202,1,13,What is the probability that the weather will be  icy on a random day in England?, icy,A,25,2849846.387523,2849853.779441,7.391917
202,1,14,What is the probability that the weather will be  normal or typical on a random day in England?, normal or typical,AorB,75,2849853.870811,2849861.451222,7.580412
202,1,15,What is the probability that the weather will be  not frosty on a random day in England?, not frosty,notB,75,2849861.570774,2849868.458857,6.888082
202,1,16,What is the probability that the weather will be  normal on a random day in England?, normal,A,80,2849868.587465,2849874.242842,5.655378
202,1,17,What is the probability that the weather will be  icy and frosty on a random day in England?, icy and frosty,AandB,75,2849874.387460,2849879.586695,5.199235
202,1,18,If the weather in England is normal on a random daywhat is the probability that the weather will also be not typical on the same day?, not typical given normal,notBgA,10,2849879.670776,2849893.778276,14.107499
202,1,19,What is the probability that the weather will be  icy or frosty on a random day in England?, icy or frosty,AorB,75,2849893.920769,2849903.954226,10.033457
202,1,20,What is the probability that the weather will be  not icy on a random day in England?, not icy,notA,60,2849904.070759,2849916.025751,11.954992
202,1,21,If the weather in England is not frosty on a random daywhat is the probability that the weather will also be not icy on the same day?, not icy given not frosty,notAgnotB,40,2849916.170746,2849922.193600,6.022854
202,1,22,If the weather in England is not icy on a random daywhat is the probability that the weather will also be not frosty on the same day?, not frosty given not icy,notBgnotA,40,2849922.354074,2849929.009612,6.655538
202,1,23,What is the probability that the weather will be  icy and not frosty on a random day in England?, icy and not frosty,AandnotB,40,2849929.154064,2849948.232887,19.078823
202,1,24,What is the probability that the weather will be  normal and typical on a random day in England?, normal and typical,AandB,80,2849948.370706,2849960.008561,11.637855
202,1,25,What is the probability that the weather will be  normal and not typical on a random day in England?, normal and not typical,AandnotB,60,2849960.120675,2849967.056369,6.935693
202,1,26,What is the probability that the weather will be  typical on a random day in England?, typical,B,60,2849967.204008,2849973.768563,6.564555
202,1,27,What is the probability that the weather will be  typical and not normal on a random day in England?, typical and not normal,notAandB,60,2849973.903998,2849977.408118,3.504119
202,1,28,What is the probability that the weather will be  not normal and not typical on a random day in England?, not normal and not typical,notAandnotB,40,2849977.537356,2849982.424045,4.886689
202,1,29,What is the probability that the weather will be  typical or not normal on a random day in England?, typical or not normal,notAorB,40,2849982.553993,2849987.151929,4.597936
202,1,30,What is the probability that the weather will be  not normal or not typical on a random day in England?, not normal or not typical,notAornotB,40,2849987.254010,2849993.831765,6.577755
202,1,31,If the weather in England is normal on a random daywhat is the probability that the weather will also be typical on the same day?, typical given normal,BgA,80,2849993.937339,2850004.015537,10.078198
202,1,32,If the weather in England is not typical on a random daywhat is the probability that the weather will also be normal on the same day?, normal given not typical,AgnotB,6,2850004.104046,2850021.435895,17.331848
202,1,33,What is the probability that the weather will be  not normal on a random day in England?, not normal,notA,40,2850021.570639,2850036.462781,14.892142
202,1,34,If the weather in England is icy on a random daywhat is the probability that the weather will also be not frosty on the same day?, not frosty given icy,notBgA,40,2850036.570631,2850048.838454,12.267822
202,1,35,What is the probability that the weather will be  not typical on a random day in England?, not typical,notB,40,2850048.970619,2850052.486339,3.515720
202,1,36,If the weather in England is icy on a random daywhat is the probability that the weather will also be frosty on the same day?, frosty given icy,BgA,50,2850052.637248,2850069.278025,16.640776
202,1,37,If the weather in England is not normal on a random daywhat is the probability that the weather will also be typical on the same day?, typical given not normal,BgnotA,45,2850069.420602,2850076.917608,7.497006
202,1,38,What is the probability that the weather will be  frosty and not icy on a random day in England?, frosty and not icy,notAandB,40,2850077.037265,2850098.997237,21.959973
202,1,39,What is the probability that the weather will be  normal or not typical on a random day in England?, normal or not typical,AornotB,40,2850099.137233,2850102.581173,3.443940
202,1,40,What is the probability that the weather will be  frosty on a random day in England?, frosty,B,25,2850102.720551,2850109.909301,7.188750
202,2,1,What is the probability that the weather will be  frosty or not icy on a random day in England?, frosty or not icy,notAorB,20,2850110.103884,2850116.972688,6.868804
202,2,2,What is the probability that the weather will be  normal on a random day in England?, normal,A,90,2850117.087179,2850127.476748,10.389569
202,2,3,If the weather in England is typical on a random daywhat is the probability that the weather will also be normal on the same day?, normal given typical,AgB,90,2850127.587200,2850138.060175,10.472975
202,2,4,If the weather in England is not icy on a random daywhat is the probability that the weather will also be not frosty on the same day?, not frosty given not icy,notBgnotA,50,2850138.237185,2850155.859839,17.622654
202,2,5,What is the probability that the weather will be  icy or frosty on a random day in England?, icy or frosty,AorB,25,2850155.987194,2850164.907676,8.920482
202,2,6,If the weather in England is not typical on a random daywhat is the probability that the weather will also be normal on the same day?, normal given not typical,AgnotB,70,2850165.070543,2850210.410413,45.339870
202,2,7,If the weather in England is frosty on a random daywhat is the probability that the weather will also be not icy on the same day?, not icy given frosty,notAgB,40,2850210.553778,2850220.722333,10.168555
202,2,8,What is the probability that the weather will be  icy or not frosty on a random day in England?, icy or not frosty,AornotB,20,2850220.853765,2850227.706106,6.852341
202,2,9,What is the probability that the weather will be  normal or not typical on a random day in England?, normal or not typical,AornotB,60,2850227.787102,2850233.409858,5.622756
202,2,10,What is the probability that the weather will be  frosty and not icy on a random day in England?, frosty and not icy,notAandB,20,2850233.503757,2850237.105769,3.602012
202,2,11,What is the probability that the weather will be  icy and not frosty on a random day in England?, icy and not frosty,AandnotB,20,2850237.220424,2850240.705698,3.485274
202,2,12,What is the probability that the weather will be  typical and not normal on a random day in England?, typical and not normal,notAandB,60,2850240.837087,2850245.089569,4.252482
202,2,13,If the weather in England is frosty on a random daywhat is the probability that the weather will also be icy on the same day?, icy given frosty,AgB,20,2850245.187056,2850257.641298,12.454242
202,2,14,What is the probability that the weather will be  not normal or not typical on a random day in England?, not normal or not typical,notAornotB,60,2850257.737065,2850261.497317,3.760252
202,2,15,If the weather in England is typical on a random daywhat is the probability that the weather will also be not normal on the same day?, not normal given typical,notAgB,60,2850261.603735,2850265.689101,4.085366
202,2,16,What is the probability that the weather will be  not frosty on a random day in England?, not frosty,notB,75,2850265.803745,2850281.080820,15.277075
202,2,17,What is the probability that the weather will be  not normal on a random day in England?, not normal,notA,40,2850281.170377,2850293.760409,12.590031
202,2,18,If the weather in England is normal on a random daywhat is the probability that the weather will also be typical on the same day?, typical given normal,BgA,60,2850293.853725,2850301.456212,7.602487
202,2,19,If the weather in England is normal on a random daywhat is the probability that the weather will also be not typical on the same day?, not typical given normal,notBgA,40,2850301.553701,2850308.208216,6.654515
202,2,20,If the weather in England is not frosty on a random daywhat is the probability that the weather will also be not icy on the same day?, not icy given not frosty,notAgnotB,30,2850308.303668,2850313.664140,5.360472
202,2,21,What is the probability that the weather will be  icy on a random day in England?, icy,A,20,2850313.753659,2850324.352095,10.598436
202,2,22,What is the probability that the weather will be  normal and not typical on a random day in England?, normal and not typical,AandnotB,60,2850324.453657,2850334.447454,9.993798
202,2,23,What is the probability that the weather will be  normal and typical on a random day in England?, normal and typical,AandB,80,2850334.586982,2850340.719311,6.132329
202,2,24,What is the probability that the weather will be  icy and frosty on a random day in England?, icy and frosty,AandB,25,2850340.819786,2850349.311087,8.491301
202,2,25,What is the probability that the weather will be  not normal and not typical on a random day in England?, not normal and not typical,notAandnotB,40,2850349.453643,2850361.406826,11.953183
202,2,26,If the weather in England is not normal on a random daywhat is the probability that the weather will also be typical on the same day?, typical given not normal,BgnotA,30,2850361.520282,2850371.038576,9.518293
202,2,27,What is the probability that the weather will be  not typical on a random day in England?, not typical,notB,40,2850371.136966,2850375.750460,4.613494
202,2,28,If the weather in England is not normal on a random daywhat is the probability that the weather will also be not typical on the same day?, not typical given not normal,notBgnotA,40,2850375.870295,2850386.422195,10.551900
202,2,29,If the weather in England is not frosty on a random daywhat is the probability that the weather will also be icy on the same day?, icy given not frosty,AgnotB,40,2850386.520272,2850397.189950,10.669678
202,2,30,What is the probability that the weather will be  normal or typical on a random day in England?, normal or typical,AorB,80,2850397.270264,2850405.845767,8.575503
202,2,31,What is the probability that the weather will be  frosty on a random day in England?, frosty,B,25,2850405.970261,2850415.365766,9.395505
202,2,32,What is the probability that the weather will be  typical or not normal on a random day in England?, typical or not normal,notAorB,50,2850415.520228,2850426.325227,10.804999
202,2,33,If the weather in England is icy on a random daywhat is the probability that the weather will also be not frosty on the same day?, not frosty given icy,notBgA,70,2850426.453578,2850433.797055,7.343477
202,2,34,If the weather in England is not typical on a random daywhat is the probability that the weather will also be not normal on the same day?, not normal given not typical,notAgnotB,90,2850433.953563,2850443.788817,9.835254
202,2,35,If the weather in England is icy on a random daywhat is the probability that the weather will also be frosty on the same day?, frosty given icy,BgA,80,2850443.920222,2850450.868705,6.948483
202,2,36,What is the probability that the weather will be  not icy and not frosty on a random day in England?, not icy and not frosty,notAandnotB,75,2850450.953594,2850457.660465,6.706871
202,2,37,What is the probability that the weather will be  not icy on a random day in England?, not icy,notA,75,2850457.803545,2850463.508341,5.704796
202,2,38,If the weather in England is not icy on a random daywhat is the probability that the weather will also be frosty on the same day?, frosty given not icy,BgnotA,40,2850463.636870,2850476.500042,12.863172
202,2,39,What is the probability that the weather will be  typical on a random day in England?, typical,B,80,2850476.603524,2850499.139928,22.536404
202,2,40,What is the probability that the weather will be  not icy or not frosty on a random day in England?, not icy or not frosty,notAornotB,75,2850499.270170,2850512.083156,12.812987
202,3,1,What is the probability that the weather will be  not icy on a random day in England?, not icy,notA,70,2850512.203485,2850516.083052,3.879566
202,3,2,What is the probability that the weather will be  not normal or not typical on a random day in England?, not normal or not typical,notAornotB,30,2850516.203470,2850519.379010,3.175540
202,3,3,What is the probability that the weather will be  icy and frosty on a random day in England?, icy and frosty,AandB,25,2850519.520145,2850535.274624,15.754479
202,3,4,What is the probability that the weather will be  frosty or not icy on a random day in England?, frosty or not icy,notAorB,20,2850535.386772,2850538.082535,2.695762
202,3,5,What is the probability that the weather will be  normal and typical on a random day in England?, normal and typical,AandB,80,2850538.186790,2850544.074380,5.887589
202,3,6,What is the probability that the weather will be  not normal on a random day in England?, not normal,notA,30,2850544.186783,2850548.874281,4.687498
202,3,7,What is the probability that the weather will be  normal and not typical on a random day in England?, normal and not typical,AandnotB,60,2850548.986785,2850552.770212,3.783427
202,3,8,If the weather in England is not typical on a random daywhat is the probability that the weather will also be not normal on the same day?, not normal given not typical,notAgnotB,70,2850552.886751,2850568.393808,15.507058
202,3,9,If the weather in England is not frosty on a random daywhat is the probability that the weather will also be icy on the same day?, icy given not frosty,AgnotB,20,2850568.486764,2850583.273486,14.786721
202,3,10,What is the probability that the weather will be  not icy and not frosty on a random day in England?, not icy and not frosty,notAandnotB,75,2850583.420078,2850590.977279,7.557201
202,3,11,What is the probability that the weather will be  normal on a random day in England?, normal,A,80,2850591.086749,2850595.545540,4.458791
202,3,12,If the weather in England is frosty on a random daywhat is the probability that the weather will also be not icy on the same day?, not icy given frosty,notAgB,30,2850595.686730,2850625.208452,29.521721
202,3,13,If the weather in England is icy on a random daywhat is the probability that the weather will also be frosty on the same day?, frosty given icy,BgA,80,2850625.303371,2850631.808289,6.504918
202,3,14,If the weather in England is icy on a random daywhat is the probability that the weather will also be not frosty on the same day?, not frosty given icy,notBgA,30,2850631.920046,2850645.943975,14.023929
202,3,15,If the weather in England is normal on a random daywhat is the probability that the weather will also be typical on the same day?, typical given normal,BgA,90,2850646.070022,2850661.055580,14.985558
202,3,16,What is the probability that the weather will be  not normal and not typical on a random day in England?, not normal and not typical,notAandnotB,30,2850661.153343,2850668.679404,7.526061
202,3,17,What is the probability that the weather will be  typical or not normal on a random day in England?, typical or not normal,notAorB,40,2850668.786672,2850673.239281,4.452609
202,3,18,If the weather in England is not icy on a random daywhat is the probability that the weather will also be not frosty on the same day?, not frosty given not icy,notBgnotA,70,2850673.369985,2850686.606956,13.236971
202,3,19,What is the probability that the weather will be  frosty on a random day in England?, frosty,B,25,2850686.703314,2850699.551024,12.847711
202,3,20,If the weather in England is not normal on a random daywhat is the probability that the weather will also be not typical on the same day?, not typical given not normal,notBgnotA,90,2850699.669970,2850705.686521,6.016550
202,3,21,What is the probability that the weather will be  icy and not frosty on a random day in England?, icy and not frosty,AandnotB,60,2850705.769964,2850711.302374,5.532410
202,3,22,What is the probability that the weather will be  not typical on a random day in England?, not typical,notB,30,2850711.436625,2850714.198059,2.761434
202,3,23,What is the probability that the weather will be  not frosty on a random day in England?, not frosty,notB,75,2850714.303253,2850718.374232,4.070979
202,3,24,What is the probability that the weather will be  icy on a random day in England?, icy,A,20,2850718.486607,2850727.134229,8.647621
202,3,25,If the weather in England is not typical on a random daywhat is the probability that the weather will also be normal on the same day?, normal given not typical,AgnotB,90,2850727.236655,2850731.253911,4.017255
202,3,26,What is the probability that the weather will be  typical on a random day in England?, typical,B,90,2850731.353266,2850740.710005,9.356738
202,3,27,What is the probability that the weather will be  not icy or not frosty on a random day in England?, not icy or not frosty,notAornotB,75,2850740.836589,2850744.061594,3.225005
202,3,28,If the weather in England is typical on a random daywhat is the probability that the weather will also be normal on the same day?, normal given typical,AgB,90,2850744.169929,2850753.021374,8.851445
202,3,29,What is the probability that the weather will be  normal or typical on a random day in England?, normal or typical,AorB,90,2850753.153229,2850755.989282,2.836053
202,3,30,If the weather in England is typical on a random daywhat is the probability that the weather will also be not normal on the same day?, not normal given typical,notAgB,60,2850756.119906,2850763.877116,7.757211
202,3,31,If the weather in England is frosty on a random daywhat is the probability that the weather will also be icy on the same day?, icy given frosty,AgB,80,2850764.036533,2850771.076942,7.040408
202,3,32,What is the probability that the weather will be  typical and not normal on a random day in England?, typical and not normal,notAandB,50,2850771.203216,2850776.236815,5.033600
202,3,33,If the weather in England is not normal on a random daywhat is the probability that the weather will also be typical on the same day?, typical given not normal,BgnotA,60,2850776.369887,2850785.164627,8.794741
202,3,34,What is the probability that the weather will be  frosty and not icy on a random day in England?, frosty and not icy,notAandB,30,2850785.303182,2850788.908504,3.605323
202,3,35,If the weather in England is normal on a random daywhat is the probability that the weather will also be not typical on the same day?, not typical given normal,notBgA,40,2850789.036537,2850801.044228,12.007692
202,3,36,If the weather in England is not icy on a random daywhat is the probability that the weather will also be frosty on the same day?, frosty given not icy,BgnotA,30,2850801.186535,2850812.075970,10.889435
202,3,37,What is the probability that the weather will be  icy or frosty on a random day in England?, icy or frosty,AorB,25,2850812.219846,2850817.083829,4.863984
202,3,38,What is the probability that the weather will be  normal or not typical on a random day in England?, normal or not typical,AornotB,40,2850817.186514,2850823.219661,6.033146
202,3,39,If the weather in England is not frosty on a random daywhat is the probability that the weather will also be not icy on the same day?, not icy given not frosty,notAgnotB,80,2850823.353153,2850830.803465,7.450312
202,3,40,What is the probability that the weather will be  icy or not frosty on a random day in England?, icy or not frosty,AornotB,25,2850830.903148,2850834.259413,3.356265
