ID,block,trial,query,querydetail,querytype,estimate,starttime,endtime,RT
209,1,1,If the weather in England is normal on a random daywhat is the probability that the weather will also be typical on the same day?, typical given normal,BgA,60,2373713.828278,2373852.917402,139.089124
209,1,2,If the weather in England is frosty on a random daywhat is the probability that the weather will also be icy on the same day?, icy given frosty,AgB,50,2373853.043687,2373864.539531,11.495844
209,1,3,What is the probability that the weather will be  typical and not normal on a random day in England?, typical and not normal,notAandB,50,2373864.676922,2373874.997456,10.320534
209,1,4,What is the probability that the weather will be  not icy on a random day in England?, not icy,notA,30,2373875.193477,2373894.053041,18.859564
209,1,5,What is the probability that the weather will be  icy or frosty on a random day in England?, icy or frosty,AorB,30,2373894.193308,2373903.100847,8.907539
209,1,6,What is the probability that the weather will be  frosty or not icy on a random day in England?, frosty or not icy,notAorB,40,2373903.276613,2373920.708472,17.431859
209,1,7,What is the probability that the weather will be  not frosty on a random day in England?, not frosty,notB,60,2373920.893073,2373926.789244,5.896171
209,1,8,If the weather in England is not frosty on a random daywhat is the probability that the weather will also be icy on the same day?, icy given not frosty,AgnotB,30,2373926.959690,2373948.716045,21.756355
209,1,9,What is the probability that the weather will be  normal and typical on a random day in England?, normal and typical,AandB,70,2373948.826161,2373956.475881,7.649720
209,1,10,What is the probability that the weather will be  icy or not frosty on a random day in England?, icy or not frosty,AornotB,30,2373956.642736,2373961.867757,5.225021
209,1,11,If the weather in England is icy on a random daywhat is the probability that the weather will also be not frosty on the same day?, not frosty given icy,notBgA,70,2373962.059387,2373977.059593,15.000206
209,1,12,If the weather in England is not typical on a random daywhat is the probability that the weather will also be not normal on the same day?, not normal given not typical,notAgnotB,60,2373977.209233,2373984.555463,7.346230
209,1,13,What is the probability that the weather will be  typical on a random day in England?, typical,B,50,2373984.642549,2373991.547123,6.904573
209,1,14,What is the probability that the weather will be  not icy and not frosty on a random day in England?, not icy and not frosty,notAandnotB,60,2373991.692437,2373997.691110,5.998673
209,1,15,If the weather in England is not typical on a random daywhat is the probability that the weather will also be normal on the same day?, normal given not typical,AgnotB,60,2373997.792376,2374008.714914,10.922538
209,1,16,If the weather in England is icy on a random daywhat is the probability that the weather will also be frosty on the same day?, frosty given icy,BgA,50,2374008.808946,2374014.778898,5.969952
209,1,17,If the weather in England is not icy on a random daywhat is the probability that the weather will also be frosty on the same day?, frosty given not icy,BgnotA,30,2374014.908879,2374025.085449,10.176570
209,1,18,What is the probability that the weather will be  normal on a random day in England?, normal,A,70,2374025.242104,2374029.578531,4.336427
209,1,19,What is the probability that the weather will be  icy on a random day in England?, icy,A,40,2374029.725427,2374035.114685,5.389258
209,1,20,What is the probability that the weather will be  icy and frosty on a random day in England?, icy and frosty,AandB,30,2374035.242006,2374039.050309,3.808303
209,1,21,If the weather in England is not normal on a random daywhat is the probability that the weather will also be typical on the same day?, typical given not normal,BgnotA,20,2374039.192005,2374045.882266,6.690261
209,1,22,What is the probability that the weather will be  not normal on a random day in England?, not normal,notA,40,2374045.991917,2374051.882445,5.890528
209,1,23,If the weather in England is frosty on a random daywhat is the probability that the weather will also be not icy on the same day?, not icy given frosty,notAgB,50,2374052.008522,2374060.794015,8.785492
209,1,24,If the weather in England is not normal on a random daywhat is the probability that the weather will also be not typical on the same day?, not typical given not normal,notBgnotA,50,2374060.891799,2374071.761840,10.870041
209,1,25,What is the probability that the weather will be  frosty and not icy on a random day in England?, frosty and not icy,notAandB,60,2374071.925020,2374079.513633,7.588613
209,1,26,If the weather in England is typical on a random daywhat is the probability that the weather will also be normal on the same day?, normal given typical,AgB,50,2374079.708269,2374088.553422,8.845153
209,1,27,What is the probability that the weather will be  not normal and not typical on a random day in England?, not normal and not typical,notAandnotB,20,2374088.658224,2374094.065303,5.407079
209,1,28,What is the probability that the weather will be  icy and not frosty on a random day in England?, icy and not frosty,AandnotB,40,2374094.208178,2374099.537188,5.329011
209,1,29,What is the probability that the weather will be  not icy or not frosty on a random day in England?, not icy or not frosty,notAornotB,60,2374099.658105,2374104.000990,4.342885
209,1,30,What is the probability that the weather will be  not typical on a random day in England?, not typical,notB,60,2374104.174752,2374108.529015,4.354264
209,1,31,If the weather in England is not icy on a random daywhat is the probability that the weather will also be not frosty on the same day?, not frosty given not icy,notBgnotA,30,2374108.708044,2374114.392956,5.684912
209,1,32,What is the probability that the weather will be  frosty on a random day in England?, frosty,B,30,2374114.524653,2374121.884069,7.359416
209,1,33,What is the probability that the weather will be  not normal or not typical on a random day in England?, not normal or not typical,notAornotB,30,2374122.141251,2374128.000680,5.859429
209,1,34,If the weather in England is normal on a random daywhat is the probability that the weather will also be not typical on the same day?, not typical given normal,notBgA,60,2374128.107862,2374136.912520,8.804658
209,1,35,What is the probability that the weather will be  typical or not normal on a random day in England?, typical or not normal,notAorB,30,2374137.041113,2374146.136466,9.095353
209,1,36,What is the probability that the weather will be  normal or typical on a random day in England?, normal or typical,AorB,30,2374146.257701,2374150.184279,3.926578
209,1,37,If the weather in England is typical on a random daywhat is the probability that the weather will also be not normal on the same day?, not normal given typical,notAgB,40,2374150.307666,2374158.017026,7.709360
209,1,38,What is the probability that the weather will be  normal or not typical on a random day in England?, normal or not typical,AornotB,60,2374158.190924,2374167.434827,9.243903
209,1,39,If the weather in England is not frosty on a random daywhat is the probability that the weather will also be not icy on the same day?, not icy given not frosty,notAgnotB,60,2374167.557487,2374173.351844,5.794356
209,1,40,What is the probability that the weather will be  normal and not typical on a random day in England?, normal and not typical,AandnotB,50,2374173.474111,2374176.410033,2.935922
209,2,1,What is the probability that the weather will be  icy and frosty on a random day in England?, icy and frosty,AandB,20,2374176.524063,2374181.793193,5.269130
209,2,2,If the weather in England is not typical on a random daywhat is the probability that the weather will also be normal on the same day?, normal given not typical,AgnotB,3,2374182.024042,2374191.435964,9.411922
209,2,3,What is the probability that the weather will be  typical or not normal on a random day in England?, typical or not normal,notAorB,30,2374191.640634,2374193.015684,1.375051
209,2,4,What is the probability that the weather will be  not icy and not frosty on a random day in England?, not icy and not frosty,notAandnotB,20,2374193.173945,2374197.799477,4.625532
209,2,5,What is the probability that the weather will be  frosty or not icy on a random day in England?, frosty or not icy,notAorB,3,2374198.040553,2374203.343393,5.302840
209,2,6,If the weather in England is frosty on a random daywhat is the probability that the weather will also be not icy on the same day?, not icy given frosty,notAgB,50,2374203.557182,2374217.334927,13.777745
209,2,7,What is the probability that the weather will be  icy or frosty on a random day in England?, icy or frosty,AorB,30,2374217.440369,2374222.031101,4.590732
209,2,8,If the weather in England is frosty on a random daywhat is the probability that the weather will also be icy on the same day?, icy given frosty,AgB,50,2374222.223676,2374227.022763,4.799087
209,2,9,What is the probability that the weather will be  not icy on a random day in England?, not icy,notA,60,2374227.240309,2374232.742773,5.502464
209,2,10,What is the probability that the weather will be  not normal or not typical on a random day in England?, not normal or not typical,notAornotB,5,2374232.890224,2374241.350669,8.460445
209,2,11,What is the probability that the weather will be  normal or not typical on a random day in England?, normal or not typical,AornotB,60,2374241.523478,2374255.302221,13.778744
209,2,12,If the weather in England is not frosty on a random daywhat is the probability that the weather will also be not icy on the same day?, not icy given not frosty,notAgnotB,50,2374255.406707,2374259.094193,3.687487
209,2,13,What is the probability that the weather will be  icy and not frosty on a random day in England?, icy and not frosty,AandnotB,30,2374259.240012,2374263.150229,3.910217
209,2,14,What is the probability that the weather will be  normal and not typical on a random day in England?, normal and not typical,AandnotB,50,2374263.323306,2374266.398033,3.074727
209,2,15,If the weather in England is not normal on a random daywhat is the probability that the weather will also be not typical on the same day?, not typical given not normal,notBgnotA,30,2374266.556614,2374272.861937,6.305323
209,2,16,What is the probability that the weather will be  not normal and not typical on a random day in England?, not normal and not typical,notAandnotB,50,2374273.006552,2374279.565985,6.559433
209,2,17,If the weather in England is not frosty on a random daywhat is the probability that the weather will also be icy on the same day?, icy given not frosty,AgnotB,30,2374279.773126,2374284.237700,4.464573
209,2,18,What is the probability that the weather will be  typical and not normal on a random day in England?, typical and not normal,notAandB,30,2374284.439746,2374287.965789,3.526044
209,2,19,If the weather in England is typical on a random daywhat is the probability that the weather will also be normal on the same day?, normal given typical,AgB,60,2374288.123082,2374295.269523,7.146440
209,2,20,If the weather in England is not normal on a random daywhat is the probability that the weather will also be typical on the same day?, typical given not normal,BgnotA,40,2374295.422987,2374299.301582,3.878595
209,2,21,What is the probability that the weather will be  typical on a random day in England?, typical,B,40,2374299.539645,2374304.494007,4.954361
209,2,22,What is the probability that the weather will be  not typical on a random day in England?, not typical,notB,60,2374304.706271,2374308.893290,4.187020
209,2,23,If the weather in England is normal on a random daywhat is the probability that the weather will also be not typical on the same day?, not typical given normal,notBgA,40,2374309.106247,2374313.380770,4.274523
209,2,24,If the weather in England is normal on a random daywhat is the probability that the weather will also be typical on the same day?, typical given normal,BgA,50,2374313.622884,2374318.893082,5.270198
209,2,25,If the weather in England is not icy on a random daywhat is the probability that the weather will also be not frosty on the same day?, not frosty given not icy,notBgnotA,90,2374319.039469,2374326.052931,7.013462
209,2,26,What is the probability that the weather will be  frosty and not icy on a random day in England?, frosty and not icy,notAandB,60,2374326.239406,2374334.261730,8.022324
209,2,27,If the weather in England is not typical on a random daywhat is the probability that the weather will also be not normal on the same day?, not normal given not typical,notAgnotB,50,2374334.439310,2374342.012599,7.573289
209,2,28,What is the probability that the weather will be  icy or not frosty on a random day in England?, icy or not frosty,AornotB,40,2374342.155925,2374346.572522,4.416598
209,2,29,What is the probability that the weather will be  normal and typical on a random day in England?, normal and typical,AandB,40,2374346.722550,2374352.516480,5.793929
209,2,30,If the weather in England is icy on a random daywhat is the probability that the weather will also be not frosty on the same day?, not frosty given icy,notBgA,40,2374352.705828,2374356.964342,4.258515
209,2,31,What is the probability that the weather will be  frosty on a random day in England?, frosty,B,30,2374357.139114,2374360.172483,3.033369
209,2,32,If the weather in England is not icy on a random daywhat is the probability that the weather will also be frosty on the same day?, frosty given not icy,BgnotA,30,2374360.372424,2374363.628299,3.255875
209,2,33,If the weather in England is typical on a random daywhat is the probability that the weather will also be not normal on the same day?, not normal given typical,notAgB,20,2374363.889049,2374369.772097,5.883048
209,2,34,What is the probability that the weather will be  normal on a random day in England?, normal,A,80,2374369.989011,2374374.838999,4.849988
209,2,35,What is the probability that the weather will be  not frosty on a random day in England?, not frosty,notB,80,2374375.072288,2374379.691937,4.619649
209,2,36,What is the probability that the weather will be  normal or typical on a random day in England?, normal or typical,AorB,60,2374379.922235,2374386.427848,6.505613
209,2,37,If the weather in England is icy on a random daywhat is the probability that the weather will also be frosty on the same day?, frosty given icy,BgA,70,2374386.655504,2374394.427887,7.772382
209,2,38,What is the probability that the weather will be  not icy or not frosty on a random day in England?, not icy or not frosty,notAornotB,70,2374394.655425,2374398.307579,3.652153
209,2,39,What is the probability that the weather will be  not normal on a random day in England?, not normal,notA,70,2374398.455407,2374401.403526,2.948119
209,2,40,What is the probability that the weather will be  icy on a random day in England?, icy,A,50,2374401.638729,2374407.796057,6.157328
209,3,1,What is the probability that the weather will be  normal and not typical on a random day in England?, normal and not typical,AandnotB,50,2374408.071986,2374411.611335,3.539349
209,3,2,What is the probability that the weather will be  frosty on a random day in England?, frosty,B,50,2374411.821952,2374414.035402,2.213450
209,3,3,What is the probability that the weather will be  not icy or not frosty on a random day in England?, not icy or not frosty,notAornotB,50,2374414.288585,2374417.966043,3.677458
209,3,4,If the weather in England is not typical on a random daywhat is the probability that the weather will also be not normal on the same day?, not normal given not typical,notAgnotB,50,2374418.188561,2374422.603139,4.414578
209,3,5,If the weather in England is not frosty on a random daywhat is the probability that the weather will also be icy on the same day?, icy given not frosty,AgnotB,30,2374422.821838,2374428.059050,5.237212
209,3,6,If the weather in England is icy on a random daywhat is the probability that the weather will also be frosty on the same day?, frosty given icy,BgA,50,2374428.255142,2374435.282915,7.027774
209,3,7,What is the probability that the weather will be  typical and not normal on a random day in England?, typical and not normal,notAandB,30,2374435.521721,2374442.658767,7.137046
209,3,8,What is the probability that the weather will be  normal and typical on a random day in England?, normal and typical,AandB,40,2374442.838341,2374446.730774,3.892434
209,3,9,What is the probability that the weather will be  typical or not normal on a random day in England?, typical or not normal,notAorB,40,2374447.004971,2374449.858621,2.853651
209,3,10,What is the probability that the weather will be  normal or typical on a random day in England?, normal or typical,AorB,50,2374450.121618,2374455.282634,5.161015
209,3,11,If the weather in England is normal on a random daywhat is the probability that the weather will also be typical on the same day?, typical given normal,BgA,30,2374455.404881,2374462.267581,6.862700
209,3,12,What is the probability that the weather will be  not normal and not typical on a random day in England?, not normal and not typical,notAandnotB,4,2374462.471481,2374464.378548,1.907067
209,3,13,What is the probability that the weather will be  not frosty on a random day in England?, not frosty,notB,30,2374464.621482,2374468.834302,4.212819
209,3,14,What is the probability that the weather will be  icy or frosty on a random day in England?, icy or frosty,AorB,40,2374469.038103,2374472.754242,3.716139
209,3,15,If the weather in England is frosty on a random daywhat is the probability that the weather will also be not icy on the same day?, not icy given frosty,notAgB,50,2374472.971381,2374480.348871,7.377489
209,3,16,If the weather in England is normal on a random daywhat is the probability that the weather will also be not typical on the same day?, not typical given normal,notBgA,50,2374480.588010,2374490.393910,9.805899
209,3,17,What is the probability that the weather will be  not normal or not typical on a random day in England?, not normal or not typical,notAornotB,30,2374490.537908,2374495.889792,5.351884
209,3,18,What is the probability that the weather will be  not normal on a random day in England?, not normal,notA,30,2374496.071182,2374503.249659,7.178477
209,3,19,What is the probability that the weather will be  frosty or not icy on a random day in England?, frosty or not icy,notAorB,30,2374503.487800,2374508.753580,5.265780
209,3,20,If the weather in England is not icy on a random daywhat is the probability that the weather will also be frosty on the same day?, frosty given not icy,BgnotA,40,2374508.921084,2374511.689530,2.768446
209,3,21,What is the probability that the weather will be  icy and frosty on a random day in England?, icy and frosty,AandB,30,2374511.904375,2374515.817427,3.913052
209,3,22,If the weather in England is icy on a random daywhat is the probability that the weather will also be not frosty on the same day?, not frosty given icy,notBgA,40,2374516.221012,2374520.193412,3.972400
209,3,23,What is the probability that the weather will be  icy or not frosty on a random day in England?, icy or not frosty,AornotB,30,2374520.454297,2374523.897309,3.443012
209,3,24,If the weather in England is typical on a random daywhat is the probability that the weather will also be normal on the same day?, normal given typical,AgB,40,2374524.020951,2374529.212055,5.191104
209,3,25,If the weather in England is not icy on a random daywhat is the probability that the weather will also be not frosty on the same day?, not frosty given not icy,notBgnotA,40,2374529.454223,2374535.081080,5.626858
209,3,26,If the weather in England is not typical on a random daywhat is the probability that the weather will also be normal on the same day?, normal given not typical,AgnotB,40,2374535.337513,2374541.652113,6.314600
209,3,27,What is the probability that the weather will be  not icy and not frosty on a random day in England?, not icy and not frosty,notAandnotB,30,2374541.837446,2374544.248954,2.411508
209,3,28,What is the probability that the weather will be  frosty and not icy on a random day in England?, frosty and not icy,notAandB,30,2374544.420731,2374548.728857,4.308126
209,3,29,What is the probability that the weather will be  normal or not typical on a random day in England?, normal or not typical,AornotB,50,2374548.987387,2374552.024775,3.037388
209,3,30,What is the probability that the weather will be  icy on a random day in England?, icy,A,3,2374552.237361,2374555.817110,3.579749
209,3,31,What is the probability that the weather will be  not icy on a random day in England?, not icy,notA,60,2374556.120698,2374563.297462,7.176764
209,3,32,If the weather in England is frosty on a random daywhat is the probability that the weather will also be icy on the same day?, icy given frosty,AgB,40,2374563.570517,2374567.400619,3.830102
209,3,33,If the weather in England is typical on a random daywhat is the probability that the weather will also be not normal on the same day?, not normal given typical,notAgB,30,2374567.653899,2374574.728431,7.074532
209,3,34,What is the probability that the weather will be  icy and not frosty on a random day in England?, icy and not frosty,AandnotB,30,2374574.970462,2374579.248300,4.277839
209,3,35,If the weather in England is not normal on a random daywhat is the probability that the weather will also be typical on the same day?, typical given not normal,BgnotA,30,2374579.453762,2374583.336203,3.882441
209,3,36,If the weather in England is not normal on a random daywhat is the probability that the weather will also be not typical on the same day?, not typical given not normal,notBgnotA,40,2374583.553744,2374586.624121,3.070378
209,3,37,What is the probability that the weather will be  typical on a random day in England?, typical,B,40,2374586.953712,2374589.568276,2.614564
209,3,38,If the weather in England is not frosty on a random daywhat is the probability that the weather will also be not icy on the same day?, not icy given not frosty,notAgnotB,40,2374589.787001,2374591.298698,1.511698
209,3,39,What is the probability that the weather will be  not typical on a random day in England?, not typical,notB,40,2374591.536993,2374595.591973,4.054980
209,3,40,What is the probability that the weather will be  normal on a random day in England?, normal,A,80,2374595.853626,2374601.360181,5.506556
