ID,block,trial,query,querydetail,querytype,estimate,starttime,endtime,RT
406,1,1,If the weather in England is typical on a random daywhat is the probability that the weather will also be normal on the same day?, normal given typical,AgB,70,2930237.395962,2930253.673968,16.278005
406,1,2,If the weather in England is not typical on a random daywhat is the probability that the weather will also be normal on the same day?, normal given not typical,AgnotB,30,2930253.796170,2930262.691016,8.894846
406,1,3,What is the probability that the weather will be  normal and not typical on a random day in England?, normal and not typical,AandnotB,40,2930262.846242,2930269.949057,7.102815
406,1,4,What is the probability that the weather will be  frosty and not icy on a random day in England?, frosty and not icy,notAandB,30,2930270.113067,2930278.572905,8.459837
406,1,5,If the weather in England is not normal on a random daywhat is the probability that the weather will also be typical on the same day?, typical given not normal,BgnotA,40,2930278.729799,2930287.428791,8.698992
406,1,6,If the weather in England is typical on a random daywhat is the probability that the weather will also be not normal on the same day?, not normal given typical,notAgB,4,2930287.596616,2930297.249138,9.652522
406,1,7,What is the probability that the weather will be  typical and not normal on a random day in England?, typical and not normal,notAandB,10,2930297.430067,2930305.940601,8.510534
406,1,8,What is the probability that the weather will be  icy or frosty on a random day in England?, icy or frosty,AorB,10,2930306.130136,2930312.564422,6.434286
406,1,9,What is the probability that the weather will be  normal or typical on a random day in England?, normal or typical,AorB,70,2930312.746904,2930319.948364,7.201460
406,1,10,What is the probability that the weather will be  icy and not frosty on a random day in England?, icy and not frosty,AandnotB,5,2930320.113647,2930326.780320,6.666672
406,1,11,What is the probability that the weather will be  not normal or not typical on a random day in England?, not normal or not typical,notAornotB,5,2930326.947102,2930341.636033,14.688931
406,1,12,What is the probability that the weather will be  normal or not typical on a random day in England?, normal or not typical,AornotB,5,2930341.797230,2930346.611943,4.814713
406,1,13,If the weather in England is frosty on a random daywhat is the probability that the weather will also be not icy on the same day?, not icy given frosty,notAgB,30,2930346.797293,2930417.107212,70.309919
406,1,14,What is the probability that the weather will be  not normal on a random day in England?, not normal,notA,30,2930417.281522,2930426.587094,9.305572
406,1,15,What is the probability that the weather will be  normal on a random day in England?, normal,A,70,2930426.781681,2930430.635086,3.853405
406,1,16,If the weather in England is frosty on a random daywhat is the probability that the weather will also be icy on the same day?, icy given frosty,AgB,10,2930430.831727,2930435.962959,5.131232
406,1,17,If the weather in England is normal on a random daywhat is the probability that the weather will also be typical on the same day?, typical given normal,BgA,50,2930436.148403,2930440.626960,4.478557
406,1,18,If the weather in England is icy on a random daywhat is the probability that the weather will also be not frosty on the same day?, not frosty given icy,notBgA,10,2930440.798490,2930447.802688,7.004198
406,1,19,What is the probability that the weather will be  typical or not normal on a random day in England?, typical or not normal,notAorB,30,2930447.981917,2930524.129834,76.147917
406,1,20,If the weather in England is icy on a random daywhat is the probability that the weather will also be frosty on the same day?, frosty given icy,BgA,10,2930524.299498,2930527.201913,2.902415
406,1,21,What is the probability that the weather will be  normal and typical on a random day in England?, normal and typical,AandB,50,2930527.382915,2930533.177721,5.794806
406,1,22,What is the probability that the weather will be  not icy and not frosty on a random day in England?, not icy and not frosty,notAandnotB,5,2930533.316296,2930541.593686,8.277390
406,1,23,If the weather in England is not normal on a random daywhat is the probability that the weather will also be not typical on the same day?, not typical given not normal,notBgnotA,40,2930541.766399,2930553.361583,11.595184
406,1,24,If the weather in England is not frosty on a random daywhat is the probability that the weather will also be not icy on the same day?, not icy given not frosty,notAgnotB,40,2930553.549879,2930562.361407,8.811528
406,1,25,What is the probability that the weather will be  not icy or not frosty on a random day in England?, not icy or not frosty,notAornotB,40,2930562.549993,2930567.265365,4.715372
406,1,26,What is the probability that the weather will be  not typical on a random day in England?, not typical,notB,40,2930567.449961,2930570.873443,3.423482
406,1,27,What is the probability that the weather will be  icy on a random day in England?, icy,A,10,2930571.066770,2930574.737497,3.670727
406,1,28,What is the probability that the weather will be  icy and frosty on a random day in England?, icy and frosty,AandB,10,2930574.900151,2930576.921288,2.021138
406,1,29,What is the probability that the weather will be  not icy on a random day in England?, not icy,notA,10,2930577.100170,2930580.785206,3.685036
406,1,30,What is the probability that the weather will be  frosty or not icy on a random day in England?, frosty or not icy,notAorB,10,2930580.950230,2930587.337027,6.386796
406,1,31,What is the probability that the weather will be  icy or not frosty on a random day in England?, icy or not frosty,AornotB,10,2930587.500312,2930589.129144,1.628832
406,1,32,If the weather in England is normal on a random daywhat is the probability that the weather will also be not typical on the same day?, not typical given normal,notBgA,30,2930589.300325,2930617.576761,28.276436
406,1,33,If the weather in England is not frosty on a random daywhat is the probability that the weather will also be icy on the same day?, icy given not frosty,AgnotB,10,2930617.767348,2930620.976877,3.209529
406,1,34,If the weather in England is not typical on a random daywhat is the probability that the weather will also be not normal on the same day?, not normal given not typical,notAgnotB,30,2930621.150702,2930628.440754,7.290052
406,1,35,What is the probability that the weather will be  not normal and not typical on a random day in England?, not normal and not typical,notAandnotB,30,2930628.650800,2930633.552564,4.901763
406,1,36,What is the probability that the weather will be  typical on a random day in England?, typical,B,30,2930633.734231,2930636.496882,2.762651
406,1,37,What is the probability that the weather will be  not frosty on a random day in England?, not frosty,notB,10,2930636.700909,2930638.608421,1.907512
406,1,38,If the weather in England is not icy on a random daywhat is the probability that the weather will also be not frosty on the same day?, not frosty given not icy,notBgnotA,13,2930638.767611,2930643.976395,5.208784
406,1,39,If the weather in England is not icy on a random daywhat is the probability that the weather will also be frosty on the same day?, frosty given not icy,BgnotA,30,2930644.151009,2930646.760410,2.609401
406,1,40,What is the probability that the weather will be  frosty on a random day in England?, frosty,B,1,2930646.951028,2930647.968390,1.017362
406,2,1,What is the probability that the weather will be  frosty on a random day in England?, frosty,B,10,2930648.101033,2930650.824445,2.723412
406,2,2,If the weather in England is typical on a random daywhat is the probability that the weather will also be normal on the same day?, normal given typical,AgB,30,2930650.951096,2930654.360249,3.409152
406,2,3,What is the probability that the weather will be  typical or not normal on a random day in England?, typical or not normal,notAorB,30,2930654.551117,2930669.912169,15.361052
406,2,4,What is the probability that the weather will be  normal and typical on a random day in England?, normal and typical,AandB,30,2930670.067997,2930671.944032,1.876034
406,2,5,What is the probability that the weather will be  typical and not normal on a random day in England?, typical and not normal,notAandB,30,2930672.018057,2930673.287975,1.269918
406,2,6,What is the probability that the weather will be  not frosty on a random day in England?, not frosty,notB,10,2930673.451367,2930676.151972,2.700605
406,2,7,If the weather in England is normal on a random daywhat is the probability that the weather will also be not typical on the same day?, not typical given normal,notBgA,40,2930676.351424,2930682.959952,6.608528
406,2,8,What is the probability that the weather will be  not icy or not frosty on a random day in England?, not icy or not frosty,notAornotB,10,2930683.084805,2930685.079825,1.995019
406,2,9,If the weather in England is not frosty on a random daywhat is the probability that the weather will also be icy on the same day?, icy given not frosty,AgnotB,30,2930685.251491,2930686.767691,1.516199
406,2,10,What is the probability that the weather will be  normal on a random day in England?, normal,A,60,2930686.951540,2930690.784154,3.832614
406,2,11,What is the probability that the weather will be  not normal and not typical on a random day in England?, not normal and not typical,notAandnotB,30,2930691.001590,2930695.367575,4.365984
406,2,12,What is the probability that the weather will be  normal or not typical on a random day in England?, normal or not typical,AornotB,30,2930695.534968,2930698.143574,2.608607
406,2,13,What is the probability that the weather will be  normal or typical on a random day in England?, normal or typical,AorB,40,2930698.335002,2930703.519497,5.184495
406,2,14,If the weather in England is typical on a random daywhat is the probability that the weather will also be not normal on the same day?, not normal given typical,notAgB,30,2930703.668387,2930709.135431,5.467044
406,2,15,If the weather in England is normal on a random daywhat is the probability that the weather will also be typical on the same day?, typical given normal,BgA,30,2930709.335152,2930710.511538,1.176387
406,2,16,What is the probability that the weather will be  typical on a random day in England?, typical,B,50,2930710.668503,2930714.839594,4.171091
406,2,17,What is the probability that the weather will be  frosty and not icy on a random day in England?, frosty and not icy,notAandB,10,2930714.985225,2930718.687285,3.702060
406,2,18,What is the probability that the weather will be  not normal or not typical on a random day in England?, not normal or not typical,notAornotB,10,2930718.868605,2930720.095278,1.226673
406,2,19,What is the probability that the weather will be  icy and not frosty on a random day in England?, icy and not frosty,AandnotB,10,2930720.251962,2930722.351240,2.099278
406,2,20,If the weather in England is not icy on a random daywhat is the probability that the weather will also be frosty on the same day?, frosty given not icy,BgnotA,10,2930722.551990,2930726.487213,3.935223
406,2,21,What is the probability that the weather will be  icy or not frosty on a random day in England?, icy or not frosty,AornotB,10,2930726.652039,2930728.127293,1.475254
406,2,22,If the weather in England is not icy on a random daywhat is the probability that the weather will also be not frosty on the same day?, not frosty given not icy,notBgnotA,10,2930728.302048,2930730.231168,1.929121
406,2,23,If the weather in England is not typical on a random daywhat is the probability that the weather will also be not normal on the same day?, not normal given not typical,notAgnotB,50,2930730.402088,2930732.495309,2.093221
406,2,24,If the weather in England is not normal on a random daywhat is the probability that the weather will also be not typical on the same day?, not typical given not normal,notBgnotA,50,2930732.618775,2930733.599293,0.980518
406,2,25,What is the probability that the weather will be  icy or frosty on a random day in England?, icy or frosty,AorB,10,2930733.785460,2930735.367108,1.581648
406,2,26,What is the probability that the weather will be  not typical on a random day in England?, not typical,notB,10,2930735.552132,2930736.695100,1.142968
406,2,27,If the weather in England is icy on a random daywhat is the probability that the weather will also be frosty on the same day?, frosty given icy,BgA,10,2930736.868865,2930739.335074,2.466209
406,2,28,If the weather in England is frosty on a random daywhat is the probability that the weather will also be icy on the same day?, icy given frosty,AgB,50,2930739.468861,2930740.871036,1.402175
406,2,29,If the weather in England is not typical on a random daywhat is the probability that the weather will also be normal on the same day?, normal given not typical,AgnotB,50,2930741.035543,2930744.598970,3.563427
406,2,30,What is the probability that the weather will be  icy and frosty on a random day in England?, icy and frosty,AandB,10,2930744.735589,2930746.630951,1.895362
406,2,31,If the weather in England is not frosty on a random daywhat is the probability that the weather will also be not icy on the same day?, not icy given not frosty,notAgnotB,10,2930746.802281,2930750.150895,3.348613
406,2,32,If the weather in England is icy on a random daywhat is the probability that the weather will also be not frosty on the same day?, not frosty given icy,notBgA,10,2930750.285672,2930752.982891,2.697219
406,2,33,What is the probability that the weather will be  frosty or not icy on a random day in England?, frosty or not icy,notAorB,10,2930753.169031,2930755.862905,2.693874
406,2,34,What is the probability that the weather will be  not icy on a random day in England?, not icy,notA,10,2930756.035732,2930757.262827,1.227095
406,2,35,What is the probability that the weather will be  not normal on a random day in England?, not normal,notA,30,2930757.385729,2930760.150797,2.765068
406,2,36,What is the probability that the weather will be  normal and not typical on a random day in England?, normal and not typical,AandnotB,60,2930760.285789,2930765.838716,5.552927
406,2,37,If the weather in England is not normal on a random daywhat is the probability that the weather will also be typical on the same day?, typical given not normal,BgnotA,50,2930765.969164,2930771.414669,5.445505
406,2,38,What is the probability that the weather will be  icy on a random day in England?, icy,A,5,2930771.535937,2930776.102573,4.566636
406,2,39,If the weather in England is frosty on a random daywhat is the probability that the weather will also be not icy on the same day?, not icy given frosty,notAgB,5,2930776.252646,2930780.278693,4.026047
406,2,40,What is the probability that the weather will be  not icy and not frosty on a random day in England?, not icy and not frosty,notAandnotB,5,2930780.469369,2930781.518681,1.049313
406,3,1,What is the probability that the weather will be  normal or typical on a random day in England?, normal or typical,AorB,50,2930781.669367,2930783.790499,2.121132
406,3,2,What is the probability that the weather will be  icy on a random day in England?, icy,A,5,2930783.969412,2930787.582534,3.613123
406,3,3,What is the probability that the weather will be  frosty or not icy on a random day in England?, frosty or not icy,notAorB,5,2930787.752788,2930791.254582,3.501794
406,3,4,What is the probability that the weather will be  not normal and not typical on a random day in England?, not normal and not typical,notAandnotB,50,2930791.419503,2930793.238375,1.818873
406,3,5,What is the probability that the weather will be  frosty and not icy on a random day in England?, frosty and not icy,notAandB,5,2930793.402832,2930795.118450,1.715618
406,3,6,If the weather in England is not typical on a random daywhat is the probability that the weather will also be normal on the same day?, normal given not typical,AgnotB,40,2930795.302895,2930800.302283,4.999387
406,3,7,If the weather in England is typical on a random daywhat is the probability that the weather will also be not normal on the same day?, not normal given typical,notAgB,40,2930800.469626,2930802.414999,1.945374
406,3,8,If the weather in England is not typical on a random daywhat is the probability that the weather will also be not normal on the same day?, not normal given not typical,notAgnotB,40,2930802.502955,2930803.654267,1.151312
406,3,9,If the weather in England is normal on a random daywhat is the probability that the weather will also be not typical on the same day?, not typical given normal,notBgA,40,2930803.819634,2930805.798259,1.978626
406,3,10,What is the probability that the weather will be  icy and frosty on a random day in England?, icy and frosty,AandB,40,2930805.986335,2930807.662219,1.675884
406,3,11,What is the probability that the weather will be  typical or not normal on a random day in England?, typical or not normal,notAorB,40,2930807.819709,2930812.006166,4.186457
406,3,12,If the weather in England is icy on a random daywhat is the probability that the weather will also be frosty on the same day?, frosty given icy,BgA,40,2930812.169746,2930815.470119,3.300373
406,3,13,What is the probability that the weather will be  typical and not normal on a random day in England?, typical and not normal,notAandB,40,2930815.686472,2930817.774101,2.087629
406,3,14,If the weather in England is normal on a random daywhat is the probability that the weather will also be typical on the same day?, typical given normal,BgA,40,2930817.969825,2930820.046068,2.076243
406,3,15,What is the probability that the weather will be  not normal on a random day in England?, not normal,notA,40,2930820.203201,2930821.902072,1.698872
406,3,16,If the weather in England is not icy on a random daywhat is the probability that the weather will also be frosty on the same day?, frosty given not icy,BgnotA,5,2930822.053225,2930831.262006,9.208781
406,3,17,What is the probability that the weather will be  not typical on a random day in England?, not typical,notB,30,2930831.436642,2930836.709853,5.273212
406,3,18,What is the probability that the weather will be  typical on a random day in England?, typical,B,50,2930836.903394,2930840.374175,3.470782
406,3,19,If the weather in England is not icy on a random daywhat is the probability that the weather will also be not frosty on the same day?, not frosty given not icy,notBgnotA,10,2930840.503450,2930845.831141,5.327691
406,3,20,What is the probability that the weather will be  not normal or not typical on a random day in England?, not normal or not typical,notAornotB,30,2930846.020172,2930854.693652,8.673480
406,3,21,What is the probability that the weather will be  icy and not frosty on a random day in England?, icy and not frosty,AandnotB,10,2930854.870277,2930857.573600,2.703323
406,3,22,If the weather in England is not frosty on a random daywhat is the probability that the weather will also be icy on the same day?, icy given not frosty,AgnotB,50,2930857.720305,2930862.429566,4.709261
406,3,23,If the weather in England is not normal on a random daywhat is the probability that the weather will also be typical on the same day?, typical given not normal,BgnotA,20,2930862.603727,2930867.950013,5.346286
406,3,24,What is the probability that the weather will be  icy or frosty on a random day in England?, icy or frosty,AorB,5,2930868.137120,2930870.989894,2.852775
406,3,25,What is the probability that the weather will be  frosty on a random day in England?, frosty,B,5,2930871.170502,2930872.117699,0.947198
406,3,26,What is the probability that the weather will be  normal and typical on a random day in England?, normal and typical,AandB,5,2930872.287162,2930876.693514,4.406353
406,3,27,If the weather in England is frosty on a random daywhat is the probability that the weather will also be icy on the same day?, icy given frosty,AgB,5,2930876.887235,2930880.261420,3.374185
406,3,28,What is the probability that the weather will be  not icy and not frosty on a random day in England?, not icy and not frosty,notAandnotB,45,2930880.420608,2930887.877281,7.456673
406,3,29,What is the probability that the weather will be  normal and not typical on a random day in England?, normal and not typical,AandnotB,50,2930888.070707,2930895.861047,7.790339
406,3,30,If the weather in England is not frosty on a random daywhat is the probability that the weather will also be not icy on the same day?, not icy given not frosty,notAgnotB,66,2930896.037474,2930907.133012,11.095539
406,3,31,What is the probability that the weather will be  icy or not frosty on a random day in England?, icy or not frosty,AornotB,6,2930907.304258,2930910.277276,2.973018
406,3,32,If the weather in England is icy on a random daywhat is the probability that the weather will also be not frosty on the same day?, not frosty given icy,notBgA,30,2930910.470995,2930915.276930,4.805935
406,3,33,What is the probability that the weather will be  not frosty on a random day in England?, not frosty,notB,10,2930915.504358,2930917.748874,2.244516
406,3,34,If the weather in England is typical on a random daywhat is the probability that the weather will also be normal on the same day?, normal given typical,AgB,60,2930917.937758,2930922.964800,5.027043
406,3,35,What is the probability that the weather will be  not icy or not frosty on a random day in England?, not icy or not frosty,notAornotB,56,2930923.104476,2930927.548738,4.444262
406,3,36,If the weather in England is not normal on a random daywhat is the probability that the weather will also be not typical on the same day?, not typical given not normal,notBgnotA,20,2930927.737853,2930932.924685,5.186832
406,3,37,What is the probability that the weather will be  normal or not typical on a random day in England?, normal or not typical,AornotB,20,2930933.137931,2930939.294206,6.156275
406,3,38,If the weather in England is frosty on a random daywhat is the probability that the weather will also be not icy on the same day?, not icy given frosty,notAgB,5,2930939.454681,2930944.908660,5.453979
406,3,39,What is the probability that the weather will be  not icy on a random day in England?, not icy,notA,5,2930945.088061,2930946.420770,1.332709
406,3,40,What is the probability that the weather will be  normal on a random day in England?, normal,A,70,2930946.621438,2930950.084677,3.463239
