ID,block,trial,query,querydetail,querytype,estimate,starttime,endtime,RT
503,1,1,What is the probability that the weather will be  not icy and not frosty on a random day in England?, not icy and not frosty,notAandnotB,92,1975942.749949,1975976.189508,33.439559
503,1,2,If the weather in England is not frosty on a random daywhat is the probability that the weather will also be not icy on the same day?, not icy given not frosty,notAgnotB,98,1975976.366514,1975999.878683,23.512169
503,1,3,If the weather in England is not icy on a random daywhat is the probability that the weather will also be not frosty on the same day?, not frosty given not icy,notBgnotA,99,1976000.016437,1976013.384310,13.367873
503,1,4,If the weather in England is frosty on a random daywhat is the probability that the weather will also be icy on the same day?, icy given frosty,AgB,98,1976013.583071,1976019.976167,6.393096
503,1,5,What is the probability that the weather will be  normal or not typical on a random day in England?, normal or not typical,AornotB,90,1976020.183037,1976035.599799,15.416762
503,1,6,What is the probability that the weather will be  not normal on a random day in England?, not normal,notA,5,1976035.849693,1976043.204142,7.354450
503,1,7,What is the probability that the weather will be  icy or not frosty on a random day in England?, icy or not frosty,AornotB,30,1976043.399658,1976064.759240,21.359582
503,1,8,What is the probability that the weather will be  normal and typical on a random day in England?, normal and typical,AandB,95,1976065.116312,1976072.479086,7.362774
503,1,9,If the weather in England is normal on a random daywhat is the probability that the weather will also be typical on the same day?, typical given normal,BgA,90,1976072.666284,1976087.814753,15.148469
503,1,10,What is the probability that the weather will be  typical on a random day in England?, typical,B,98,1976087.966244,1976095.886561,7.920317
503,1,11,If the weather in England is frosty on a random daywhat is the probability that the weather will also be not icy on the same day?, not icy given frosty,notAgB,10,1976096.032846,1976114.926209,18.893364
503,1,12,What is the probability that the weather will be  not frosty on a random day in England?, not frosty,notB,99,1976115.082803,1976121.118190,6.035387
503,1,13,What is the probability that the weather will be  not normal or not typical on a random day in England?, not normal or not typical,notAornotB,5,1976121.232763,1976126.286117,5.053355
503,1,14,If the weather in England is not normal on a random daywhat is the probability that the weather will also be not typical on the same day?, not typical given not normal,notBgnotA,80,1976126.466079,1976140.597696,14.131617
503,1,15,What is the probability that the weather will be  normal or typical on a random day in England?, normal or typical,AorB,80,1976140.749376,1976148.229581,7.480205
503,1,16,What is the probability that the weather will be  not icy on a random day in England?, not icy,notA,95,1976148.349380,1976153.973322,5.623942
503,1,17,If the weather in England is not frosty on a random daywhat is the probability that the weather will also be icy on the same day?, icy given not frosty,AgnotB,2,1976154.082702,1976170.077062,15.994360
503,1,18,What is the probability that the weather will be  frosty on a random day in England?, frosty,B,5,1976170.232645,1976176.996956,6.764310
503,1,19,If the weather in England is typical on a random daywhat is the probability that the weather will also be not normal on the same day?, not normal given typical,notAgB,0,1976177.165962,1976196.478298,19.312337
503,1,20,If the weather in England is not icy on a random daywhat is the probability that the weather will also be frosty on the same day?, frosty given not icy,BgnotA,5,1976196.599221,1976221.220073,24.620852
503,1,21,What is the probability that the weather will be  frosty or not icy on a random day in England?, frosty or not icy,notAorB,5,1976221.365834,1976227.531711,6.165877
503,1,22,If the weather in England is not typical on a random daywhat is the probability that the weather will also be normal on the same day?, normal given not typical,AgnotB,75,1976227.665826,1976250.539202,22.873376
503,1,23,What is the probability that the weather will be  normal on a random day in England?, normal,A,80,1976250.715728,1976254.355632,3.639904
503,1,24,If the weather in England is icy on a random daywhat is the probability that the weather will also be frosty on the same day?, frosty given icy,BgA,98,1976254.465721,1976268.626869,14.161148
503,1,25,What is the probability that the weather will be  normal and not typical on a random day in England?, normal and not typical,AandnotB,15,1976268.732371,1976277.387011,8.654640
503,1,26,What is the probability that the weather will be  icy or frosty on a random day in England?, icy or frosty,AorB,5,1976277.499008,1976283.202632,5.703623
503,1,27,What is the probability that the weather will be  icy on a random day in England?, icy,A,3,1976283.332313,1976289.130632,5.798320
503,1,28,If the weather in England is normal on a random daywhat is the probability that the weather will also be not typical on the same day?, not typical given normal,notBgA,10,1976289.265650,1976323.377639,34.111989
503,1,29,If the weather in England is not normal on a random daywhat is the probability that the weather will also be typical on the same day?, typical given not normal,BgnotA,10,1976323.565522,1976331.433762,7.868240
503,1,30,What is the probability that the weather will be  typical and not normal on a random day in England?, typical and not normal,notAandB,15,1976331.665507,1976351.569136,19.903630
503,1,31,What is the probability that the weather will be  not icy or not frosty on a random day in England?, not icy or not frosty,notAornotB,99,1976351.848782,1976359.417056,7.568274
503,1,32,What is the probability that the weather will be  typical or not normal on a random day in England?, typical or not normal,notAorB,15,1976359.598715,1976375.768562,16.169848
503,1,33,What is the probability that the weather will be  not typical on a random day in England?, not typical,notB,5,1976375.998736,1976380.184541,4.185804
503,1,34,If the weather in England is typical on a random daywhat is the probability that the weather will also be normal on the same day?, normal given typical,AgB,99,1976380.432059,1976388.976307,8.544248
503,1,35,If the weather in England is not typical on a random daywhat is the probability that the weather will also be not normal on the same day?, not normal given not typical,notAgnotB,5,1976389.182012,1976403.288357,14.106345
503,1,36,What is the probability that the weather will be  icy and not frosty on a random day in England?, icy and not frosty,AandnotB,2,1976403.448669,1976415.815612,12.366943
503,1,37,What is the probability that the weather will be  frosty and not icy on a random day in England?, frosty and not icy,notAandB,2,1976415.965294,1976417.903878,1.938583
503,1,38,If the weather in England is icy on a random daywhat is the probability that the weather will also be not frosty on the same day?, not frosty given icy,notBgA,2,1976418.065278,1976423.263630,5.198352
503,1,39,What is the probability that the weather will be  icy and frosty on a random day in England?, icy and frosty,AandB,7,1976424.065252,1976452.327143,28.261891
503,1,40,What is the probability that the weather will be  not normal and not typical on a random day in England?, not normal and not typical,notAandnotB,2,1976452.431861,1976460.430953,7.999092
503,2,1,What is the probability that the weather will be  frosty or not icy on a random day in England?, frosty or not icy,notAorB,2,1976460.565180,1976468.782647,8.217468
503,2,2,What is the probability that the weather will be  not icy on a random day in England?, not icy,notA,98,1976469.781790,1976476.014669,6.232879
503,2,3,If the weather in England is icy on a random daywhat is the probability that the weather will also be not frosty on the same day?, not frosty given icy,notBgA,5,1976476.165100,1976510.213793,34.048693
503,2,4,What is the probability that the weather will be  typical or not normal on a random day in England?, typical or not normal,notAorB,5,1976510.514993,1976516.333932,5.818938
503,2,5,What is the probability that the weather will be  icy or not frosty on a random day in England?, icy or not frosty,AornotB,7,1976516.581684,1976524.005563,7.423878
503,2,6,What is the probability that the weather will be  not normal or not typical on a random day in England?, not normal or not typical,notAornotB,10,1976524.181651,1976539.421179,15.239528
503,2,7,What is the probability that the weather will be  not normal on a random day in England?, not normal,notA,5,1976539.748275,1976605.859846,66.111571
503,2,8,What is the probability that the weather will be  typical and not normal on a random day in England?, typical and not normal,notAandB,3,1976606.064750,1976611.291585,5.226835
503,2,9,What is the probability that the weather will be  frosty and not icy on a random day in England?, frosty and not icy,notAandB,2,1976611.414718,1976622.091389,10.676671
503,2,10,What is the probability that the weather will be  frosty on a random day in England?, frosty,B,5,1976622.264724,1976637.341161,15.076436
503,2,11,What is the probability that the weather will be  normal or typical on a random day in England?, normal or typical,AorB,95,1976637.514647,1976650.058864,12.544217
503,2,12,What is the probability that the weather will be  normal and not typical on a random day in England?, normal and not typical,AandnotB,70,1976650.214633,1976661.458606,11.243974
503,2,13,If the weather in England is not icy on a random daywhat is the probability that the weather will also be not frosty on the same day?, not frosty given not icy,notBgnotA,90,1976661.597947,1976675.930315,14.332368
503,2,14,What is the probability that the weather will be  icy and not frosty on a random day in England?, icy and not frosty,AandnotB,5,1976676.064572,1976687.370226,11.305653
503,2,15,What is the probability that the weather will be  not icy or not frosty on a random day in England?, not icy or not frosty,notAornotB,80,1976687.514537,1976701.649823,14.135286
503,2,16,What is the probability that the weather will be  not typical on a random day in England?, not typical,notB,5,1976701.747825,1976710.017524,8.269699
503,2,17,If the weather in England is typical on a random daywhat is the probability that the weather will also be normal on the same day?, normal given typical,AgB,95,1976710.164463,1976722.305277,12.140814
503,2,18,What is the probability that the weather will be  not frosty on a random day in England?, not frosty,notB,98,1976722.464428,1976727.113635,4.649207
503,2,19,If the weather in England is not frosty on a random daywhat is the probability that the weather will also be icy on the same day?, icy given not frosty,AgnotB,3,1976727.247754,1976755.216601,27.968847
503,2,20,If the weather in England is typical on a random daywhat is the probability that the weather will also be not normal on the same day?, not normal given typical,notAgB,2,1976755.497647,1976777.360309,21.862662
503,2,21,If the weather in England is frosty on a random daywhat is the probability that the weather will also be icy on the same day?, icy given frosty,AgB,80,1976777.480942,1976792.088177,14.607236
503,2,22,If the weather in England is frosty on a random daywhat is the probability that the weather will also be not icy on the same day?, not icy given frosty,notAgB,20,1976792.247547,1976800.015787,7.768240
503,2,23,If the weather in England is not normal on a random daywhat is the probability that the weather will also be typical on the same day?, typical given not normal,BgnotA,7,1976800.147555,1976808.919609,8.772055
503,2,24,What is the probability that the weather will be  icy on a random day in England?, icy,A,4,1976808.997524,1976822.055249,13.057725
503,2,25,If the weather in England is not frosty on a random daywhat is the probability that the weather will also be not icy on the same day?, not icy given not frosty,notAgnotB,95,1976822.197488,1976833.415047,11.217559
503,2,26,If the weather in England is icy on a random daywhat is the probability that the weather will also be frosty on the same day?, frosty given icy,BgA,80,1976833.580782,1976881.758105,48.177323
503,2,27,What is the probability that the weather will be  normal and typical on a random day in England?, normal and typical,AandB,95,1976881.897324,1976888.157880,6.260556
503,2,28,What is the probability that the weather will be  not normal and not typical on a random day in England?, not normal and not typical,notAandnotB,2,1976888.330607,1976897.837597,9.506990
503,2,29,What is the probability that the weather will be  icy and frosty on a random day in England?, icy and frosty,AandB,5,1976897.963927,1976901.215249,3.251322
503,2,30,What is the probability that the weather will be  typical on a random day in England?, typical,B,98,1976901.380589,1976911.013952,9.633363
503,2,31,What is the probability that the weather will be  icy or frosty on a random day in England?, icy or frosty,AorB,4,1976911.163880,1976917.293228,6.129347
503,2,32,If the weather in England is normal on a random daywhat is the probability that the weather will also be not typical on the same day?, not typical given normal,notBgA,20,1976917.463899,1976951.524602,34.060703
503,2,33,If the weather in England is not typical on a random daywhat is the probability that the weather will also be normal on the same day?, normal given not typical,AgnotB,7,1976951.663766,1976959.348516,7.684750
503,2,34,If the weather in England is not typical on a random daywhat is the probability that the weather will also be not normal on the same day?, not normal given not typical,notAgnotB,20,1976959.530434,1976968.252182,8.721748
503,2,35,If the weather in England is not normal on a random daywhat is the probability that the weather will also be not typical on the same day?, not typical given not normal,notBgnotA,80,1976968.397078,1976983.707962,15.310884
503,2,36,If the weather in England is normal on a random daywhat is the probability that the weather will also be typical on the same day?, typical given normal,BgA,99,1976983.813681,1976994.403603,10.589921
503,2,37,What is the probability that the weather will be  not icy and not frosty on a random day in England?, not icy and not frosty,notAandnotB,99,1976994.530333,1976998.339526,3.809193
503,2,38,What is the probability that the weather will be  normal on a random day in England?, normal,A,99,1976998.480319,1977003.803527,5.323208
503,2,39,What is the probability that the weather will be  normal or not typical on a random day in England?, normal or not typical,AornotB,82,1977003.980313,1977011.731126,7.750813
503,2,40,If the weather in England is not icy on a random daywhat is the probability that the weather will also be frosty on the same day?, frosty given not icy,BgnotA,5,1977011.880266,1977029.586676,17.706410
503,3,1,What is the probability that the weather will be  icy on a random day in England?, icy,A,5,1977029.863566,1977031.741816,1.878250
503,3,2,What is the probability that the weather will be  not normal and not typical on a random day in England?, not normal and not typical,notAandnotB,5,1977031.946881,1977035.402534,3.455653
503,3,3,What is the probability that the weather will be  not normal on a random day in England?, not normal,notA,4,1977035.563539,1977039.034492,3.470953
503,3,4,If the weather in England is not icy on a random daywhat is the probability that the weather will also be frosty on the same day?, frosty given not icy,BgnotA,2,1977039.180179,1977049.986238,10.806059
503,3,5,If the weather in England is not frosty on a random daywhat is the probability that the weather will also be not icy on the same day?, not icy given not frosty,notAgnotB,2,1977050.096842,1977053.066523,2.969681
503,3,6,What is the probability that the weather will be  not normal or not typical on a random day in England?, not normal or not typical,notAornotB,5,1977053.163505,1977056.786325,3.622820
503,3,7,If the weather in England is typical on a random daywhat is the probability that the weather will also be normal on the same day?, normal given typical,AgB,99,1977056.930156,1977061.458049,4.527893
503,3,8,What is the probability that the weather will be  normal or not typical on a random day in England?, normal or not typical,AornotB,3,1977061.630147,1977068.833978,7.203831
503,3,9,What is the probability that the weather will be  frosty on a random day in England?, frosty,B,4,1977069.013430,1977072.906047,3.892616
503,3,10,If the weather in England is icy on a random daywhat is the probability that the weather will also be frosty on the same day?, frosty given icy,BgA,98,1977073.063416,1977079.721647,6.658231
503,3,11,If the weather in England is icy on a random daywhat is the probability that the weather will also be not frosty on the same day?, not frosty given icy,notBgA,15,1977079.896761,1977088.747041,8.850280
503,3,12,What is the probability that the weather will be  normal and not typical on a random day in England?, normal and not typical,AandnotB,15,1977088.913382,1977095.729510,6.816128
503,3,13,If the weather in England is normal on a random daywhat is the probability that the weather will also be not typical on the same day?, not typical given normal,notBgA,10,1977095.880025,1977121.168738,25.288713
503,3,14,If the weather in England is not typical on a random daywhat is the probability that the weather will also be normal on the same day?, normal given not typical,AgnotB,80,1977121.296637,1977132.584746,11.288109
503,3,15,If the weather in England is not normal on a random daywhat is the probability that the weather will also be typical on the same day?, typical given not normal,BgnotA,80,1977132.746605,1977138.080418,5.333813
503,3,16,If the weather in England is not typical on a random daywhat is the probability that the weather will also be not normal on the same day?, not normal given not typical,notAgnotB,10,1977138.213258,1977147.616296,9.403038
503,3,17,What is the probability that the weather will be  not icy and not frosty on a random day in England?, not icy and not frosty,notAandnotB,97,1977147.813244,1977154.976086,7.162842
503,3,18,What is the probability that the weather will be  icy and not frosty on a random day in England?, icy and not frosty,AandnotB,2,1977155.146592,1977160.536583,5.389991
503,3,19,What is the probability that the weather will be  frosty and not icy on a random day in England?, frosty and not icy,notAandB,3,1977160.713208,1977164.610642,3.897434
503,3,20,What is the probability that the weather will be  icy or not frosty on a random day in England?, icy or not frosty,AornotB,3,1977164.763188,1977168.791739,4.028551
503,3,21,If the weather in England is normal on a random daywhat is the probability that the weather will also be typical on the same day?, typical given normal,BgA,98,1977168.979843,1977174.831661,5.851818
503,3,22,What is the probability that the weather will be  not icy or not frosty on a random day in England?, not icy or not frosty,notAornotB,99,1977174.996471,1977183.151485,8.155013
503,3,23,If the weather in England is not frosty on a random daywhat is the probability that the weather will also be icy on the same day?, icy given not frosty,AgnotB,10,1977183.379804,1977199.775151,16.395347
503,3,24,What is the probability that the weather will be  not icy on a random day in England?, not icy,notA,97,1977199.963074,1977205.415413,5.452339
503,3,25,If the weather in England is not icy on a random daywhat is the probability that the weather will also be not frosty on the same day?, not frosty given not icy,notBgnotA,90,1977205.629740,1977244.022223,38.392483
503,3,26,What is the probability that the weather will be  icy and frosty on a random day in England?, icy and frosty,AandB,5,1977244.262974,1977247.950176,3.687202
503,3,27,What is the probability that the weather will be  normal and typical on a random day in England?, normal and typical,AandB,99,1977248.129590,1977251.126001,2.996411
503,3,28,If the weather in England is frosty on a random daywhat is the probability that the weather will also be not icy on the same day?, not icy given frosty,notAgB,5,1977251.296267,1977258.213844,6.917577
503,3,29,What is the probability that the weather will be  frosty or not icy on a random day in England?, frosty or not icy,notAorB,3,1977258.429573,1977264.205848,5.776276
503,3,30,What is the probability that the weather will be  normal or typical on a random day in England?, normal or typical,AorB,98,1977264.396241,1977267.301694,2.905453
503,3,31,What is the probability that the weather will be  typical on a random day in England?, typical,B,95,1977267.529557,1977272.741897,5.212340
503,3,32,If the weather in England is frosty on a random daywhat is the probability that the weather will also be icy on the same day?, icy given frosty,AgB,95,1977272.962874,1977315.140759,42.177884
503,3,33,What is the probability that the weather will be  not frosty on a random day in England?, not frosty,notB,95,1977315.262741,1977321.756578,6.493837
503,3,34,What is the probability that the weather will be  icy or frosty on a random day in England?, icy or frosty,AorB,5,1977321.879390,1977326.220445,4.341055
503,3,35,What is the probability that the weather will be  not typical on a random day in England?, not typical,notB,7,1977326.362714,1977331.972276,5.609562
503,3,36,What is the probability that the weather will be  typical and not normal on a random day in England?, typical and not normal,notAandB,2,1977332.162693,1977336.764237,4.601544
503,3,37,What is the probability that the weather will be  normal on a random day in England?, normal,A,99,1977336.912685,1977341.188489,4.275805
503,3,38,If the weather in England is typical on a random daywhat is the probability that the weather will also be not normal on the same day?, not normal given typical,notAgB,1,1977341.329330,1977358.163764,16.834433
503,3,39,What is the probability that the weather will be  typical or not normal on a random day in England?, typical or not normal,notAorB,5,1977358.295976,1977381.278492,22.982516
503,3,40,If the weather in England is not normal on a random daywhat is the probability that the weather will also be not typical on the same day?, not typical given not normal,notBgnotA,30,1977381.479241,1977389.963148,8.483907
