ID,block,trial,query,querydetail,querytype,estimate,starttime,endtime,RT
303,1,1,If the weather in England is typical on a random daywhat is the probability that the weather will also be normal on the same day?, normal given typical,AgB,50,2376690.803626,2376715.540886,24.737259
303,1,2,What is the probability that the weather will be  frosty on a random day in England?, frosty,B,20,2376715.653381,2376728.148803,12.495422
303,1,3,What is the probability that the weather will be  typical or not normal on a random day in England?, typical or not normal,notAorB,25,2376728.236612,2376757.102260,28.865648
303,1,4,If the weather in England is not typical on a random daywhat is the probability that the weather will also be not normal on the same day?, not normal given not typical,notAgnotB,10,2376757.219669,2376775.293736,18.074067
303,1,5,What is the probability that the weather will be  not icy and not frosty on a random day in England?, not icy and not frosty,notAandnotB,80,2376775.386203,2376784.253433,8.867231
303,1,6,What is the probability that the weather will be  not icy on a random day in England?, not icy,notA,80,2376784.352785,2376790.045285,5.692501
303,1,7,If the weather in England is not normal on a random daywhat is the probability that the weather will also be typical on the same day?, typical given not normal,BgnotA,0,2376790.152752,2376803.169483,13.016731
303,1,8,What is the probability that the weather will be  normal and not typical on a random day in England?, normal and not typical,AandnotB,20,2376803.252590,2376812.708700,9.456110
303,1,9,What is the probability that the weather will be  normal or typical on a random day in England?, normal or typical,AorB,90,2376812.802579,2376821.300419,8.497840
303,1,10,What is the probability that the weather will be  not normal on a random day in England?, not normal,notA,30,2376821.368588,2376828.756222,7.387634
303,1,11,What is the probability that the weather will be  normal on a random day in England?, normal,A,85,2376828.835769,2376841.395957,12.560188
303,1,12,If the weather in England is not normal on a random daywhat is the probability that the weather will also be not typical on the same day?, not typical given not normal,notBgnotA,90,2376841.502257,2376854.947596,13.445339
303,1,13,If the weather in England is typical on a random daywhat is the probability that the weather will also be not normal on the same day?, not normal given typical,notAgB,0,2376855.052146,2376865.851432,10.799286
303,1,14,What is the probability that the weather will be  icy and not frosty on a random day in England?, icy and not frosty,AandnotB,10,2376865.935387,2376875.259118,9.323731
303,1,15,If the weather in England is icy on a random daywhat is the probability that the weather will also be frosty on the same day?, frosty given icy,BgA,90,2376875.352014,2376881.338871,5.986857
303,1,16,What is the probability that the weather will be  not normal or not typical on a random day in England?, not normal or not typical,notAornotB,20,2376881.418601,2376905.554259,24.135658
303,1,17,What is the probability that the weather will be  icy and frosty on a random day in England?, icy and frosty,AandB,25,2376905.635040,2376913.769993,8.134953
303,1,18,What is the probability that the weather will be  frosty and not icy on a random day in England?, frosty and not icy,notAandB,10,2376913.851608,2376919.681753,5.830145
303,1,19,If the weather in England is normal on a random daywhat is the probability that the weather will also be typical on the same day?, typical given normal,BgA,90,2376919.818217,2376931.433562,11.615345
303,1,20,If the weather in England is normal on a random daywhat is the probability that the weather will also be not typical on the same day?, not typical given normal,notBgA,10,2376931.534798,2376940.737559,9.202762
303,1,21,What is the probability that the weather will be  not normal and not typical on a random day in England?, not normal and not typical,notAandnotB,20,2376940.851413,2376949.240980,8.389567
303,1,22,What is the probability that the weather will be  typical and not normal on a random day in England?, typical and not normal,notAandB,20,2376949.351290,2376955.984829,6.633539
303,1,23,If the weather in England is icy on a random daywhat is the probability that the weather will also be not frosty on the same day?, not frosty given icy,notBgA,20,2376956.084562,2376972.952259,16.867697
303,1,24,What is the probability that the weather will be  normal or not typical on a random day in England?, normal or not typical,AornotB,80,2376973.051075,2376994.639896,21.588821
303,1,25,If the weather in England is frosty on a random daywhat is the probability that the weather will also be not icy on the same day?, not icy given frosty,notAgB,10,2376994.767559,2377000.111495,5.343936
303,1,26,If the weather in England is not frosty on a random daywhat is the probability that the weather will also be not icy on the same day?, not icy given not frosty,notAgnotB,90,2377000.250861,2377012.767510,12.516649
303,1,27,What is the probability that the weather will be  not icy or not frosty on a random day in England?, not icy or not frosty,notAornotB,80,2377012.867417,2377019.543079,6.675662
303,1,28,If the weather in England is not frosty on a random daywhat is the probability that the weather will also be icy on the same day?, icy given not frosty,AgnotB,20,2377019.634011,2377024.350986,4.716975
303,1,29,If the weather in England is not typical on a random daywhat is the probability that the weather will also be normal on the same day?, normal given not typical,AgnotB,20,2377024.467295,2377036.854714,12.387419
303,1,30,What is the probability that the weather will be  frosty or not icy on a random day in England?, frosty or not icy,notAorB,80,2377036.950529,2377041.734346,4.783817
303,1,31,What is the probability that the weather will be  not frosty on a random day in England?, not frosty,notB,80,2377041.833778,2377045.798379,3.964601
303,1,32,If the weather in England is not icy on a random daywhat is the probability that the weather will also be not frosty on the same day?, not frosty given not icy,notBgnotA,90,2377045.917097,2377055.142025,9.224928
303,1,33,What is the probability that the weather will be  icy on a random day in England?, icy,A,30,2377055.250362,2377066.486279,11.235917
303,1,34,What is the probability that the weather will be  icy or frosty on a random day in England?, icy or frosty,AorB,30,2377066.616922,2377076.541475,9.924553
303,1,35,If the weather in England is frosty on a random daywhat is the probability that the weather will also be icy on the same day?, icy given frosty,AgB,90,2377076.666827,2377088.653150,11.986322
303,1,36,If the weather in England is not icy on a random daywhat is the probability that the weather will also be frosty on the same day?, frosty given not icy,BgnotA,20,2377088.766728,2377095.620962,6.854234
303,1,37,What is the probability that the weather will be  normal and typical on a random day in England?, normal and typical,AandB,90,2377095.766658,2377100.628805,4.862147
303,1,38,What is the probability that the weather will be  not typical on a random day in England?, not typical,notB,20,2377100.749920,2377106.444672,5.694752
303,1,39,What is the probability that the weather will be  icy or not frosty on a random day in England?, icy or not frosty,AornotB,20,2377106.566569,2377117.996407,11.429838
303,1,40,What is the probability that the weather will be  typical on a random day in England?, typical,B,90,2377118.116450,2377122.548447,4.431997
303,2,1,If the weather in England is frosty on a random daywhat is the probability that the weather will also be icy on the same day?, icy given frosty,AgB,90,2377122.683065,2377128.060042,5.376977
303,2,2,What is the probability that the weather will be  not frosty on a random day in England?, not frosty,notB,80,2377128.183035,2377142.803682,14.620647
303,2,3,What is the probability that the weather will be  normal on a random day in England?, normal,A,80,2377142.916237,2377147.003628,4.087390
303,2,4,What is the probability that the weather will be  normal or typical on a random day in England?, normal or typical,AorB,80,2377147.099537,2377150.243459,3.143921
303,2,5,What is the probability that the weather will be  not icy on a random day in England?, not icy,notA,75,2377150.332842,2377157.539136,7.206294
303,2,6,If the weather in England is not normal on a random daywhat is the probability that the weather will also be typical on the same day?, typical given not normal,BgnotA,20,2377157.649445,2377163.515005,5.865560
303,2,7,What is the probability that the weather will be  normal and not typical on a random day in England?, normal and not typical,AandnotB,0,2377163.649368,2377170.731119,7.081752
303,2,8,What is the probability that the weather will be  icy on a random day in England?, icy,A,20,2377170.832625,2377176.978971,6.146346
303,2,9,If the weather in England is not frosty on a random daywhat is the probability that the weather will also be not icy on the same day?, not icy given not frosty,notAgnotB,90,2377177.099260,2377185.962340,8.863080
303,2,10,If the weather in England is icy on a random daywhat is the probability that the weather will also be not frosty on the same day?, not frosty given icy,notBgA,20,2377186.115849,2377192.691704,6.575855
303,2,11,What is the probability that the weather will be  frosty or not icy on a random day in England?, frosty or not icy,notAorB,20,2377192.799109,2377196.162229,3.363121
303,2,12,What is the probability that the weather will be  frosty and not icy on a random day in England?, frosty and not icy,notAandB,20,2377196.265748,2377199.514037,3.248289
303,2,13,If the weather in England is not typical on a random daywhat is the probability that the weather will also be normal on the same day?, normal given not typical,AgnotB,10,2377199.632392,2377216.209579,16.577187
303,2,14,If the weather in England is not icy on a random daywhat is the probability that the weather will also be frosty on the same day?, frosty given not icy,BgnotA,10,2377216.332262,2377224.449489,8.117227
303,2,15,If the weather in England is not typical on a random daywhat is the probability that the weather will also be not normal on the same day?, not normal given not typical,notAgnotB,90,2377224.565482,2377229.529332,4.963849
303,2,16,What is the probability that the weather will be  not normal or not typical on a random day in England?, not normal or not typical,notAornotB,20,2377229.648799,2377239.056998,9.408199
303,2,17,What is the probability that the weather will be  icy and not frosty on a random day in England?, icy and not frosty,AandnotB,20,2377239.182056,2377247.720737,8.538681
303,2,18,What is the probability that the weather will be  frosty on a random day in England?, frosty,B,20,2377247.898623,2377265.480577,17.581954
303,2,19,What is the probability that the weather will be  typical and not normal on a random day in England?, typical and not normal,notAandB,0,2377265.581784,2377268.592498,3.010714
303,2,20,If the weather in England is not normal on a random daywhat is the probability that the weather will also be not typical on the same day?, not typical given not normal,notBgnotA,90,2377268.748483,2377277.807928,9.059445
303,2,21,What is the probability that the weather will be  typical on a random day in England?, typical,B,80,2377277.931692,2377282.088045,4.156353
303,2,22,What is the probability that the weather will be  not normal on a random day in England?, not normal,notA,20,2377282.214991,2377284.955394,2.740403
303,2,23,If the weather in England is normal on a random daywhat is the probability that the weather will also be not typical on the same day?, not typical given normal,notBgA,10,2377285.081636,2377298.871298,13.789663
303,2,24,What is the probability that the weather will be  icy or frosty on a random day in England?, icy or frosty,AorB,20,2377298.998161,2377310.630985,11.632824
303,2,25,What is the probability that the weather will be  not typical on a random day in England?, not typical,notB,20,2377310.748053,2377313.446933,2.698880
303,2,26,What is the probability that the weather will be  icy or not frosty on a random day in England?, icy or not frosty,AornotB,80,2377313.564710,2377321.814700,8.249990
303,2,27,If the weather in England is typical on a random daywhat is the probability that the weather will also be not normal on the same day?, not normal given typical,notAgB,10,2377321.931302,2377327.393492,5.462190
303,2,28,What is the probability that the weather will be  not normal and not typical on a random day in England?, not normal and not typical,notAandnotB,10,2377327.547948,2377332.726469,5.178520
303,2,29,If the weather in England is not frosty on a random daywhat is the probability that the weather will also be icy on the same day?, icy given not frosty,AgnotB,10,2377332.864473,2377353.741801,20.877328
303,2,30,If the weather in England is typical on a random daywhat is the probability that the weather will also be normal on the same day?, normal given typical,AgB,90,2377353.881023,2377358.613720,4.732697
303,2,31,What is the probability that the weather will be  typical or not normal on a random day in England?, typical or not normal,notAorB,20,2377358.730968,2377363.197560,4.466593
303,2,32,What is the probability that the weather will be  normal or not typical on a random day in England?, normal or not typical,AornotB,20,2377363.380913,2377366.517528,3.136616
303,2,33,What is the probability that the weather will be  not icy or not frosty on a random day in England?, not icy or not frosty,notAornotB,80,2377366.680896,2377373.246038,6.565142
303,2,34,What is the probability that the weather will be  icy and frosty on a random day in England?, icy and frosty,AandB,20,2377373.364173,2377377.061249,3.697076
303,2,35,What is the probability that the weather will be  normal and typical on a random day in England?, normal and typical,AandB,80,2377377.197451,2377381.565080,4.367629
303,2,36,What is the probability that the weather will be  not icy and not frosty on a random day in England?, not icy and not frosty,notAandnotB,80,2377381.680739,2377385.444959,3.764220
303,2,37,If the weather in England is frosty on a random daywhat is the probability that the weather will also be not icy on the same day?, not icy given frosty,notAgB,20,2377385.547396,2377392.711584,7.164188
303,2,38,If the weather in England is normal on a random daywhat is the probability that the weather will also be typical on the same day?, typical given normal,BgA,90,2377392.830647,2377396.244650,3.414003
303,2,39,If the weather in England is not icy on a random daywhat is the probability that the weather will also be not frosty on the same day?, not frosty given not icy,notBgnotA,90,2377396.363969,2377406.868335,10.504366
303,2,40,If the weather in England is icy on a random daywhat is the probability that the weather will also be frosty on the same day?, frosty given icy,BgA,90,2377407.047190,2377412.668271,5.621081
303,3,1,If the weather in England is not typical on a random daywhat is the probability that the weather will also be normal on the same day?, normal given not typical,AgnotB,20,2377412.763818,2377420.908006,8.144188
303,3,2,What is the probability that the weather will be  not normal or not typical on a random day in England?, not normal or not typical,notAornotB,20,2377421.063748,2377430.803755,9.740006
303,3,3,If the weather in England is not icy on a random daywhat is the probability that the weather will also be not frosty on the same day?, not frosty given not icy,notBgnotA,90,2377430.930303,2377438.675549,7.745246
303,3,4,If the weather in England is not frosty on a random daywhat is the probability that the weather will also be not icy on the same day?, not icy given not frosty,notAgnotB,90,2377438.796924,2377443.940168,5.143244
303,3,5,If the weather in England is not normal on a random daywhat is the probability that the weather will also be not typical on the same day?, not typical given not normal,notBgnotA,90,2377444.046880,2377452.683169,8.636289
303,3,6,If the weather in England is typical on a random daywhat is the probability that the weather will also be normal on the same day?, normal given typical,AgB,90,2377452.830133,2377457.307023,4.476889
303,3,7,What is the probability that the weather will be  icy or not frosty on a random day in England?, icy or not frosty,AornotB,20,2377457.480081,2377466.050792,8.570710
303,3,8,What is the probability that the weather will be  normal or not typical on a random day in England?, normal or not typical,AornotB,80,2377466.146680,2377477.130497,10.983816
303,3,9,What is the probability that the weather will be  typical or not normal on a random day in England?, typical or not normal,notAorB,80,2377477.246575,2377480.250381,3.003805
303,3,10,What is the probability that the weather will be  not icy on a random day in England?, not icy,notA,75,2377480.363225,2377486.578288,6.215063
303,3,11,What is the probability that the weather will be  frosty and not icy on a random day in England?, frosty and not icy,notAandB,20,2377486.679810,2377491.250008,4.570199
303,3,12,What is the probability that the weather will be  normal or typical on a random day in England?, normal or typical,AorB,90,2377491.429254,2377507.473638,16.044384
303,3,13,What is the probability that the weather will be  icy or frosty on a random day in England?, icy or frosty,AorB,20,2377507.579622,2377510.545681,2.966059
303,3,14,What is the probability that the weather will be  normal and typical on a random day in England?, normal and typical,AandB,80,2377510.662946,2377534.731824,24.068878
303,3,15,What is the probability that the weather will be  icy and frosty on a random day in England?, icy and frosty,AandB,20,2377534.812717,2377541.408727,6.596010
303,3,16,What is the probability that the weather will be  typical and not normal on a random day in England?, typical and not normal,notAandB,20,2377541.529339,2377546.120627,4.591288
303,3,17,What is the probability that the weather will be  frosty on a random day in England?, frosty,B,25,2377546.295945,2377549.712387,3.416442
303,3,18,What is the probability that the weather will be  icy on a random day in England?, icy,A,25,2377549.895932,2377558.752517,8.856586
303,3,19,What is the probability that the weather will be  frosty or not icy on a random day in England?, frosty or not icy,notAorB,20,2377558.929181,2377561.624237,2.695056
303,3,20,What is the probability that the weather will be  not normal on a random day in England?, not normal,notA,10,2377561.812486,2377565.455754,3.643268
303,3,21,If the weather in England is icy on a random daywhat is the probability that the weather will also be frosty on the same day?, frosty given icy,BgA,90,2377565.612461,2377569.047992,3.435531
303,3,22,What is the probability that the weather will be  not typical on a random day in England?, not typical,notB,20,2377569.162405,2377572.279962,3.117557
303,3,23,What is the probability that the weather will be  not icy or not frosty on a random day in England?, not icy or not frosty,notAornotB,80,2377572.412377,2377577.703790,5.291413
303,3,24,What is the probability that the weather will be  not frosty on a random day in England?, not frosty,notB,80,2377577.828991,2377587.279461,9.450470
303,3,25,What is the probability that the weather will be  normal and not typical on a random day in England?, normal and not typical,AandnotB,20,2377587.378933,2377589.823481,2.444548
303,3,26,If the weather in England is not icy on a random daywhat is the probability that the weather will also be frosty on the same day?, frosty given not icy,BgnotA,10,2377589.995544,2377593.870983,3.875439
303,3,27,If the weather in England is icy on a random daywhat is the probability that the weather will also be not frosty on the same day?, not frosty given icy,notBgA,10,2377594.028869,2377597.550997,3.522128
303,3,28,If the weather in England is not frosty on a random daywhat is the probability that the weather will also be icy on the same day?, icy given not frosty,AgnotB,20,2377597.762166,2377602.047145,4.284979
303,3,29,If the weather in England is frosty on a random daywhat is the probability that the weather will also be icy on the same day?, icy given frosty,AgB,90,2377602.195462,2377606.150961,3.955499
303,3,30,What is the probability that the weather will be  icy and not frosty on a random day in England?, icy and not frosty,AandnotB,20,2377606.262102,2377610.998909,4.736807
303,3,31,What is the probability that the weather will be  typical on a random day in England?, typical,B,90,2377611.162056,2377615.311064,4.149008
303,3,32,If the weather in England is normal on a random daywhat is the probability that the weather will also be not typical on the same day?, not typical given normal,notBgA,20,2377615.445347,2377627.438341,11.992994
303,3,33,What is the probability that the weather will be  not normal and not typical on a random day in England?, not normal and not typical,notAandnotB,20,2377627.595241,2377630.014108,2.418867
303,3,34,If the weather in England is not normal on a random daywhat is the probability that the weather will also be typical on the same day?, typical given not normal,BgnotA,10,2377630.195201,2377633.734265,3.539063
303,3,35,If the weather in England is normal on a random daywhat is the probability that the weather will also be typical on the same day?, typical given normal,BgA,90,2377633.928515,2377637.006172,3.077657
303,3,36,If the weather in England is typical on a random daywhat is the probability that the weather will also be not normal on the same day?, not normal given typical,notAgB,20,2377637.161825,2377639.590136,2.428311
303,3,37,What is the probability that the weather will be  normal on a random day in England?, normal,A,90,2377639.745107,2377644.359439,4.614332
303,3,38,If the weather in England is not typical on a random daywhat is the probability that the weather will also be not normal on the same day?, not normal given not typical,notAgnotB,90,2377644.461763,2377651.469777,7.008015
303,3,39,If the weather in England is frosty on a random daywhat is the probability that the weather will also be not icy on the same day?, not icy given frosty,notAgB,20,2377651.611678,2377656.709723,5.098045
303,3,40,What is the probability that the weather will be  not icy and not frosty on a random day in England?, not icy and not frosty,notAandnotB,90,2377656.861641,2377667.013363,10.151721
