ID,block,trial,query,querydetail,querytype,estimate,starttime,endtime,RT
210,1,1,What is the probability that the weather will be  normal or typical on a random day in England?, normal or typical,AorB,75,2852869.217851,2852907.442438,38.224587
210,1,2,If the weather in England is frosty on a random daywhat is the probability that the weather will also be icy on the same day?, icy given frosty,AgB,88,2852907.634979,2852919.111706,11.476726
210,1,3,If the weather in England is not normal on a random daywhat is the probability that the weather will also be typical on the same day?, typical given not normal,BgnotA,52,2852919.318447,2852935.697212,16.378765
210,1,4,What is the probability that the weather will be  icy and not frosty on a random day in England?, icy and not frosty,AandnotB,4,2852935.935304,2852945.758369,9.823066
210,1,5,If the weather in England is not typical on a random daywhat is the probability that the weather will also be not normal on the same day?, not normal given not typical,notAgnotB,67,2852945.885427,2852965.065893,19.180467
210,1,6,What is the probability that the weather will be  typical and not normal on a random day in England?, typical and not normal,notAandB,72,2852965.152315,2852974.056063,8.903748
210,1,7,What is the probability that the weather will be  icy on a random day in England?, icy,A,30,2852974.219075,2852982.583769,8.364695
210,1,8,If the weather in England is not icy on a random daywhat is the probability that the weather will also be frosty on the same day?, frosty given not icy,BgnotA,46,2852982.835869,2852993.279518,10.443649
210,1,9,What is the probability that the weather will be  normal on a random day in England?, normal,A,70,2852993.369320,2853001.463362,8.094042
210,1,10,What is the probability that the weather will be  not frosty on a random day in England?, not frosty,notB,50,2853001.552756,2853010.375172,8.822415
210,1,11,What is the probability that the weather will be  not normal or not typical on a random day in England?, not normal or not typical,notAornotB,10,2853010.469522,2853024.374857,13.905335
210,1,12,What is the probability that the weather will be  normal or not typical on a random day in England?, normal or not typical,AornotB,90,2853024.486397,2853032.926716,8.440318
210,1,13,If the weather in England is icy on a random daywhat is the probability that the weather will also be frosty on the same day?, frosty given icy,BgA,90,2853033.169758,2853045.806446,12.636688
210,1,14,What is the probability that the weather will be  icy and frosty on a random day in England?, icy and frosty,AandB,80,2853045.986606,2853050.734415,4.747809
210,1,15,What is the probability that the weather will be  frosty on a random day in England?, frosty,B,30,2853050.920004,2853059.398332,8.478328
210,1,16,If the weather in England is normal on a random daywhat is the probability that the weather will also be not typical on the same day?, not typical given normal,notBgA,0,2853059.586758,2853068.671220,9.084462
210,1,17,If the weather in England is not frosty on a random daywhat is the probability that the weather will also be icy on the same day?, icy given not frosty,AgnotB,5,2853068.903537,2853079.165685,10.262148
210,1,18,If the weather in England is typical on a random daywhat is the probability that the weather will also be normal on the same day?, normal given typical,AgB,50,2853079.353639,2853094.429461,15.075822
210,1,19,What is the probability that the weather will be  not normal and not typical on a random day in England?, not normal and not typical,notAandnotB,30,2853094.553830,2853110.349099,15.795268
210,1,20,What is the probability that the weather will be  normal and not typical on a random day in England?, normal and not typical,AandnotB,30,2853110.454028,2853117.597945,7.143917
210,1,21,What is the probability that the weather will be  not icy or not frosty on a random day in England?, not icy or not frosty,notAornotB,70,2853117.720765,2853124.020831,6.300066
210,1,22,What is the probability that the weather will be  typical on a random day in England?, typical,B,35,2853124.104182,2853132.085070,7.980888
210,1,23,If the weather in England is frosty on a random daywhat is the probability that the weather will also be not icy on the same day?, not icy given frosty,notAgB,45,2853132.204283,2853138.628677,6.424394
210,1,24,What is the probability that the weather will be  frosty and not icy on a random day in England?, frosty and not icy,notAandB,45,2853138.737693,2853143.972723,5.235030
210,1,25,What is the probability that the weather will be  not icy and not frosty on a random day in England?, not icy and not frosty,notAandnotB,70,2853144.037744,2853149.564267,5.526523
210,1,26,What is the probability that the weather will be  not normal on a random day in England?, not normal,notA,20,2853149.687813,2853155.508062,5.820249
210,1,27,What is the probability that the weather will be  not typical on a random day in England?, not typical,notB,60,2853155.604524,2853175.435522,19.830997
210,1,28,What is the probability that the weather will be  not icy on a random day in England?, not icy,notA,70,2853175.571445,2853180.987428,5.415982
210,1,29,If the weather in England is not frosty on a random daywhat is the probability that the weather will also be not icy on the same day?, not icy given not frosty,notAgnotB,90,2853181.071520,2853189.275327,8.203807
210,1,30,What is the probability that the weather will be  icy or not frosty on a random day in England?, icy or not frosty,AornotB,40,2853189.354946,2853199.011659,9.656713
210,1,31,If the weather in England is icy on a random daywhat is the probability that the weather will also be not frosty on the same day?, not frosty given icy,notBgA,5,2853199.105059,2853223.050865,23.945805
210,1,32,If the weather in England is not icy on a random daywhat is the probability that the weather will also be not frosty on the same day?, not frosty given not icy,notBgnotA,90,2853223.188676,2853232.322502,9.133826
210,1,33,What is the probability that the weather will be  frosty or not icy on a random day in England?, frosty or not icy,notAorB,60,2853232.472084,2853237.762401,5.290317
210,1,34,What is the probability that the weather will be  icy or frosty on a random day in England?, icy or frosty,AorB,30,2853237.955510,2853245.274180,7.318670
210,1,35,If the weather in England is typical on a random daywhat is the probability that the weather will also be not normal on the same day?, not normal given typical,notAgB,100,2853245.455598,2853256.289950,10.834351
210,1,36,If the weather in England is not typical on a random daywhat is the probability that the weather will also be normal on the same day?, normal given not typical,AgnotB,0,2853256.472389,2853262.313920,5.841531
210,1,37,What is the probability that the weather will be  typical or not normal on a random day in England?, typical or not normal,notAorB,45,2853262.489132,2853271.337643,8.848512
210,1,38,What is the probability that the weather will be  normal and typical on a random day in England?, normal and typical,AandB,0,2853271.522569,2853275.881646,4.359077
210,1,39,If the weather in England is normal on a random daywhat is the probability that the weather will also be typical on the same day?, typical given normal,BgA,0,2853276.072611,2853286.857276,10.784665
210,1,40,If the weather in England is not normal on a random daywhat is the probability that the weather will also be not typical on the same day?, not typical given not normal,notBgnotA,100,2853287.039394,2853297.297153,10.257758
210,2,1,If the weather in England is not frosty on a random daywhat is the probability that the weather will also be not icy on the same day?, not icy given not frosty,notAgnotB,80,2853297.522847,2853314.416700,16.893853
210,2,2,What is the probability that the weather will be  normal and not typical on a random day in England?, normal and not typical,AandnotB,80,2853314.573074,2853319.320604,4.747529
210,2,3,What is the probability that the weather will be  icy on a random day in England?, icy,A,30,2853319.489786,2853324.656987,5.167201
210,2,4,If the weather in England is normal on a random daywhat is the probability that the weather will also be typical on the same day?, typical given normal,BgA,5,2853324.806528,2853331.264441,6.457913
210,2,5,What is the probability that the weather will be  frosty and not icy on a random day in England?, frosty and not icy,notAandB,70,2853331.406578,2853349.439985,18.033407
210,2,6,What is the probability that the weather will be  frosty on a random day in England?, frosty,B,30,2853349.573469,2853353.544067,3.970598
210,2,7,If the weather in England is not icy on a random daywhat is the probability that the weather will also be frosty on the same day?, frosty given not icy,BgnotA,50,2853353.723529,2853362.031817,8.308288
210,2,8,What is the probability that the weather will be  not normal on a random day in England?, not normal,notA,30,2853362.223622,2853370.943550,8.719928
210,2,9,What is the probability that the weather will be  typical and not normal on a random day in England?, typical and not normal,notAandB,30,2853371.157068,2853376.063417,4.906350
210,2,10,If the weather in England is typical on a random daywhat is the probability that the weather will also be not normal on the same day?, not normal given typical,notAgB,100,2853376.273770,2853388.479192,12.205422
210,2,11,What is the probability that the weather will be  normal or not typical on a random day in England?, normal or not typical,AornotB,70,2853388.657260,2853420.982704,32.325444
210,2,12,What is the probability that the weather will be  not normal and not typical on a random day in England?, not normal and not typical,notAandnotB,0,2853421.207656,2853431.454474,10.246818
210,2,13,What is the probability that the weather will be  icy or frosty on a random day in England?, icy or frosty,AorB,30,2853431.641094,2853449.461891,17.820797
210,2,14,If the weather in England is typical on a random daywhat is the probability that the weather will also be normal on the same day?, normal given typical,AgB,0,2853449.691313,2853457.077976,7.386663
210,2,15,If the weather in England is icy on a random daywhat is the probability that the weather will also be not frosty on the same day?, not frosty given icy,notBgA,0,2853457.291398,2853468.261932,10.970534
210,2,16,What is the probability that the weather will be  typical or not normal on a random day in England?, typical or not normal,notAorB,30,2853468.358199,2853474.725458,6.367259
210,2,17,What is the probability that the weather will be  typical on a random day in England?, typical,B,30,2853474.808241,2853479.061676,4.253435
210,2,18,What is the probability that the weather will be  not icy on a random day in England?, not icy,notA,70,2853479.124986,2853501.148857,22.023872
210,2,19,What is the probability that the weather will be  icy and frosty on a random day in England?, icy and frosty,AandB,40,2853501.308574,2853510.036483,8.727909
210,2,20,What is the probability that the weather will be  normal or typical on a random day in England?, normal or typical,AorB,50,2853510.292023,2853516.316331,6.024308
210,2,21,What is the probability that the weather will be  icy and not frosty on a random day in England?, icy and not frosty,AandnotB,50,2853516.508733,2853519.796263,3.287530
210,2,22,What is the probability that the weather will be  not frosty on a random day in England?, not frosty,notB,50,2853520.025431,2853520.964384,0.938953
210,2,23,If the weather in England is normal on a random daywhat is the probability that the weather will also be not typical on the same day?, not typical given normal,notBgA,5,2853521.242126,2853521.756466,0.514340
210,2,24,What is the probability that the weather will be  not normal or not typical on a random day in England?, not normal or not typical,notAornotB,50,2853522.075485,2853523.276199,1.200714
210,2,25,If the weather in England is not typical on a random daywhat is the probability that the weather will also be normal on the same day?, normal given not typical,AgnotB,50,2853523.508834,2853524.164178,0.655344
210,2,26,If the weather in England is frosty on a random daywhat is the probability that the weather will also be icy on the same day?, icy given frosty,AgB,50,2853524.425506,2853532.084002,7.658496
210,2,27,What is the probability that the weather will be  not icy or not frosty on a random day in England?, not icy or not frosty,notAornotB,70,2853532.308918,2853536.932390,4.623473
210,2,28,If the weather in England is not normal on a random daywhat is the probability that the weather will also be typical on the same day?, typical given not normal,BgnotA,100,2853537.158996,2853544.523749,7.364754
210,2,29,What is the probability that the weather will be  not icy and not frosty on a random day in England?, not icy and not frosty,notAandnotB,70,2853544.675753,2853550.723644,6.047891
210,2,30,If the weather in England is frosty on a random daywhat is the probability that the weather will also be not icy on the same day?, not icy given frosty,notAgB,60,2853550.942493,2853561.955403,11.012909
210,2,31,If the weather in England is not typical on a random daywhat is the probability that the weather will also be not normal on the same day?, not normal given not typical,notAgnotB,0,2853562.159286,2853579.402903,17.243617
210,2,32,What is the probability that the weather will be  normal and typical on a random day in England?, normal and typical,AandB,0,2853579.626161,2853584.523074,4.896913
210,2,33,What is the probability that the weather will be  frosty or not icy on a random day in England?, frosty or not icy,notAorB,50,2853584.692883,2853590.426775,5.733892
210,2,34,If the weather in England is not icy on a random daywhat is the probability that the weather will also be not frosty on the same day?, not frosty given not icy,notBgnotA,50,2853590.609596,2853591.546766,0.937171
210,2,35,If the weather in England is not frosty on a random daywhat is the probability that the weather will also be icy on the same day?, icy given not frosty,AgnotB,50,2853591.742948,2853600.074602,8.331653
210,2,36,What is the probability that the weather will be  icy or not frosty on a random day in England?, icy or not frosty,AornotB,25,2853600.309739,2853610.962345,10.652606
210,2,37,If the weather in England is icy on a random daywhat is the probability that the weather will also be frosty on the same day?, frosty given icy,BgA,80,2853611.176531,2853620.442199,9.265668
210,2,38,What is the probability that the weather will be  normal on a random day in England?, normal,A,70,2853620.659963,2853628.603377,7.943413
210,2,39,If the weather in England is not normal on a random daywhat is the probability that the weather will also be not typical on the same day?, not typical given not normal,notBgnotA,0,2853628.860070,2853633.562010,4.701940
210,2,40,What is the probability that the weather will be  not typical on a random day in England?, not typical,notB,70,2853633.826795,2853647.561688,13.734893
210,3,1,What is the probability that the weather will be  not frosty on a random day in England?, not frosty,notB,70,2853647.760288,2853655.681475,7.921187
210,3,2,What is the probability that the weather will be  icy on a random day in England?, icy,A,67,2853655.877050,2853660.665627,4.788577
210,3,3,What is the probability that the weather will be  icy and frosty on a random day in England?, icy and frosty,AandB,60,2853660.810445,2853663.105277,2.294831
210,3,4,What is the probability that the weather will be  not normal or not typical on a random day in England?, not normal or not typical,notAornotB,0,2853663.210470,2853667.169456,3.958986
210,3,5,What is the probability that the weather will be  normal and typical on a random day in England?, normal and typical,AandB,0,2853667.277177,2853671.649296,4.372119
210,3,6,What is the probability that the weather will be  not icy on a random day in England?, not icy,notA,70,2853671.760566,2853678.432959,6.672394
210,3,7,If the weather in England is typical on a random daywhat is the probability that the weather will also be normal on the same day?, normal given typical,AgB,0,2853678.510648,2853685.272896,6.762248
210,3,8,What is the probability that the weather will be  not normal and not typical on a random day in England?, not normal and not typical,notAandnotB,0,2853685.427393,2853688.672980,3.245587
210,3,9,What is the probability that the weather will be  normal and not typical on a random day in England?, normal and not typical,AandnotB,50,2853688.927473,2853696.856537,7.929063
210,3,10,If the weather in England is icy on a random daywhat is the probability that the weather will also be frosty on the same day?, frosty given icy,BgA,50,2853697.110792,2853702.664402,5.553610
210,3,11,If the weather in England is not typical on a random daywhat is the probability that the weather will also be not normal on the same day?, not normal given not typical,notAgnotB,0,2853702.894262,2853706.192234,3.297972
210,3,12,What is the probability that the weather will be  normal or typical on a random day in England?, normal or typical,AorB,50,2853706.427641,2853711.984257,5.556616
210,3,13,If the weather in England is not icy on a random daywhat is the probability that the weather will also be frosty on the same day?, frosty given not icy,BgnotA,60,2853712.177696,2853727.999929,15.822233
210,3,14,What is the probability that the weather will be  normal or not typical on a random day in England?, normal or not typical,AornotB,50,2853728.177909,2853733.551793,5.373884
210,3,15,If the weather in England is frosty on a random daywhat is the probability that the weather will also be not icy on the same day?, not icy given frosty,notAgB,50,2853733.777955,2853734.706108,0.928153
210,3,16,If the weather in England is icy on a random daywhat is the probability that the weather will also be not frosty on the same day?, not frosty given icy,notBgA,50,2853734.977973,2853735.431796,0.453823
210,3,17,What is the probability that the weather will be  icy or frosty on a random day in England?, icy or frosty,AorB,5,2853735.761311,2853736.562585,0.801274
210,3,18,What is the probability that the weather will be  not normal on a random day in England?, not normal,notA,30,2853736.861338,2853748.255478,11.394140
210,3,19,If the weather in England is not frosty on a random daywhat is the probability that the weather will also be icy on the same day?, icy given not frosty,AgnotB,30,2853748.494789,2853756.919316,8.424527
210,3,20,What is the probability that the weather will be  typical on a random day in England?, typical,B,50,2853757.078233,2853762.327592,5.249358
210,3,21,If the weather in England is not typical on a random daywhat is the probability that the weather will also be normal on the same day?, normal given not typical,AgnotB,50,2853762.444895,2853767.959113,5.514218
210,3,22,If the weather in England is not frosty on a random daywhat is the probability that the weather will also be not icy on the same day?, not icy given not frosty,notAgnotB,100,2853768.045031,2853776.702920,8.657888
210,3,23,What is the probability that the weather will be  frosty or not icy on a random day in England?, frosty or not icy,notAorB,30,2853776.878458,2853788.646664,11.768206
210,3,24,If the weather in England is not normal on a random daywhat is the probability that the weather will also be not typical on the same day?, not typical given not normal,notBgnotA,0,2853788.828597,2853799.511041,10.682444
210,3,25,What is the probability that the weather will be  not typical on a random day in England?, not typical,notB,60,2853799.662052,2853806.462240,6.800189
210,3,26,What is the probability that the weather will be  typical and not normal on a random day in England?, typical and not normal,notAandB,50,2853806.662119,2853812.782103,6.119984
210,3,27,What is the probability that the weather will be  frosty and not icy on a random day in England?, frosty and not icy,notAandB,50,2853812.978883,2853820.173981,7.195098
210,3,28,What is the probability that the weather will be  normal on a random day in England?, normal,A,50,2853820.378969,2853821.094159,0.715190
210,3,29,What is the probability that the weather will be  not icy and not frosty on a random day in England?, not icy and not frosty,notAandnotB,50,2853821.312310,2853822.032295,0.719985
210,3,30,What is the probability that the weather will be  icy or not frosty on a random day in England?, icy or not frosty,AornotB,50,2853822.245636,2853822.829872,0.584235
210,3,31,If the weather in England is frosty on a random daywhat is the probability that the weather will also be icy on the same day?, icy given frosty,AgB,80,2853823.062350,2853832.053723,8.991373
210,3,32,What is the probability that the weather will be  typical or not normal on a random day in England?, typical or not normal,notAorB,50,2853832.212442,2853841.525494,9.313052
210,3,33,If the weather in England is typical on a random daywhat is the probability that the weather will also be not normal on the same day?, not normal given typical,notAgB,50,2853841.712556,2853846.781390,5.068834
210,3,34,If the weather in England is normal on a random daywhat is the probability that the weather will also be not typical on the same day?, not typical given normal,notBgA,100,2853847.412620,2853854.237252,6.824632
210,3,35,If the weather in England is not icy on a random daywhat is the probability that the weather will also be not frosty on the same day?, not frosty given not icy,notBgnotA,70,2853854.412676,2853859.269113,4.856438
210,3,36,If the weather in England is normal on a random daywhat is the probability that the weather will also be typical on the same day?, typical given normal,BgA,0,2853859.429412,2853871.973070,12.543658
210,3,37,If the weather in England is not normal on a random daywhat is the probability that the weather will also be typical on the same day?, typical given not normal,BgnotA,100,2853872.146229,2853879.516738,7.370509
210,3,38,What is the probability that the weather will be  icy and not frosty on a random day in England?, icy and not frosty,AandnotB,40,2853879.696331,2853886.244643,6.548312
210,3,39,What is the probability that the weather will be  frosty on a random day in England?, frosty,B,40,2853886.379734,2853892.260692,5.880958
210,3,40,What is the probability that the weather will be  not icy or not frosty on a random day in England?, not icy or not frosty,notAornotB,70,2853892.429803,2853897.700327,5.270523
