ID,block,trial,query,querydetail,querytype,estimate,starttime,endtime,RT
903,1,1,What is the probability that the weather will be  not normal on a random day in England?, not normal,notA,50,2806845.154258,2806865.698724,20.544465
903,1,2,What is the probability that the weather will be  not frosty on a random day in England?, not frosty,notB,90,2806865.770804,2806871.082750,5.311947
903,1,3,If the weather in England is not typical on a random daywhat is the probability that the weather will also be not normal on the same day?, not normal given not typical,notAgnotB,80,2806871.220710,2806902.780155,31.559445
903,1,4,If the weather in England is not frosty on a random daywhat is the probability that the weather will also be icy on the same day?, icy given not frosty,AgnotB,10,2806902.953751,2806917.987698,15.033947
903,1,5,What is the probability that the weather will be  normal on a random day in England?, normal,A,50,2806918.136965,2806925.259364,7.122400
903,1,6,What is the probability that the weather will be  icy and frosty on a random day in England?, icy and frosty,AandB,20,2806925.420237,2806939.371011,13.950775
903,1,7,What is the probability that the weather will be  not normal and not typical on a random day in England?, not normal and not typical,notAandnotB,50,2806939.486775,2806948.930773,9.443998
903,1,8,What is the probability that the weather will be  icy or not frosty on a random day in England?, icy or not frosty,AornotB,20,2806949.070048,2806963.178410,14.108362
903,1,9,If the weather in England is not typical on a random daywhat is the probability that the weather will also be normal on the same day?, normal given not typical,AgnotB,10,2806963.336611,2806982.161930,18.825319
903,1,10,If the weather in England is typical on a random daywhat is the probability that the weather will also be normal on the same day?, normal given typical,AgB,90,2806982.336411,2806987.729838,5.393427
903,1,11,If the weather in England is not icy on a random daywhat is the probability that the weather will also be frosty on the same day?, frosty given not icy,BgnotA,60,2806987.936328,2806999.761389,11.825061
903,1,12,What is the probability that the weather will be  not typical on a random day in England?, not typical,notB,50,2806999.919611,2807005.601220,5.681609
903,1,13,What is the probability that the weather will be  icy and not frosty on a random day in England?, icy and not frosty,AandnotB,20,2807005.769535,2807012.889086,7.119551
903,1,14,What is the probability that the weather will be  frosty and not icy on a random day in England?, frosty and not icy,notAandB,40,2807013.052786,2807020.984826,7.932040
903,1,15,What is the probability that the weather will be  typical or not normal on a random day in England?, typical or not normal,notAorB,50,2807021.169379,2807033.280476,12.111097
903,1,16,What is the probability that the weather will be  typical and not normal on a random day in England?, typical and not normal,notAandB,20,2807033.435947,2807041.328242,7.892296
903,1,17,If the weather in England is not frosty on a random daywhat is the probability that the weather will also be not icy on the same day?, not icy given not frosty,notAgnotB,90,2807041.469225,2807055.511892,14.042666
903,1,18,What is the probability that the weather will be  not icy or not frosty on a random day in England?, not icy or not frosty,notAornotB,80,2807055.669070,2807068.175755,12.506685
903,1,19,If the weather in England is normal on a random daywhat is the probability that the weather will also be typical on the same day?, typical given normal,BgA,90,2807068.285667,2807078.735259,10.449592
903,1,20,If the weather in England is frosty on a random daywhat is the probability that the weather will also be icy on the same day?, icy given frosty,AgB,90,2807078.868905,2807103.862869,24.993964
903,1,21,What is the probability that the weather will be  icy or frosty on a random day in England?, icy or frosty,AorB,20,2807104.035336,2807109.694466,5.659129
903,1,22,If the weather in England is not icy on a random daywhat is the probability that the weather will also be not frosty on the same day?, not frosty given not icy,notBgnotA,90,2807109.868623,2807120.006314,10.137691
903,1,23,What is the probability that the weather will be  normal and typical on a random day in England?, normal and typical,AandB,80,2807120.151839,2807128.902113,8.750274
903,1,24,If the weather in England is normal on a random daywhat is the probability that the weather will also be not typical on the same day?, not typical given normal,notBgA,10,2807129.051762,2807134.509874,5.458112
903,1,25,What is the probability that the weather will be  not icy and not frosty on a random day in England?, not icy and not frosty,notAandnotB,90,2807134.701734,2807148.869450,14.167716
903,1,26,If the weather in England is icy on a random daywhat is the probability that the weather will also be frosty on the same day?, frosty given icy,BgA,90,2807149.034926,2807155.373250,6.338324
903,1,27,What is the probability that the weather will be  normal and not typical on a random day in England?, normal and not typical,AandnotB,50,2807155.501553,2807164.068928,8.567375
903,1,28,What is the probability that the weather will be  icy on a random day in England?, icy,A,20,2807164.184826,2807171.741267,7.556442
903,1,29,What is the probability that the weather will be  not icy on a random day in England?, not icy,notA,80,2807171.951392,2807176.244588,4.293196
903,1,30,What is the probability that the weather will be  typical on a random day in England?, typical,B,80,2807176.451371,2807183.276475,6.825105
903,1,31,What is the probability that the weather will be  frosty or not icy on a random day in England?, frosty or not icy,notAorB,60,2807183.434641,2807193.748133,10.313491
903,1,32,What is the probability that the weather will be  normal or typical on a random day in England?, normal or typical,AorB,80,2807193.917878,2807200.483932,6.566055
903,1,33,If the weather in England is not normal on a random daywhat is the probability that the weather will also be not typical on the same day?, not typical given not normal,notBgnotA,80,2807200.651162,2807213.979602,13.328440
903,1,34,If the weather in England is icy on a random daywhat is the probability that the weather will also be not frosty on the same day?, not frosty given icy,notBgA,70,2807214.117714,2807221.363471,7.245757
903,1,35,If the weather in England is typical on a random daywhat is the probability that the weather will also be not normal on the same day?, not normal given typical,notAgB,20,2807221.500984,2807231.451155,9.950171
903,1,36,What is the probability that the weather will be  frosty on a random day in England?, frosty,B,50,2807231.584226,2807241.443064,9.858838
903,1,37,If the weather in England is not normal on a random daywhat is the probability that the weather will also be typical on the same day?, typical given not normal,BgnotA,50,2807241.617443,2807245.186731,3.569288
903,1,38,If the weather in England is frosty on a random daywhat is the probability that the weather will also be not icy on the same day?, not icy given frosty,notAgB,60,2807245.367411,2807252.426658,7.059247
903,1,39,What is the probability that the weather will be  normal or not typical on a random day in England?, normal or not typical,AornotB,50,2807252.634045,2807262.242431,9.608386
903,1,40,What is the probability that the weather will be  not normal or not typical on a random day in England?, not normal or not typical,notAornotB,70,2807262.367255,2807266.242169,3.874915
903,2,1,What is the probability that the weather will be  normal or not typical on a random day in England?, normal or not typical,AornotB,50,2807266.383919,2807272.546011,6.162092
903,2,2,What is the probability that the weather will be  icy on a random day in England?, icy,A,30,2807272.667192,2807275.986082,3.318890
903,2,3,What is the probability that the weather will be  not normal or not typical on a random day in England?, not normal or not typical,notAornotB,40,2807276.133831,2807281.921619,5.787788
903,2,4,What is the probability that the weather will be  normal and typical on a random day in England?, normal and typical,AandB,80,2807282.083764,2807286.329480,4.245716
903,2,5,If the weather in England is not normal on a random daywhat is the probability that the weather will also be typical on the same day?, typical given not normal,BgnotA,20,2807286.450413,2807293.793298,7.342884
903,2,6,What is the probability that the weather will be  not frosty on a random day in England?, not frosty,notB,70,2807293.950341,2807300.233214,6.282873
903,2,7,What is the probability that the weather will be  not typical on a random day in England?, not typical,notB,30,2807300.400267,2807304.001031,3.600764
903,2,8,What is the probability that the weather will be  not normal on a random day in England?, not normal,notA,30,2807304.166926,2807307.384928,3.218001
903,2,9,What is the probability that the weather will be  typical and not normal on a random day in England?, typical and not normal,notAandB,20,2807307.550210,2807312.209534,4.659324
903,2,10,If the weather in England is not normal on a random daywhat is the probability that the weather will also be not typical on the same day?, not typical given not normal,notBgnotA,80,2807312.333508,2807325.072460,12.738952
903,2,11,What is the probability that the weather will be  typical or not normal on a random day in England?, typical or not normal,notAorB,50,2807325.250040,2807332.920351,7.670311
903,2,12,If the weather in England is typical on a random daywhat is the probability that the weather will also be normal on the same day?, normal given typical,AgB,80,2807333.066667,2807338.832085,5.765419
903,2,13,If the weather in England is not typical on a random daywhat is the probability that the weather will also be normal on the same day?, normal given not typical,AgnotB,30,2807338.999929,2807344.488033,5.488104
903,2,14,What is the probability that the weather will be  icy and not frosty on a random day in England?, icy and not frosty,AandnotB,50,2807344.666548,2807350.319942,5.653394
903,2,15,If the weather in England is normal on a random daywhat is the probability that the weather will also be typical on the same day?, typical given normal,BgA,70,2807350.483152,2807365.583356,15.100204
903,2,16,If the weather in England is frosty on a random daywhat is the probability that the weather will also be not icy on the same day?, not icy given frosty,notAgB,50,2807365.699721,2807376.623203,10.923482
903,2,17,What is the probability that the weather will be  not icy on a random day in England?, not icy,notA,20,2807376.732985,2807380.710945,3.977960
903,2,18,What is the probability that the weather will be  icy or frosty on a random day in England?, icy or frosty,AorB,20,2807380.832917,2807384.646843,3.813926
903,2,19,What is the probability that the weather will be  not icy and not frosty on a random day in England?, not icy and not frosty,notAandnotB,70,2807384.766192,2807387.374729,2.608537
903,2,20,What is the probability that the weather will be  not icy or not frosty on a random day in England?, not icy or not frosty,notAornotB,70,2807387.466181,2807389.894734,2.428553
903,2,21,If the weather in England is frosty on a random daywhat is the probability that the weather will also be icy on the same day?, icy given frosty,AgB,70,2807389.999500,2807395.814572,5.815073
903,2,22,What is the probability that the weather will be  normal and not typical on a random day in England?, normal and not typical,AandnotB,30,2807395.916101,2807402.326350,6.410249
903,2,23,What is the probability that the weather will be  icy and frosty on a random day in England?, icy and frosty,AandB,70,2807402.466057,2807405.678281,3.212224
903,2,24,What is the probability that the weather will be  frosty or not icy on a random day in England?, frosty or not icy,notAorB,70,2807405.782687,2807409.110172,3.327485
903,2,25,What is the probability that the weather will be  normal on a random day in England?, normal,A,80,2807409.215992,2807415.206357,5.990365
903,2,26,What is the probability that the weather will be  frosty on a random day in England?, frosty,B,20,2807415.299279,2807417.302137,2.002857
903,2,27,If the weather in England is not frosty on a random daywhat is the probability that the weather will also be not icy on the same day?, not icy given not frosty,notAgnotB,80,2807417.432583,2807426.061714,8.629131
903,2,28,What is the probability that the weather will be  typical on a random day in England?, typical,B,80,2807426.182524,2807430.446112,4.263588
903,2,29,If the weather in England is icy on a random daywhat is the probability that the weather will also be not frosty on the same day?, not frosty given icy,notBgA,30,2807430.582472,2807439.413344,8.830872
903,2,30,If the weather in England is not typical on a random daywhat is the probability that the weather will also be not normal on the same day?, not normal given not typical,notAgnotB,80,2807439.515744,2807442.941275,3.425531
903,2,31,What is the probability that the weather will be  frosty and not icy on a random day in England?, frosty and not icy,notAandB,30,2807443.065702,2807450.797098,7.731396
903,2,32,What is the probability that the weather will be  normal or typical on a random day in England?, normal or typical,AorB,80,2807450.932286,2807453.604960,2.672674
903,2,33,If the weather in England is not icy on a random daywhat is the probability that the weather will also be frosty on the same day?, frosty given not icy,BgnotA,30,2807453.715611,2807457.372852,3.657241
903,2,34,If the weather in England is icy on a random daywhat is the probability that the weather will also be frosty on the same day?, frosty given icy,BgA,70,2807457.515574,2807463.636676,6.121102
903,2,35,If the weather in England is normal on a random daywhat is the probability that the weather will also be not typical on the same day?, not typical given normal,notBgA,10,2807463.764982,2807468.380553,4.615571
903,2,36,What is the probability that the weather will be  icy or not frosty on a random day in England?, icy or not frosty,AornotB,20,2807468.548811,2807472.676440,4.127629
903,2,37,What is the probability that the weather will be  not normal and not typical on a random day in England?, not normal and not typical,notAandnotB,50,2807472.815415,2807479.972243,7.156828
903,2,38,If the weather in England is not icy on a random daywhat is the probability that the weather will also be not frosty on the same day?, not frosty given not icy,notBgnotA,70,2807480.115365,2807487.212041,7.096676
903,2,39,If the weather in England is not frosty on a random daywhat is the probability that the weather will also be icy on the same day?, icy given not frosty,AgnotB,70,2807487.381976,2807490.971968,3.589991
903,2,40,If the weather in England is typical on a random daywhat is the probability that the weather will also be not normal on the same day?, not normal given typical,notAgB,70,2807491.065252,2807493.643948,2.578696
903,3,1,If the weather in England is not normal on a random daywhat is the probability that the weather will also be not typical on the same day?, not typical given not normal,notBgnotA,90,2807493.748594,2807497.147837,3.399243
903,3,2,What is the probability that the weather will be  normal or typical on a random day in England?, normal or typical,AorB,80,2807497.265221,2807502.019680,4.754459
903,3,3,If the weather in England is typical on a random daywhat is the probability that the weather will also be not normal on the same day?, not normal given typical,notAgB,30,2807502.131822,2807510.971499,8.839677
903,3,4,What is the probability that the weather will be  frosty and not icy on a random day in England?, frosty and not icy,notAandB,50,2807511.115085,2807513.827495,2.712410
903,3,5,What is the probability that the weather will be  not icy or not frosty on a random day in England?, not icy or not frosty,notAornotB,50,2807513.981711,2807515.115523,1.133812
903,3,6,What is the probability that the weather will be  typical and not normal on a random day in England?, typical and not normal,notAandB,30,2807515.265064,2807528.843164,13.578100
903,3,7,If the weather in England is not frosty on a random daywhat is the probability that the weather will also be icy on the same day?, icy given not frosty,AgnotB,30,2807528.964947,2807531.699164,2.734218
903,3,8,What is the probability that the weather will be  icy and not frosty on a random day in England?, icy and not frosty,AandnotB,30,2807531.814923,2807535.298820,3.483897
903,3,9,If the weather in England is not icy on a random daywhat is the probability that the weather will also be not frosty on the same day?, not frosty given not icy,notBgnotA,70,2807535.414875,2807539.346651,3.931775
903,3,10,If the weather in England is not typical on a random daywhat is the probability that the weather will also be not normal on the same day?, not normal given not typical,notAgnotB,90,2807539.531512,2807541.794621,2.263109
903,3,11,If the weather in England is frosty on a random daywhat is the probability that the weather will also be not icy on the same day?, not icy given frosty,notAgB,30,2807541.948141,2807544.738480,2.790338
903,3,12,What is the probability that the weather will be  normal and typical on a random day in England?, normal and typical,AandB,90,2807544.931464,2807550.178342,5.246878
903,3,13,What is the probability that the weather will be  not normal or not typical on a random day in England?, not normal or not typical,notAornotB,50,2807550.281424,2807553.594239,3.312815
903,3,14,What is the probability that the weather will be  icy or not frosty on a random day in England?, icy or not frosty,AornotB,60,2807553.714730,2807556.258178,2.543448
903,3,15,If the weather in England is icy on a random daywhat is the probability that the weather will also be frosty on the same day?, frosty given icy,BgA,80,2807556.364698,2807560.802082,4.437383
903,3,16,What is the probability that the weather will be  not normal and not typical on a random day in England?, not normal and not typical,notAandnotB,40,2807560.897997,2807563.641958,2.743961
903,3,17,If the weather in England is icy on a random daywhat is the probability that the weather will also be not frosty on the same day?, not frosty given icy,notBgA,50,2807563.764637,2807571.033861,7.269224
903,3,18,What is the probability that the weather will be  typical or not normal on a random day in England?, typical or not normal,notAorB,40,2807571.197887,2807593.985200,22.787313
903,3,19,What is the probability that the weather will be  not icy on a random day in England?, not icy,notA,80,2807594.064372,2807597.561190,3.496818
903,3,20,If the weather in England is not frosty on a random daywhat is the probability that the weather will also be not icy on the same day?, not icy given not frosty,notAgnotB,90,2807597.680999,2807605.984840,8.303841
903,3,21,What is the probability that the weather will be  icy or frosty on a random day in England?, icy or frosty,AorB,30,2807606.180909,2807610.504743,4.323834
903,3,22,If the weather in England is frosty on a random daywhat is the probability that the weather will also be icy on the same day?, icy given frosty,AgB,70,2807610.630893,2807616.896552,6.265659
903,3,23,What is the probability that the weather will be  frosty on a random day in England?, frosty,B,30,2807617.047507,2807620.144710,3.097203
903,3,24,If the weather in England is normal on a random daywhat is the probability that the weather will also be not typical on the same day?, not typical given normal,notBgA,30,2807620.280804,2807629.408202,9.127398
903,3,25,What is the probability that the weather will be  icy and frosty on a random day in England?, icy and frosty,AandB,30,2807629.580694,2807631.848163,2.267470
903,3,26,What is the probability that the weather will be  not icy and not frosty on a random day in England?, not icy and not frosty,notAandnotB,60,2807632.047363,2807635.592016,3.544653
903,3,27,What is the probability that the weather will be  icy on a random day in England?, icy,A,20,2807635.730674,2807638.128324,2.397650
903,3,28,If the weather in England is typical on a random daywhat is the probability that the weather will also be normal on the same day?, normal given typical,AgB,90,2807638.297296,2807642.631848,4.334551
903,3,29,What is the probability that the weather will be  frosty or not icy on a random day in England?, frosty or not icy,notAorB,20,2807642.747266,2807667.031188,24.283923
903,3,30,If the weather in England is not icy on a random daywhat is the probability that the weather will also be frosty on the same day?, frosty given not icy,BgnotA,20,2807667.163727,2807671.663046,4.499319
903,3,31,What is the probability that the weather will be  typical on a random day in England?, typical,B,80,2807671.813682,2807678.415194,6.601512
903,3,32,If the weather in England is not normal on a random daywhat is the probability that the weather will also be typical on the same day?, typical given not normal,BgnotA,40,2807678.530282,2807683.142754,4.612472
903,3,33,What is the probability that the weather will be  normal and not typical on a random day in England?, normal and not typical,AandnotB,30,2807683.296889,2807686.414648,3.117759
903,3,34,What is the probability that the weather will be  not typical on a random day in England?, not typical,notB,30,2807686.563549,2807690.518587,3.955038
903,3,35,If the weather in England is normal on a random daywhat is the probability that the weather will also be typical on the same day?, typical given normal,BgA,90,2807690.730179,2807694.718446,3.988266
903,3,36,If the weather in England is not typical on a random daywhat is the probability that the weather will also be normal on the same day?, normal given not typical,AgnotB,30,2807694.863490,2807698.910337,4.046847
903,3,37,What is the probability that the weather will be  normal or not typical on a random day in England?, normal or not typical,AornotB,30,2807699.013435,2807701.254249,2.240814
903,3,38,What is the probability that the weather will be  not frosty on a random day in England?, not frosty,notB,70,2807701.446220,2807710.870041,9.423821
903,3,39,What is the probability that the weather will be  normal on a random day in England?, normal,A,80,2807711.013305,2807718.590182,7.576877
903,3,40,What is the probability that the weather will be  not normal on a random day in England?, not normal,notA,40,2807718.729942,2807726.485566,7.755624
