ID,block,trial,query,querydetail,querytype,estimate,starttime,endtime,RT
501,1,1,What is the probability that the weather will be  frosty and not icy on a random day in England?, frosty and not icy,notAandB,30,2932288.133882,2932311.784254,23.650372
501,1,2,If the weather in England is frosty on a random daywhat is the probability that the weather will also be not icy on the same day?, not icy given frosty,notAgB,30,2932311.917186,2932355.617255,43.700068
501,1,3,If the weather in England is icy on a random daywhat is the probability that the weather will also be frosty on the same day?, frosty given icy,BgA,90,2932355.733832,2932367.987061,12.253229
501,1,4,If the weather in England is normal on a random daywhat is the probability that the weather will also be not typical on the same day?, not typical given normal,notBgA,10,2932368.133816,2932405.107381,36.973565
501,1,5,What is the probability that the weather will be  normal or not typical on a random day in England?, normal or not typical,AornotB,100,2932405.250427,2932414.129839,8.879411
501,1,6,What is the probability that the weather will be  typical or not normal on a random day in England?, typical or not normal,notAorB,70,2932414.250483,2932437.561265,23.310782
501,1,7,If the weather in England is not typical on a random daywhat is the probability that the weather will also be not normal on the same day?, not normal given not typical,notAgnotB,100,2932437.683789,2932446.873088,9.189299
501,1,8,If the weather in England is typical on a random daywhat is the probability that the weather will also be not normal on the same day?, not normal given typical,notAgB,20,2932447.017078,2932455.208907,8.191829
501,1,9,If the weather in England is normal on a random daywhat is the probability that the weather will also be typical on the same day?, typical given normal,BgA,90,2932455.333727,2932471.000487,15.666760
501,1,10,If the weather in England is not normal on a random daywhat is the probability that the weather will also be typical on the same day?, typical given not normal,BgnotA,10,2932471.100414,2932480.976234,9.875820
501,1,11,If the weather in England is not icy on a random daywhat is the probability that the weather will also be not frosty on the same day?, not frosty given not icy,notBgnotA,5,2932481.100403,2932491.980587,10.880184
501,1,12,What is the probability that the weather will be  icy or frosty on a random day in England?, icy or frosty,AorB,25,2932492.100374,2932500.079955,7.979581
501,1,13,What is the probability that the weather will be  not normal or not typical on a random day in England?, not normal or not typical,notAornotB,30,2932500.183695,2932507.386567,7.202872
501,1,14,What is the probability that the weather will be  not frosty on a random day in England?, not frosty,notB,70,2932507.483692,2932515.023494,7.539802
501,1,15,What is the probability that the weather will be  not normal and not typical on a random day in England?, not normal and not typical,notAandnotB,60,2932515.117015,2932543.166977,28.049962
501,1,16,What is the probability that the weather will be  not icy or not frosty on a random day in England?, not icy or not frosty,notAornotB,70,2932543.266990,2932550.225454,6.958463
501,1,17,If the weather in England is typical on a random daywhat is the probability that the weather will also be normal on the same day?, normal given typical,AgB,90,2932550.316999,2932559.158333,8.841335
501,1,18,If the weather in England is not typical on a random daywhat is the probability that the weather will also be normal on the same day?, normal given not typical,AgnotB,10,2932559.300309,2932563.545485,4.245176
501,1,19,What is the probability that the weather will be  icy and not frosty on a random day in England?, icy and not frosty,AandnotB,20,2932563.633608,2932575.560642,11.927035
501,1,20,If the weather in England is not icy on a random daywhat is the probability that the weather will also be frosty on the same day?, frosty given not icy,BgnotA,20,2932575.700259,2932581.968576,6.268317
501,1,21,What is the probability that the weather will be  not typical on a random day in England?, not typical,notB,80,2932582.083616,2932589.213724,7.130108
501,1,22,What is the probability that the weather will be  icy on a random day in England?, icy,A,30,2932589.333654,2932593.078042,3.744388
501,1,23,If the weather in England is not frosty on a random daywhat is the probability that the weather will also be not icy on the same day?, not icy given not frosty,notAgnotB,90,2932593.200276,2932602.245299,9.045023
501,1,24,What is the probability that the weather will be  normal and typical on a random day in England?, normal and typical,AandB,8,2932602.400260,2932607.973451,5.573191
501,1,25,What is the probability that the weather will be  icy or not frosty on a random day in England?, icy or not frosty,AornotB,20,2932608.250256,2932625.823553,17.573297
501,1,26,What is the probability that the weather will be  frosty or not icy on a random day in England?, frosty or not icy,notAorB,2,2932625.983575,2932628.188704,2.205129
501,1,27,What is the probability that the weather will be  normal and not typical on a random day in England?, normal and not typical,AandnotB,30,2932628.316881,2932646.772211,18.455330
501,1,28,If the weather in England is icy on a random daywhat is the probability that the weather will also be not frosty on the same day?, not frosty given icy,notBgA,20,2932646.883531,2932653.148077,6.264546
501,1,29,If the weather in England is not frosty on a random daywhat is the probability that the weather will also be icy on the same day?, icy given not frosty,AgnotB,80,2932653.316886,2932659.132145,5.815259
501,1,30,What is the probability that the weather will be  normal on a random day in England?, normal,A,70,2932659.300214,2932663.300381,4.000168
501,1,31,What is the probability that the weather will be  frosty on a random day in England?, frosty,B,30,2932663.450178,2932668.419787,4.969609
501,1,32,What is the probability that the weather will be  not normal on a random day in England?, not normal,notA,30,2932668.566860,2932672.387634,3.820774
501,1,33,What is the probability that the weather will be  typical and not normal on a random day in England?, typical and not normal,notAandB,20,2932672.516835,2932678.827436,6.310601
501,1,34,What is the probability that the weather will be  not icy and not frosty on a random day in England?, not icy and not frosty,notAandnotB,70,2932678.983520,2932685.451318,6.467798
501,1,35,What is the probability that the weather will be  typical on a random day in England?, typical,B,80,2932685.633492,2932695.835169,10.201677
501,1,36,What is the probability that the weather will be  not icy on a random day in England?, not icy,notA,70,2932696.016804,2932701.826911,5.810107
501,1,37,If the weather in England is not normal on a random daywhat is the probability that the weather will also be not typical on the same day?, not typical given not normal,notBgnotA,90,2932702.000182,2932712.202741,10.202560
501,1,38,What is the probability that the weather will be  icy and frosty on a random day in England?, icy and frosty,AandB,30,2932712.350131,2932717.122723,4.772592
501,1,39,What is the probability that the weather will be  normal or typical on a random day in England?, normal or typical,AorB,80,2932717.233484,2932722.258464,5.024979
501,1,40,If the weather in England is frosty on a random daywhat is the probability that the weather will also be icy on the same day?, icy given frosty,AgB,80,2932722.366811,2932729.658404,7.291593
501,2,1,If the weather in England is not frosty on a random daywhat is the probability that the weather will also be icy on the same day?, icy given not frosty,AgnotB,20,2932729.766796,2932735.985932,6.219136
501,2,2,What is the probability that the weather will be  not normal and not typical on a random day in England?, not normal and not typical,notAandnotB,20,2932736.116798,2932748.113668,11.996871
501,2,3,What is the probability that the weather will be  typical and not normal on a random day in England?, typical and not normal,notAandB,40,2932748.266783,2932755.761461,7.494678
501,2,4,If the weather in England is normal on a random daywhat is the probability that the weather will also be not typical on the same day?, not typical given normal,notBgA,20,2932755.900118,2932775.968993,20.068874
501,2,5,What is the probability that the weather will be  not frosty on a random day in England?, not frosty,notB,70,2932776.100068,2932784.720783,8.620715
501,2,6,If the weather in England is frosty on a random daywhat is the probability that the weather will also be not icy on the same day?, not icy given frosty,notAgB,20,2932784.833420,2932793.568533,8.735114
501,2,7,What is the probability that the weather will be  not normal or not typical on a random day in England?, not normal or not typical,notAornotB,40,2932793.716744,2932799.984528,6.267784
501,2,8,If the weather in England is not icy on a random daywhat is the probability that the weather will also be frosty on the same day?, frosty given not icy,BgnotA,20,2932800.116753,2932804.312321,4.195568
501,2,9,What is the probability that the weather will be  typical on a random day in England?, typical,B,70,2932804.466730,2932814.608576,10.141846
501,2,10,If the weather in England is frosty on a random daywhat is the probability that the weather will also be icy on the same day?, icy given frosty,AgB,80,2932814.766699,2932819.159894,4.393195
501,2,11,What is the probability that the weather will be  frosty and not icy on a random day in England?, frosty and not icy,notAandB,20,2932819.333365,2932827.639873,8.306508
501,2,12,If the weather in England is normal on a random daywhat is the probability that the weather will also be typical on the same day?, typical given normal,BgA,80,2932827.800019,2932841.839411,14.039392
501,2,13,What is the probability that the weather will be  normal or not typical on a random day in England?, normal or not typical,AornotB,20,2932842.016694,2932845.200524,3.183831
501,2,14,What is the probability that the weather will be  icy or frosty on a random day in England?, icy or frosty,AorB,30,2932845.366692,2932849.311260,3.944568
501,2,15,What is the probability that the weather will be  icy and not frosty on a random day in England?, icy and not frosty,AandnotB,20,2932849.516687,2932855.175081,5.658394
501,2,16,What is the probability that the weather will be  normal on a random day in England?, normal,A,60,2932855.316674,2932862.311366,6.994692
501,2,17,What is the probability that the weather will be  frosty on a random day in England?, frosty,B,30,2932862.483337,2932864.951211,2.467874
501,2,18,If the weather in England is not normal on a random daywhat is the probability that the weather will also be typical on the same day?, typical given not normal,BgnotA,20,2932865.099978,2932875.678610,10.578632
501,2,19,If the weather in England is not normal on a random daywhat is the probability that the weather will also be not typical on the same day?, not typical given not normal,notBgnotA,80,2932875.850001,2932880.742597,4.892596
501,2,20,What is the probability that the weather will be  frosty or not icy on a random day in England?, frosty or not icy,notAorB,20,2932880.899967,2932886.318474,5.418507
501,2,21,If the weather in England is icy on a random daywhat is the probability that the weather will also be not frosty on the same day?, not frosty given icy,notBgA,20,2932886.499982,2932892.550188,6.050206
501,2,22,If the weather in England is typical on a random daywhat is the probability that the weather will also be not normal on the same day?, not normal given typical,notAgB,20,2932892.733316,2932900.310133,7.576817
501,2,23,What is the probability that the weather will be  icy and frosty on a random day in England?, icy and frosty,AandB,30,2932900.483313,2932904.621561,4.138248
501,2,24,What is the probability that the weather will be  not typical on a random day in England?, not typical,notB,40,2932904.799990,2932911.888348,7.088358
501,2,25,If the weather in England is not typical on a random daywhat is the probability that the weather will also be not normal on the same day?, not normal given not typical,notAgnotB,80,2932912.099961,2932918.573548,6.473588
501,2,26,What is the probability that the weather will be  not icy or not frosty on a random day in England?, not icy or not frosty,notAornotB,70,2932918.733298,2932923.701626,4.968328
501,2,27,What is the probability that the weather will be  icy or not frosty on a random day in England?, icy or not frosty,AornotB,20,2932923.849953,2932926.973380,3.123427
501,2,28,If the weather in England is not typical on a random daywhat is the probability that the weather will also be normal on the same day?, normal given not typical,AgnotB,20,2932927.116591,2932941.948990,14.832398
501,2,29,What is the probability that the weather will be  not icy on a random day in England?, not icy,notA,70,2932942.116600,2932947.285068,5.168468
501,2,30,If the weather in England is not icy on a random daywhat is the probability that the weather will also be not frosty on the same day?, not frosty given not icy,notBgnotA,30,2932947.416598,2932952.556730,5.140132
501,2,31,What is the probability that the weather will be  normal or typical on a random day in England?, normal or typical,AorB,80,2932952.633257,2932957.652678,5.019421
501,2,32,What is the probability that the weather will be  not normal on a random day in England?, not normal,notA,20,2932957.783255,2932963.764503,5.981248
501,2,33,What is the probability that the weather will be  typical or not normal on a random day in England?, typical or not normal,notAorB,30,2932963.883248,2932975.620190,11.736942
501,2,34,If the weather in England is not frosty on a random daywhat is the probability that the weather will also be not icy on the same day?, not icy given not frosty,notAgnotB,80,2932975.733203,2933002.347600,26.614396
501,2,35,What is the probability that the weather will be  icy on a random day in England?, icy,A,30,2933002.449874,2933008.540043,6.090169
501,2,36,What is the probability that the weather will be  normal and not typical on a random day in England?, normal and not typical,AandnotB,60,2933008.666512,2933013.691308,5.024797
501,2,37,If the weather in England is typical on a random daywhat is the probability that the weather will also be normal on the same day?, normal given typical,AgB,90,2933013.833177,2933018.203154,4.369977
501,2,38,If the weather in England is icy on a random daywhat is the probability that the weather will also be frosty on the same day?, frosty given icy,BgA,30,2933018.333187,2933027.138923,8.805736
501,2,39,What is the probability that the weather will be  not icy and not frosty on a random day in England?, not icy and not frosty,notAandnotB,70,2933027.233186,2933032.562792,5.329605
501,2,40,What is the probability that the weather will be  normal and typical on a random day in England?, normal and typical,AandB,80,2933032.666493,2933036.034731,3.368237
501,3,1,If the weather in England is not icy on a random daywhat is the probability that the weather will also be frosty on the same day?, frosty given not icy,BgnotA,20,2933036.183153,2933043.746654,7.563501
501,3,2,If the weather in England is not frosty on a random daywhat is the probability that the weather will also be icy on the same day?, icy given not frosty,AgnotB,20,2933043.849842,2933048.338425,4.488584
501,3,3,What is the probability that the weather will be  icy and frosty on a random day in England?, icy and frosty,AandB,30,2933048.466469,2933051.946338,3.479869
501,3,4,What is the probability that the weather will be  frosty and not icy on a random day in England?, frosty and not icy,notAandB,20,2933052.049812,2933056.650231,4.600419
501,3,5,What is the probability that the weather will be  normal and not typical on a random day in England?, normal and not typical,AandnotB,70,2933056.783153,2933063.954057,7.170904
501,3,6,If the weather in England is not normal on a random daywhat is the probability that the weather will also be not typical on the same day?, not typical given not normal,notBgnotA,20,2933064.099814,2933072.161891,8.062076
501,3,7,If the weather in England is normal on a random daywhat is the probability that the weather will also be not typical on the same day?, not typical given normal,notBgA,10,2933072.283120,2933076.793735,4.510615
501,3,8,What is the probability that the weather will be  not typical on a random day in England?, not typical,notB,20,2933076.933123,2933081.076008,4.142885
501,3,9,What is the probability that the weather will be  icy and not frosty on a random day in England?, icy and not frosty,AandnotB,20,2933081.183134,2933086.249531,5.066397
501,3,10,What is the probability that the weather will be  icy or frosty on a random day in England?, icy or frosty,AorB,30,2933086.349792,2933088.585473,2.235681
501,3,11,If the weather in England is icy on a random daywhat is the probability that the weather will also be frosty on the same day?, frosty given icy,BgA,80,2933088.733128,2933099.257204,10.524075
501,3,12,What is the probability that the weather will be  normal or typical on a random day in England?, normal or typical,AorB,80,2933099.383113,2933103.257116,3.874003
501,3,13,What is the probability that the weather will be  normal on a random day in England?, normal,A,80,2933103.383088,2933106.281423,2.898335
501,3,14,If the weather in England is not typical on a random daywhat is the probability that the weather will also be not normal on the same day?, not normal given not typical,notAgnotB,80,2933106.399771,2933111.960887,5.561116
501,3,15,What is the probability that the weather will be  frosty on a random day in England?, frosty,B,30,2933112.116429,2933115.481278,3.364849
501,3,16,If the weather in England is icy on a random daywhat is the probability that the weather will also be not frosty on the same day?, not frosty given icy,notBgA,20,2933115.633106,2933123.776636,8.143531
501,3,17,If the weather in England is frosty on a random daywhat is the probability that the weather will also be icy on the same day?, icy given frosty,AgB,90,2933123.916418,2933129.888478,5.972060
501,3,18,What is the probability that the weather will be  not normal on a random day in England?, not normal,notA,20,2933129.999745,2933133.496390,3.496645
501,3,19,If the weather in England is not typical on a random daywhat is the probability that the weather will also be normal on the same day?, normal given not typical,AgnotB,20,2933133.599729,2933152.351946,18.752217
501,3,20,If the weather in England is not normal on a random daywhat is the probability that the weather will also be typical on the same day?, typical given not normal,BgnotA,20,2933152.483080,2933155.895843,3.412763
501,3,21,If the weather in England is frosty on a random daywhat is the probability that the weather will also be not icy on the same day?, not icy given frosty,notAgB,20,2933156.049722,2933162.751675,6.701953
501,3,22,If the weather in England is normal on a random daywhat is the probability that the weather will also be typical on the same day?, typical given normal,BgA,80,2933162.933053,2933168.623530,5.690477
501,3,23,What is the probability that the weather will be  frosty or not icy on a random day in England?, frosty or not icy,notAorB,20,2933168.733057,2933177.439350,8.706293
501,3,24,If the weather in England is not icy on a random daywhat is the probability that the weather will also be not frosty on the same day?, not frosty given not icy,notBgnotA,70,2933177.649711,2933183.175191,5.525480
501,3,25,If the weather in England is typical on a random daywhat is the probability that the weather will also be not normal on the same day?, not normal given typical,notAgB,20,2933183.333038,2933190.422993,7.089955
501,3,26,What is the probability that the weather will be  not icy or not frosty on a random day in England?, not icy or not frosty,notAornotB,70,2933190.566333,2933195.902899,5.336565
501,3,27,What is the probability that the weather will be  not icy and not frosty on a random day in England?, not icy and not frosty,notAandnotB,70,2933196.049705,2933200.558782,4.509077
501,3,28,What is the probability that the weather will be  typical or not normal on a random day in England?, typical or not normal,notAorB,30,2933200.733022,2933206.454666,5.721644
501,3,29,What is the probability that the weather will be  icy on a random day in England?, icy,A,30,2933206.649673,2933210.750948,4.101274
501,3,30,What is the probability that the weather will be  not normal and not typical on a random day in England?, not normal and not typical,notAandnotB,20,2933210.916319,2933216.734382,5.818063
501,3,31,If the weather in England is not frosty on a random daywhat is the probability that the weather will also be not icy on the same day?, not icy given not frosty,notAgnotB,70,2933216.899665,2933225.502201,8.602536
501,3,32,What is the probability that the weather will be  icy or not frosty on a random day in England?, icy or not frosty,AornotB,20,2933225.632960,2933247.133768,21.500808
501,3,33,What is the probability that the weather will be  normal or not typical on a random day in England?, normal or not typical,AornotB,30,2933247.232944,2933259.285472,12.052529
501,3,34,What is the probability that the weather will be  not frosty on a random day in England?, not frosty,notB,70,2933259.449627,2933262.685298,3.235671
501,3,35,If the weather in England is typical on a random daywhat is the probability that the weather will also be normal on the same day?, normal given typical,AgB,80,2933262.833007,2933279.500897,16.667890
501,3,36,What is the probability that the weather will be  typical and not normal on a random day in England?, typical and not normal,notAandB,20,2933279.616285,2933299.412390,19.796104
501,3,37,What is the probability that the weather will be  normal and typical on a random day in England?, normal and typical,AandB,80,2933299.532909,2933302.484266,2.951357
501,3,38,What is the probability that the weather will be  typical on a random day in England?, typical,B,80,2933302.599588,2933305.948621,3.349033
501,3,39,What is the probability that the weather will be  not icy on a random day in England?, not icy,notA,30,2933306.032908,2933308.436183,2.403276
501,3,40,What is the probability that the weather will be  not normal or not typical on a random day in England?, not normal or not typical,notAornotB,40,2933308.566253,2933320.043907,11.477655
