ID,block,trial,query,querydetail,querytype,estimate,starttime,endtime,RT
604,1,1,What is the probability that the weather will be  frosty or not icy on a random day in England?, frosty or not icy,notAorB,25,1979382.207013,1979404.013753,21.806740
604,1,2,What is the probability that the weather will be  normal and typical on a random day in England?, normal and typical,AandB,50,1979404.206940,1979412.270769,8.063829
604,1,3,If the weather in England is normal on a random daywhat is the probability that the weather will also be not typical on the same day?, not typical given normal,notBgA,25,1979412.406885,1979433.112457,20.705572
604,1,4,What is the probability that the weather will be  typical on a random day in England?, typical,B,50,1979433.256899,1979443.120179,9.863280
604,1,5,What is the probability that the weather will be  icy or not frosty on a random day in England?, icy or not frosty,AornotB,25,1979443.273488,1979449.448002,6.174514
604,1,6,If the weather in England is icy on a random daywhat is the probability that the weather will also be frosty on the same day?, frosty given icy,BgA,60,1979449.606801,1979457.887865,8.281064
604,1,7,What is the probability that the weather will be  typical or not normal on a random day in England?, typical or not normal,notAorB,50,1979458.040136,1979470.871511,12.831375
604,1,8,If the weather in England is not normal on a random daywhat is the probability that the weather will also be not typical on the same day?, not typical given not normal,notBgnotA,75,1979471.023400,1979493.023237,21.999837
604,1,9,If the weather in England is icy on a random daywhat is the probability that the weather will also be not frosty on the same day?, not frosty given icy,notBgA,60,1979493.190062,1979503.558851,10.368789
604,1,10,What is the probability that the weather will be  icy or frosty on a random day in England?, icy or frosty,AorB,35,1979503.690000,1979515.318573,11.628573
604,1,11,What is the probability that the weather will be  not normal on a random day in England?, not normal,notA,50,1979515.439973,1979522.990527,7.550554
604,1,12,What is the probability that the weather will be  frosty and not icy on a random day in England?, frosty and not icy,notAandB,60,1979523.123245,1979538.854168,15.730923
604,1,13,If the weather in England is not normal on a random daywhat is the probability that the weather will also be typical on the same day?, typical given not normal,BgnotA,75,1979539.006552,1979550.165864,11.159312
604,1,14,What is the probability that the weather will be  not typical on a random day in England?, not typical,notB,50,1979550.289860,1979559.693748,9.403888
604,1,15,What is the probability that the weather will be  typical and not normal on a random day in England?, typical and not normal,notAandB,50,1979559.856481,1979569.645382,9.788901
604,1,16,What is the probability that the weather will be  not icy on a random day in England?, not icy,notA,60,1979569.789818,1979581.245204,11.455386
604,1,17,If the weather in England is typical on a random daywhat is the probability that the weather will also be normal on the same day?, normal given typical,AgB,75,1979581.389773,1979589.628950,8.239177
604,1,18,What is the probability that the weather will be  icy and frosty on a random day in England?, icy and frosty,AandB,40,1979589.756431,1979599.277008,9.520577
604,1,19,If the weather in England is not frosty on a random daywhat is the probability that the weather will also be icy on the same day?, icy given not frosty,AgnotB,25,1979599.373032,1979613.276587,13.903555
604,1,20,If the weather in England is frosty on a random daywhat is the probability that the weather will also be icy on the same day?, icy given frosty,AgB,60,1979613.439668,1979619.500584,6.060916
604,1,21,What is the probability that the weather will be  icy on a random day in England?, icy,A,25,1979619.589636,1979623.156383,3.566747
604,1,22,What is the probability that the weather will be  icy and not frosty on a random day in England?, icy and not frosty,AandnotB,40,1979623.272985,1979634.052173,10.779188
604,1,23,What is the probability that the weather will be  normal and not typical on a random day in England?, normal and not typical,AandnotB,40,1979634.156293,1979647.371802,13.215509
604,1,24,What is the probability that the weather will be  normal or typical on a random day in England?, normal or typical,AorB,50,1979647.472923,1979657.787728,10.314804
604,1,25,If the weather in England is not icy on a random daywhat is the probability that the weather will also be not frosty on the same day?, not frosty given not icy,notBgnotA,60,1979657.906215,1979664.587437,6.681222
604,1,26,What is the probability that the weather will be  not normal or not typical on a random day in England?, not normal or not typical,notAornotB,50,1979664.706184,1979673.195506,8.489321
604,1,27,What is the probability that the weather will be  not normal and not typical on a random day in England?, not normal and not typical,notAandnotB,50,1979673.306185,1979680.059090,6.752905
604,1,28,What is the probability that the weather will be  normal on a random day in England?, normal,A,50,1979680.189506,1979685.779601,5.590095
604,1,29,If the weather in England is not frosty on a random daywhat is the probability that the weather will also be not icy on the same day?, not icy given not frosty,notAgnotB,60,1979685.922792,1979692.162833,6.240041
604,1,30,What is the probability that the weather will be  frosty on a random day in England?, frosty,B,30,1979692.322762,1979699.690858,7.368096
604,1,31,What is the probability that the weather will be  not icy and not frosty on a random day in England?, not icy and not frosty,notAandnotB,30,1979699.822778,1979713.098412,13.275634
604,1,32,If the weather in England is not typical on a random daywhat is the probability that the weather will also be not normal on the same day?, not normal given not typical,notAgnotB,75,1979713.206075,1979720.930238,7.724162
604,1,33,What is the probability that the weather will be  not icy or not frosty on a random day in England?, not icy or not frosty,notAornotB,75,1979721.039376,1979729.482321,8.442945
604,1,34,If the weather in England is frosty on a random daywhat is the probability that the weather will also be not icy on the same day?, not icy given frosty,notAgB,35,1979729.606022,1979737.201949,7.595927
604,1,35,What is the probability that the weather will be  normal or not typical on a random day in England?, normal or not typical,AornotB,45,1979737.322672,1979750.153671,12.830999
604,1,36,If the weather in England is normal on a random daywhat is the probability that the weather will also be typical on the same day?, typical given normal,BgA,60,1979750.289293,1979762.705417,12.416124
604,1,37,If the weather in England is not typical on a random daywhat is the probability that the weather will also be normal on the same day?, normal given not typical,AgnotB,30,1979762.805907,1979775.153090,12.347184
604,1,38,If the weather in England is typical on a random daywhat is the probability that the weather will also be not normal on the same day?, not normal given typical,notAgB,25,1979775.255878,1979788.752943,13.497065
604,1,39,What is the probability that the weather will be  not frosty on a random day in England?, not frosty,notB,75,1979788.855863,1979795.537661,6.681799
604,1,40,If the weather in England is not icy on a random daywhat is the probability that the weather will also be frosty on the same day?, frosty given not icy,BgnotA,40,1979795.639178,1979803.144543,7.505365
604,2,1,What is the probability that the weather will be  not icy or not frosty on a random day in England?, not icy or not frosty,notAornotB,65,1979803.272482,1979810.464471,7.191989
604,2,2,If the weather in England is not normal on a random daywhat is the probability that the weather will also be not typical on the same day?, not typical given not normal,notBgnotA,60,1979810.605799,1979821.240000,10.634202
604,2,3,What is the probability that the weather will be  frosty on a random day in England?, frosty,B,25,1979821.339101,1979831.192481,9.853380
604,2,4,If the weather in England is not typical on a random daywhat is the probability that the weather will also be normal on the same day?, normal given not typical,AgnotB,25,1979831.322418,1979843.927533,12.605115
604,2,5,What is the probability that the weather will be  normal or typical on a random day in England?, normal or typical,AorB,50,1979844.022371,1979851.615662,7.593291
604,2,6,If the weather in England is not typical on a random daywhat is the probability that the weather will also be not normal on the same day?, not normal given not typical,notAgnotB,75,1979851.739019,1979859.319204,7.580185
604,2,7,What is the probability that the weather will be  not normal and not typical on a random day in England?, not normal and not typical,notAandnotB,50,1979859.422330,1979866.239185,6.816854
604,2,8,What is the probability that the weather will be  typical or not normal on a random day in England?, typical or not normal,notAorB,45,1979866.338944,1979876.286921,9.947977
604,2,9,If the weather in England is icy on a random daywhat is the probability that the weather will also be not frosty on the same day?, not frosty given icy,notBgA,35,1979876.372274,1979886.022655,9.650381
604,2,10,What is the probability that the weather will be  frosty and not icy on a random day in England?, frosty and not icy,notAandB,30,1979886.122247,1979894.070616,7.948368
604,2,11,What is the probability that the weather will be  typical and not normal on a random day in England?, typical and not normal,notAandB,25,1979894.188864,1979904.094285,9.905420
604,2,12,What is the probability that the weather will be  normal or not typical on a random day in England?, normal or not typical,AornotB,25,1979904.205520,1979908.478116,4.272596
604,2,13,What is the probability that the weather will be  not frosty on a random day in England?, not frosty,notB,75,1979908.588842,1979923.237889,14.649046
604,2,14,If the weather in England is frosty on a random daywhat is the probability that the weather will also be icy on the same day?, icy given frosty,AgB,75,1979923.338793,1979931.453701,8.114908
604,2,15,What is the probability that the weather will be  icy and frosty on a random day in England?, icy and frosty,AandB,40,1979931.572117,1979937.213698,5.641581
604,2,16,What is the probability that the weather will be  typical on a random day in England?, typical,B,50,1979937.305414,1979942.958065,5.652652
604,2,17,If the weather in England is not frosty on a random daywhat is the probability that the weather will also be not icy on the same day?, not icy given not frosty,notAgnotB,60,1979943.072058,1979954.245256,11.173198
604,2,18,If the weather in England is icy on a random daywhat is the probability that the weather will also be frosty on the same day?, frosty given icy,BgA,75,1979954.338725,1979961.869209,7.530484
604,2,19,What is the probability that the weather will be  normal and not typical on a random day in England?, normal and not typical,AandnotB,45,1979961.972030,1979973.589011,11.616981
604,2,20,What is the probability that the weather will be  normal on a random day in England?, normal,A,50,1979973.688672,1979978.557013,4.868341
604,2,21,What is the probability that the weather will be  normal and typical on a random day in England?, normal and typical,AandB,45,1979978.688617,1979987.284517,8.595900
604,2,22,If the weather in England is not normal on a random daywhat is the probability that the weather will also be typical on the same day?, typical given not normal,BgnotA,25,1979987.371955,1979996.204328,8.832373
604,2,23,What is the probability that the weather will be  icy or not frosty on a random day in England?, icy or not frosty,AornotB,25,1979996.338605,1980004.452169,8.113564
604,2,24,What is the probability that the weather will be  icy on a random day in England?, icy,A,25,1980004.555228,1980011.684287,7.129059
604,2,25,What is the probability that the weather will be  not icy on a random day in England?, not icy,notA,70,1980011.805233,1980016.259903,4.454669
604,2,26,What is the probability that the weather will be  not normal on a random day in England?, not normal,notA,50,1980016.355192,1980023.059765,6.704574
604,2,27,What is the probability that the weather will be  not normal or not typical on a random day in England?, not normal or not typical,notAornotB,50,1980023.155196,1980029.171607,6.016411
604,2,28,What is the probability that the weather will be  not icy and not frosty on a random day in England?, not icy and not frosty,notAandnotB,50,1980029.321839,1980038.643495,9.321656
604,2,29,If the weather in England is normal on a random daywhat is the probability that the weather will also be not typical on the same day?, not typical given normal,notBgA,25,1980038.771817,1980046.780352,8.008535
604,2,30,What is the probability that the weather will be  frosty or not icy on a random day in England?, frosty or not icy,notAorB,30,1980046.871763,1980056.427180,9.555416
604,2,31,If the weather in England is normal on a random daywhat is the probability that the weather will also be typical on the same day?, typical given normal,BgA,45,1980056.555102,1980072.250741,15.695639
604,2,32,If the weather in England is not icy on a random daywhat is the probability that the weather will also be not frosty on the same day?, not frosty given not icy,notBgnotA,50,1980072.355095,1980084.818486,12.463391
604,2,33,If the weather in England is not icy on a random daywhat is the probability that the weather will also be frosty on the same day?, frosty given not icy,BgnotA,25,1980084.954995,1980091.098354,6.143359
604,2,34,What is the probability that the weather will be  not typical on a random day in England?, not typical,notB,50,1980091.221685,1980094.850283,3.628599
604,2,35,What is the probability that the weather will be  icy and not frosty on a random day in England?, icy and not frosty,AandnotB,40,1980094.971656,1980103.554059,8.582403
604,2,36,If the weather in England is frosty on a random daywhat is the probability that the weather will also be not icy on the same day?, not icy given frosty,notAgB,35,1980103.671636,1980112.769892,9.098256
604,2,37,If the weather in England is typical on a random daywhat is the probability that the weather will also be not normal on the same day?, not normal given typical,notAgB,25,1980112.854920,1980119.529728,6.674808
604,2,38,If the weather in England is typical on a random daywhat is the probability that the weather will also be normal on the same day?, normal given typical,AgB,60,1980119.621565,1980128.337570,8.716005
604,2,39,What is the probability that the weather will be  icy or frosty on a random day in England?, icy or frosty,AorB,25,1980128.421555,1980136.377401,7.955846
604,2,40,If the weather in England is not frosty on a random daywhat is the probability that the weather will also be icy on the same day?, icy given not frosty,AgnotB,35,1980136.504868,1980142.113289,5.608421
604,3,1,What is the probability that the weather will be  normal on a random day in England?, normal,A,50,1980142.254859,1980145.905575,3.650716
604,3,2,What is the probability that the weather will be  not normal and not typical on a random day in England?, not normal and not typical,notAandnotB,50,1980146.004843,1980156.792965,10.788122
604,3,3,What is the probability that the weather will be  frosty on a random day in England?, frosty,B,25,1980156.904813,1980162.873123,5.968310
604,3,4,What is the probability that the weather will be  icy and frosty on a random day in England?, icy and frosty,AandB,25,1980162.971438,1980167.353787,4.382350
604,3,5,If the weather in England is normal on a random daywhat is the probability that the weather will also be typical on the same day?, typical given normal,BgA,60,1980167.471432,1980175.672543,8.201111
604,3,6,If the weather in England is not normal on a random daywhat is the probability that the weather will also be typical on the same day?, typical given not normal,BgnotA,25,1980175.788093,1980181.968435,6.180342
604,3,7,What is the probability that the weather will be  not normal on a random day in England?, not normal,notA,30,1980182.054740,1980189.072266,7.017526
604,3,8,If the weather in England is icy on a random daywhat is the probability that the weather will also be not frosty on the same day?, not frosty given icy,notBgA,35,1980189.188090,1980194.968170,5.780079
604,3,9,What is the probability that the weather will be  icy and not frosty on a random day in England?, icy and not frosty,AandnotB,30,1980195.071371,1980200.336095,5.264724
604,3,10,What is the probability that the weather will be  frosty and not icy on a random day in England?, frosty and not icy,notAandB,35,1980200.471329,1980206.559452,6.088124
604,3,11,If the weather in England is not typical on a random daywhat is the probability that the weather will also be not normal on the same day?, not normal given not typical,notAgnotB,60,1980206.704655,1980216.727689,10.023034
604,3,12,What is the probability that the weather will be  frosty or not icy on a random day in England?, frosty or not icy,notAorB,30,1980216.837958,1980224.783534,7.945576
604,3,13,What is the probability that the weather will be  normal and typical on a random day in England?, normal and typical,AandB,50,1980224.887948,1980229.247381,4.359432
604,3,14,What is the probability that the weather will be  normal and not typical on a random day in England?, normal and not typical,AandnotB,30,1980229.354585,1980233.871319,4.516734
604,3,15,What is the probability that the weather will be  typical on a random day in England?, typical,B,50,1980233.971245,1980238.175518,4.204273
604,3,16,What is the probability that the weather will be  not frosty on a random day in England?, not frosty,notB,75,1980238.287961,1980252.142953,13.854993
604,3,17,If the weather in England is not frosty on a random daywhat is the probability that the weather will also be not icy on the same day?, not icy given not frosty,notAgnotB,75,1980252.254538,1980258.271804,6.017267
604,3,18,If the weather in England is not typical on a random daywhat is the probability that the weather will also be normal on the same day?, normal given not typical,AgnotB,25,1980258.354560,1980263.214675,4.860114
604,3,19,If the weather in England is not icy on a random daywhat is the probability that the weather will also be frosty on the same day?, frosty given not icy,BgnotA,25,1980263.321142,1980267.566649,4.245507
604,3,20,If the weather in England is not normal on a random daywhat is the probability that the weather will also be not typical on the same day?, not typical given not normal,notBgnotA,60,1980267.671166,1980278.206395,10.535229
604,3,21,What is the probability that the weather will be  icy or not frosty on a random day in England?, icy or not frosty,AornotB,30,1980278.304471,1980285.502262,7.197790
604,3,22,What is the probability that the weather will be  typical or not normal on a random day in England?, typical or not normal,notAorB,25,1980285.604443,1980290.958123,5.353680
604,3,23,If the weather in England is frosty on a random daywhat is the probability that the weather will also be icy on the same day?, icy given frosty,AgB,60,1980291.054439,1980300.565955,9.511516
604,3,24,If the weather in England is icy on a random daywhat is the probability that the weather will also be frosty on the same day?, frosty given icy,BgA,60,1980300.687769,1980305.213817,4.526048
604,3,25,What is the probability that the weather will be  not icy or not frosty on a random day in England?, not icy or not frosty,notAornotB,75,1980305.321050,1980313.021648,7.700599
604,3,26,What is the probability that the weather will be  normal or not typical on a random day in England?, normal or not typical,AornotB,25,1980313.121030,1980320.813502,7.692471
604,3,27,If the weather in England is normal on a random daywhat is the probability that the weather will also be not typical on the same day?, not typical given normal,notBgA,25,1980320.921025,1980325.021386,4.100362
604,3,28,What is the probability that the weather will be  not icy and not frosty on a random day in England?, not icy and not frosty,notAandnotB,75,1980325.120995,1980333.709195,8.588200
604,3,29,What is the probability that the weather will be  typical and not normal on a random day in England?, typical and not normal,notAandB,25,1980333.837644,1980346.093901,12.256257
604,3,30,What is the probability that the weather will be  icy on a random day in England?, icy,A,30,1980346.187615,1980350.941118,4.753503
604,3,31,What is the probability that the weather will be  normal or typical on a random day in England?, normal or typical,AorB,50,1980351.020935,1980358.876681,7.855746
604,3,32,If the weather in England is not icy on a random daywhat is the probability that the weather will also be not frosty on the same day?, not frosty given not icy,notBgnotA,60,1980358.970889,1980364.052568,5.081679
604,3,33,If the weather in England is frosty on a random daywhat is the probability that the weather will also be not icy on the same day?, not icy given frosty,notAgB,40,1980364.154188,1980373.644412,9.490224
604,3,34,What is the probability that the weather will be  icy or frosty on a random day in England?, icy or frosty,AorB,25,1980373.754173,1980380.820260,7.066088
604,3,35,What is the probability that the weather will be  not normal or not typical on a random day in England?, not normal or not typical,notAornotB,50,1980380.904176,1980385.396112,4.491936
604,3,36,What is the probability that the weather will be  not icy on a random day in England?, not icy,notA,75,1980385.504161,1980392.243968,6.739807
604,3,37,If the weather in England is typical on a random daywhat is the probability that the weather will also be not normal on the same day?, not normal given typical,notAgB,25,1980392.337461,1980399.779850,7.442389
604,3,38,If the weather in England is not frosty on a random daywhat is the probability that the weather will also be icy on the same day?, icy given not frosty,AgnotB,25,1980399.887433,1980409.371630,9.484197
604,3,39,If the weather in England is typical on a random daywhat is the probability that the weather will also be normal on the same day?, normal given typical,AgB,60,1980409.454088,1980416.747483,7.293395
604,3,40,What is the probability that the weather will be  not typical on a random day in England?, not typical,notB,50,1980416.837409,1980424.971324,8.133915
