ID,block,trial,query,querydetail,querytype,estimate,starttime,endtime,RT
601,1,1,What is the probability that the weather will be  icy and not frosty on a random day in England?, icy and not frosty,AandnotB,30,2933482.249426,2933500.644724,18.395298
601,1,2,What is the probability that the weather will be  icy on a random day in England?, icy,A,20,2933500.932749,2933521.365228,20.432479
601,1,3,If the weather in England is not icy on a random daywhat is the probability that the weather will also be frosty on the same day?, frosty given not icy,BgnotA,70,2933521.482732,2933606.197281,84.714549
601,1,4,What is the probability that the weather will be  not icy and not frosty on a random day in England?, not icy and not frosty,notAandnotB,70,2933606.315997,2933654.588107,48.272110
601,1,5,What is the probability that the weather will be  normal and not typical on a random day in England?, normal and not typical,AandnotB,95,2933654.699273,2933709.754727,55.055454
601,1,6,What is the probability that the weather will be  frosty and not icy on a random day in England?, frosty and not icy,notAandB,30,2933709.899248,2933722.474465,12.575216
601,1,7,What is the probability that the weather will be  typical and not normal on a random day in England?, typical and not normal,notAandB,25,2933722.665858,2933765.449340,42.783482
601,1,8,If the weather in England is icy on a random daywhat is the probability that the weather will also be not frosty on the same day?, not frosty given icy,notBgA,80,2933765.582493,2933799.800564,34.218071
601,1,9,If the weather in England is icy on a random daywhat is the probability that the weather will also be frosty on the same day?, frosty given icy,BgA,70,2933799.882505,2933822.576039,22.693534
601,1,10,If the weather in England is not typical on a random daywhat is the probability that the weather will also be normal on the same day?, normal given not typical,AgnotB,60,2933822.699137,2933843.071419,20.372281
601,1,11,What is the probability that the weather will be  frosty on a random day in England?, frosty,B,30,2933843.165760,2933854.615266,11.449507
601,1,12,If the weather in England is not icy on a random daywhat is the probability that the weather will also be not frosty on the same day?, not frosty given not icy,notBgnotA,90,2933854.765719,2933893.094351,38.328632
601,1,13,If the weather in England is not normal on a random daywhat is the probability that the weather will also be not typical on the same day?, not typical given not normal,notBgnotA,70,2933893.182386,2933903.421961,10.239574
601,1,14,If the weather in England is normal on a random daywhat is the probability that the weather will also be not typical on the same day?, not typical given normal,notBgA,60,2933903.532370,2933916.024103,12.491733
601,1,15,What is the probability that the weather will be  normal or typical on a random day in England?, normal or typical,AorB,50,2933916.165688,2933940.613126,24.447437
601,1,16,What is the probability that the weather will be  normal on a random day in England?, normal,A,50,2933940.782337,2933949.829082,9.046744
601,1,17,If the weather in England is not typical on a random daywhat is the probability that the weather will also be not normal on the same day?, not normal given not typical,notAgnotB,80,2933949.999002,2933983.132150,33.133148
601,1,18,What is the probability that the weather will be  not normal or not typical on a random day in England?, not normal or not typical,notAornotB,80,2933983.232287,2933987.052103,3.819815
601,1,19,If the weather in England is not frosty on a random daywhat is the probability that the weather will also be icy on the same day?, icy given not frosty,AgnotB,30,2933987.182263,2933998.283798,11.101535
601,1,20,What is the probability that the weather will be  not frosty on a random day in England?, not frosty,notB,25,2933998.398946,2934016.931379,18.532432
601,1,21,If the weather in England is typical on a random daywhat is the probability that the weather will also be normal on the same day?, normal given typical,AgB,80,2934017.048928,2934075.642145,58.593217
601,1,22,What is the probability that the weather will be  not icy or not frosty on a random day in England?, not icy or not frosty,notAornotB,60,2934075.782195,2934087.081782,11.299587
601,1,23,What is the probability that the weather will be  not normal on a random day in England?, not normal,notA,20,2934087.182186,2934096.953382,9.771196
601,1,24,What is the probability that the weather will be  icy or frosty on a random day in England?, icy or frosty,AorB,30,2934097.082172,2934111.800989,14.718817
601,1,25,What is the probability that the weather will be  icy and frosty on a random day in England?, icy and frosty,AandB,15,2934111.948818,2934122.704830,10.756012
601,1,26,What is the probability that the weather will be  normal and typical on a random day in England?, normal and typical,AandB,80,2934122.832161,2934138.216466,15.384305
601,1,27,What is the probability that the weather will be  typical on a random day in England?, typical,B,80,2934138.315479,2934148.137161,9.821682
601,1,28,If the weather in England is not normal on a random daywhat is the probability that the weather will also be typical on the same day?, typical given not normal,BgnotA,40,2934148.248796,2934189.983096,41.734300
601,1,29,If the weather in England is frosty on a random daywhat is the probability that the weather will also be icy on the same day?, icy given frosty,AgB,60,2934190.115427,2934204.134794,14.019367
601,1,30,What is the probability that the weather will be  not icy on a random day in England?, not icy,notA,60,2934204.265411,2934227.567345,23.301934
601,1,31,What is the probability that the weather will be  frosty or not icy on a random day in England?, frosty or not icy,notAorB,15,2934227.682062,2934260.333461,32.651399
601,1,32,If the weather in England is frosty on a random daywhat is the probability that the weather will also be not icy on the same day?, not icy given frosty,notAgB,30,2934260.498667,2934291.612674,31.114007
601,1,33,If the weather in England is normal on a random daywhat is the probability that the weather will also be typical on the same day?, typical given normal,BgA,45,2934291.748671,2934308.436324,16.687653
601,1,34,If the weather in England is typical on a random daywhat is the probability that the weather will also be not normal on the same day?, not normal given typical,notAgB,45,2934308.581984,2934329.027940,20.445956
601,1,35,What is the probability that the weather will be  icy or not frosty on a random day in England?, icy or not frosty,AornotB,20,2934329.165298,2934335.739744,6.574446
601,1,36,What is the probability that the weather will be  typical or not normal on a random day in England?, typical or not normal,notAorB,80,2934335.931950,2934374.082703,38.150753
601,1,37,What is the probability that the weather will be  not normal and not typical on a random day in England?, not normal and not typical,notAandnotB,60,2934374.215241,2934382.402497,8.187257
601,1,38,What is the probability that the weather will be  not typical on a random day in England?, not typical,notB,20,2934382.531906,2934397.258206,14.726300
601,1,39,What is the probability that the weather will be  normal or not typical on a random day in England?, normal or not typical,AornotB,40,2934397.415209,2934407.849884,10.434675
601,1,40,If the weather in England is not frosty on a random daywhat is the probability that the weather will also be not icy on the same day?, not icy given not frosty,notAgnotB,80,2934407.998555,2934453.680811,45.682256
601,2,1,If the weather in England is frosty on a random daywhat is the probability that the weather will also be not icy on the same day?, not icy given frosty,notAgB,30,2934453.798488,2934461.432597,7.634109
601,2,2,If the weather in England is not icy on a random daywhat is the probability that the weather will also be frosty on the same day?, frosty given not icy,BgnotA,40,2934461.565161,2934500.695641,39.130480
601,2,3,What is the probability that the weather will be  not normal on a random day in England?, not normal,notA,20,2934500.765129,2934508.231475,7.466346
601,2,4,What is the probability that the weather will be  not typical on a random day in England?, not typical,notB,20,2934508.331800,2934511.271472,2.939672
601,2,5,What is the probability that the weather will be  icy and frosty on a random day in England?, icy and frosty,AandB,40,2934511.348457,2934543.134503,31.786046
601,2,6,What is the probability that the weather will be  not icy and not frosty on a random day in England?, not icy and not frosty,notAandnotB,80,2934543.215078,2934554.398242,11.183164
601,2,7,If the weather in England is not frosty on a random daywhat is the probability that the weather will also be icy on the same day?, icy given not frosty,AgnotB,40,2934554.498341,2934574.597711,20.099369
601,2,8,What is the probability that the weather will be  frosty and not icy on a random day in England?, frosty and not icy,notAandB,20,2934574.765035,2934592.036987,17.271952
601,2,9,What is the probability that the weather will be  icy and not frosty on a random day in England?, icy and not frosty,AandnotB,15,2934592.198393,2934602.429057,10.230664
601,2,10,If the weather in England is icy on a random daywhat is the probability that the weather will also be not frosty on the same day?, not frosty given icy,notBgA,10,2934602.565023,2934627.436483,24.871461
601,2,11,What is the probability that the weather will be  normal or typical on a random day in England?, normal or typical,AorB,80,2934627.581679,2934644.940233,17.358554
601,2,12,What is the probability that the weather will be  frosty or not icy on a random day in England?, frosty or not icy,notAorB,20,2934645.031651,2934669.691469,24.659818
601,2,13,What is the probability that the weather will be  frosty on a random day in England?, frosty,B,20,2934669.898275,2934675.956581,6.058306
601,2,14,If the weather in England is not normal on a random daywhat is the probability that the weather will also be not typical on the same day?, not typical given not normal,notBgnotA,80,2934676.064963,2934687.219245,11.154281
601,2,15,If the weather in England is frosty on a random daywhat is the probability that the weather will also be icy on the same day?, icy given frosty,AgB,70,2934687.314946,2934725.394128,38.079182
601,2,16,What is the probability that the weather will be  typical and not normal on a random day in England?, typical and not normal,notAandB,40,2934725.498245,2934746.481631,20.983386
601,2,17,If the weather in England is not typical on a random daywhat is the probability that the weather will also be not normal on the same day?, not normal given not typical,notAgnotB,90,2934746.564915,2934763.313220,16.748305
601,2,18,If the weather in England is icy on a random daywhat is the probability that the weather will also be frosty on the same day?, frosty given icy,BgA,70,2934763.398206,2934787.008623,23.610417
601,2,19,If the weather in England is not normal on a random daywhat is the probability that the weather will also be typical on the same day?, typical given not normal,BgnotA,30,2934787.081536,2934798.792360,11.710824
601,2,20,What is the probability that the weather will be  normal and typical on a random day in England?, normal and typical,AandB,80,2934798.881520,2934810.680065,11.798545
601,2,21,If the weather in England is typical on a random daywhat is the probability that the weather will also be normal on the same day?, normal given typical,AgB,80,2934810.781515,2934825.383699,14.602184
601,2,22,If the weather in England is typical on a random daywhat is the probability that the weather will also be not normal on the same day?, not normal given typical,notAgB,60,2934825.564808,2934833.263516,7.698708
601,2,23,What is the probability that the weather will be  icy on a random day in England?, icy,A,20,2934833.381459,2934845.431785,12.050327
601,2,24,If the weather in England is not icy on a random daywhat is the probability that the weather will also be not frosty on the same day?, not frosty given not icy,notBgnotA,80,2934845.514801,2934880.254462,34.739660
601,2,25,If the weather in England is normal on a random daywhat is the probability that the weather will also be typical on the same day?, typical given normal,BgA,80,2934880.331408,2934885.814257,5.482849
601,2,26,If the weather in England is not typical on a random daywhat is the probability that the weather will also be normal on the same day?, normal given not typical,AgnotB,40,2934885.881430,2934890.750133,4.868702
601,2,27,What is the probability that the weather will be  normal or not typical on a random day in England?, normal or not typical,AornotB,40,2934890.848090,2934894.142065,3.293975
601,2,28,What is the probability that the weather will be  not icy or not frosty on a random day in England?, not icy or not frosty,notAornotB,45,2934894.248096,2934902.253861,8.005766
601,2,29,What is the probability that the weather will be  not icy on a random day in England?, not icy,notA,70,2934902.364745,2934920.093423,17.728678
601,2,30,What is the probability that the weather will be  normal and not typical on a random day in England?, normal and not typical,AandnotB,40,2934920.198038,2934924.165315,3.967277
601,2,31,What is the probability that the weather will be  not frosty on a random day in England?, not frosty,notB,60,2934924.264726,2934931.941144,7.676419
601,2,32,What is the probability that the weather will be  typical on a random day in England?, typical,B,70,2934932.031358,2934938.845220,6.813862
601,2,33,What is the probability that the weather will be  icy or frosty on a random day in England?, icy or frosty,AorB,35,2934938.964703,2934957.676513,18.711810
601,2,34,What is the probability that the weather will be  normal on a random day in England?, normal,A,80,2934957.848029,2934965.180717,7.332688
601,2,35,If the weather in England is normal on a random daywhat is the probability that the weather will also be not typical on the same day?, not typical given normal,notBgA,80,2934965.364680,2934986.827851,21.463171
601,2,36,What is the probability that the weather will be  typical or not normal on a random day in England?, typical or not normal,notAorB,50,2934986.914134,2934999.699507,12.785374
601,2,37,What is the probability that the weather will be  not normal or not typical on a random day in England?, not normal or not typical,notAornotB,30,2934999.780788,2935007.787316,8.006529
601,2,38,If the weather in England is not frosty on a random daywhat is the probability that the weather will also be not icy on the same day?, not icy given not frosty,notAgnotB,70,2935007.914652,2935031.018774,23.104123
601,2,39,What is the probability that the weather will be  icy or not frosty on a random day in England?, icy or not frosty,AornotB,70,2935031.164634,2935051.274316,20.109682
601,2,40,What is the probability that the weather will be  not normal and not typical on a random day in England?, not normal and not typical,notAandnotB,40,2935051.397943,2935059.970078,8.572135
601,3,1,What is the probability that the weather will be  not icy on a random day in England?, not icy,notA,70,2935060.114596,2935077.113671,16.999076
601,3,2,If the weather in England is not typical on a random daywhat is the probability that the weather will also be normal on the same day?, normal given not typical,AgnotB,20,2935077.214565,2935105.049016,27.834451
601,3,3,What is the probability that the weather will be  frosty or not icy on a random day in England?, frosty or not icy,notAorB,70,2935105.181219,2935176.391311,71.210093
601,3,4,What is the probability that the weather will be  not normal on a random day in England?, not normal,notA,30,2935176.497812,2935187.966982,11.469170
601,3,5,If the weather in England is not icy on a random daywhat is the probability that the weather will also be not frosty on the same day?, not frosty given not icy,notBgnotA,90,2935188.064452,2935222.672091,34.607638
601,3,6,What is the probability that the weather will be  frosty on a random day in England?, frosty,B,20,2935222.747698,2935226.502673,3.754975
601,3,7,If the weather in England is frosty on a random daywhat is the probability that the weather will also be icy on the same day?, icy given frosty,AgB,50,2935226.631104,2935244.653612,18.022507
601,3,8,If the weather in England is not icy on a random daywhat is the probability that the weather will also be frosty on the same day?, frosty given not icy,BgnotA,30,2935244.747734,2935256.141329,11.393595
601,3,9,What is the probability that the weather will be  not normal or not typical on a random day in England?, not normal or not typical,notAornotB,10,2935256.281055,2935271.269006,14.987952
601,3,10,If the weather in England is not typical on a random daywhat is the probability that the weather will also be not normal on the same day?, not normal given not typical,notAgnotB,70,2935271.381065,2935296.116409,24.735344
601,3,11,If the weather in England is not normal on a random daywhat is the probability that the weather will also be typical on the same day?, typical given not normal,BgnotA,40,2935296.214380,2935303.500232,7.285851
601,3,12,If the weather in England is typical on a random daywhat is the probability that the weather will also be normal on the same day?, normal given typical,AgB,80,2935303.631033,2935308.292099,4.661066
601,3,13,What is the probability that the weather will be  icy and not frosty on a random day in England?, icy and not frosty,AandnotB,20,2935308.414359,2935313.675943,5.261584
601,3,14,What is the probability that the weather will be  normal on a random day in England?, normal,A,80,2935313.814356,2935319.876197,6.061841
601,3,15,What is the probability that the weather will be  normal and typical on a random day in England?, normal and typical,AandB,80,2935320.097655,2935326.563654,6.465999
601,3,16,If the weather in England is icy on a random daywhat is the probability that the weather will also be not frosty on the same day?, not frosty given icy,notBgA,10,2935326.697672,2935337.603552,10.905880
601,3,17,What is the probability that the weather will be  icy and frosty on a random day in England?, icy and frosty,AandB,60,2935337.780996,2935347.395168,9.614172
601,3,18,What is the probability that the weather will be  typical and not normal on a random day in England?, typical and not normal,notAandB,20,2935347.581008,2935366.802692,19.221685
601,3,19,What is the probability that the weather will be  icy or frosty on a random day in England?, icy or frosty,AorB,15,2935366.930966,2935376.402499,9.471533
601,3,20,What is the probability that the weather will be  not icy and not frosty on a random day in England?, not icy and not frosty,notAandnotB,35,2935376.564274,2935390.434142,13.869867
601,3,21,What is the probability that the weather will be  typical on a random day in England?, typical,B,80,2935390.580952,2935409.529870,18.948918
601,3,22,What is the probability that the weather will be  not frosty on a random day in England?, not frosty,notB,60,2935409.680944,2935419.249498,9.568554
601,3,23,If the weather in England is not normal on a random daywhat is the probability that the weather will also be not typical on the same day?, not typical given not normal,notBgnotA,60,2935419.347602,2935428.497216,9.149614
601,3,24,If the weather in England is icy on a random daywhat is the probability that the weather will also be frosty on the same day?, frosty given icy,BgA,70,2935428.580920,2935467.752264,39.171344
601,3,25,What is the probability that the weather will be  normal or typical on a random day in England?, normal or typical,AorB,80,2935467.847549,2935477.712064,9.864515
601,3,26,What is the probability that the weather will be  icy on a random day in England?, icy,A,20,2935477.797567,2935481.808183,4.010616
601,3,27,What is the probability that the weather will be  icy or not frosty on a random day in England?, icy or not frosty,AornotB,30,2935481.914204,2935487.983764,6.069561
601,3,28,If the weather in England is not frosty on a random daywhat is the probability that the weather will also be icy on the same day?, icy given not frosty,AgnotB,40,2935488.114168,2935496.183592,8.069424
601,3,29,If the weather in England is normal on a random daywhat is the probability that the weather will also be typical on the same day?, typical given normal,BgA,80,2935496.264234,2935501.223448,4.959215
601,3,30,If the weather in England is frosty on a random daywhat is the probability that the weather will also be not icy on the same day?, not icy given frosty,notAgB,30,2935501.330854,2935504.703361,3.372507
601,3,31,What is the probability that the weather will be  frosty and not icy on a random day in England?, frosty and not icy,notAandB,30,2935504.830859,2935517.863056,13.032197
601,3,32,What is the probability that the weather will be  normal or not typical on a random day in England?, normal or not typical,AornotB,40,2935517.980832,2935522.766935,4.786103
601,3,33,If the weather in England is not frosty on a random daywhat is the probability that the weather will also be not icy on the same day?, not icy given not frosty,notAgnotB,70,2935522.880828,2935543.174431,20.293603
601,3,34,What is the probability that the weather will be  typical or not normal on a random day in England?, typical or not normal,notAorB,40,2935543.264129,2935559.726036,16.461907
601,3,35,What is the probability that the weather will be  not normal and not typical on a random day in England?, not normal and not typical,notAandnotB,30,2935559.814112,2935565.101904,5.287793
601,3,36,If the weather in England is normal on a random daywhat is the probability that the weather will also be not typical on the same day?, not typical given normal,notBgA,30,2935565.197468,2935579.102882,13.905414
601,3,37,What is the probability that the weather will be  normal and not typical on a random day in England?, normal and not typical,AandnotB,20,2935579.214114,2935582.541493,3.327379
601,3,38,What is the probability that the weather will be  not icy or not frosty on a random day in England?, not icy or not frosty,notAornotB,70,2935582.664084,2935587.445369,4.781285
601,3,39,What is the probability that the weather will be  not typical on a random day in England?, not typical,notB,20,2935587.547424,2935594.229230,6.681806
601,3,40,If the weather in England is typical on a random daywhat is the probability that the weather will also be not normal on the same day?, not normal given typical,notAgB,35,2935594.380771,2935601.549018,7.168247
