ID,block,trial,query,querydetail,querytype,estimate,starttime,endtime,RT
809,1,1,If the weather in England is icy on a random daywhat is the probability that the weather will also be not frosty on the same day?, not frosty given icy,notBgA,10,3023669.807442,3023688.742967,18.935525
809,1,2,What is the probability that the weather will be  typical and not normal on a random day in England?, typical and not normal,notAandB,0,3023688.891030,3023701.487966,12.596937
809,1,3,What is the probability that the weather will be  icy and frosty on a random day in England?, icy and frosty,AandB,90,3023701.657833,3023707.005313,5.347480
809,1,4,What is the probability that the weather will be  not frosty on a random day in England?, not frosty,notB,50,3023707.107917,3023715.010250,7.902333
809,1,5,If the weather in England is not typical on a random daywhat is the probability that the weather will also be normal on the same day?, normal given not typical,AgnotB,0,3023715.157988,3023727.082086,11.924098
809,1,6,If the weather in England is not frosty on a random daywhat is the probability that the weather will also be not icy on the same day?, not icy given not frosty,notAgnotB,80,3023727.191451,3023736.729939,9.538488
809,1,7,If the weather in England is not icy on a random daywhat is the probability that the weather will also be not frosty on the same day?, not frosty given not icy,notBgnotA,80,3023736.858316,3023744.066655,7.208340
809,1,8,What is the probability that the weather will be  not icy on a random day in England?, not icy,notA,50,3023744.141710,3023754.017613,9.875902
809,1,9,What is the probability that the weather will be  frosty or not icy on a random day in England?, frosty or not icy,notAorB,10,3023754.141856,3023778.353333,24.211476
809,1,10,If the weather in England is normal on a random daywhat is the probability that the weather will also be not typical on the same day?, not typical given normal,notBgA,0,3023778.558798,3023787.809250,9.250452
809,1,11,What is the probability that the weather will be  icy or frosty on a random day in England?, icy or frosty,AorB,90,3023787.942222,3023799.489055,11.546833
809,1,12,If the weather in England is not normal on a random daywhat is the probability that the weather will also be typical on the same day?, typical given not normal,BgnotA,10,3023799.642381,3023810.368892,10.726510
809,1,13,What is the probability that the weather will be  icy and not frosty on a random day in England?, icy and not frosty,AandnotB,30,3023810.509211,3023821.312774,10.803563
809,1,14,What is the probability that the weather will be  not normal on a random day in England?, not normal,notA,50,3023821.442652,3023828.632775,7.190123
809,1,15,If the weather in England is frosty on a random daywhat is the probability that the weather will also be icy on the same day?, icy given frosty,AgB,90,3023828.792751,3023837.272628,8.479877
809,1,16,What is the probability that the weather will be  not icy or not frosty on a random day in England?, not icy or not frosty,notAornotB,50,3023837.409502,3023844.424631,7.015129
809,1,17,If the weather in England is typical on a random daywhat is the probability that the weather will also be normal on the same day?, normal given typical,AgB,90,3023844.559654,3023859.003161,14.443507
809,1,18,If the weather in England is not frosty on a random daywhat is the probability that the weather will also be icy on the same day?, icy given not frosty,AgnotB,20,3023859.159793,3023866.776342,7.616549
809,1,19,What is the probability that the weather will be  icy on a random day in England?, icy,A,50,3023866.909923,3023874.520561,7.610638
809,1,20,What is the probability that the weather will be  normal or typical on a random day in England?, normal or typical,AorB,80,3023874.693353,3023887.519960,12.826607
809,1,21,What is the probability that the weather will be  normal and not typical on a random day in England?, normal and not typical,AandnotB,20,3023887.693486,3023893.935832,6.242345
809,1,22,What is the probability that the weather will be  typical or not normal on a random day in England?, typical or not normal,notAorB,20,3023894.076859,3023902.159727,8.082867
809,1,23,What is the probability that the weather will be  not icy and not frosty on a random day in England?, not icy and not frosty,notAandnotB,60,3023902.326993,3023907.623701,5.296708
809,1,24,What is the probability that the weather will be  normal and typical on a random day in England?, normal and typical,AandB,90,3023907.793727,3023912.191575,4.397847
809,1,25,If the weather in England is frosty on a random daywhat is the probability that the weather will also be not icy on the same day?, not icy given frosty,notAgB,30,3023912.660453,3023921.183587,8.523135
809,1,26,If the weather in England is typical on a random daywhat is the probability that the weather will also be not normal on the same day?, not normal given typical,notAgB,20,3023921.360563,3023938.919850,17.559288
809,1,27,If the weather in England is normal on a random daywhat is the probability that the weather will also be typical on the same day?, typical given normal,BgA,90,3023939.160757,3023947.784410,8.623653
809,1,28,What is the probability that the weather will be  normal on a random day in England?, normal,A,70,3023947.910860,3023953.799480,5.888620
809,1,29,If the weather in England is not icy on a random daywhat is the probability that the weather will also be frosty on the same day?, frosty given not icy,BgnotA,20,3023953.960960,3023960.215131,6.254171
809,1,30,If the weather in England is icy on a random daywhat is the probability that the weather will also be frosty on the same day?, frosty given icy,BgA,80,3023960.377686,3023965.839031,5.461345
809,1,31,If the weather in England is not typical on a random daywhat is the probability that the weather will also be not normal on the same day?, not normal given not typical,notAgnotB,90,3023966.011109,3023969.615004,3.603895
809,1,32,If the weather in England is not normal on a random daywhat is the probability that the weather will also be not typical on the same day?, not typical given not normal,notBgnotA,90,3023969.794482,3023972.967016,3.172533
809,1,33,What is the probability that the weather will be  typical on a random day in England?, typical,B,70,3023973.127844,3023976.718997,3.591153
809,1,34,What is the probability that the weather will be  not normal or not typical on a random day in England?, not normal or not typical,notAornotB,40,3023976.894579,3023981.856083,4.961504
809,1,35,What is the probability that the weather will be  not typical on a random day in England?, not typical,notB,60,3023982.011308,3023985.118747,3.107439
809,1,36,What is the probability that the weather will be  frosty and not icy on a random day in England?, frosty and not icy,notAandB,30,3023985.294672,3023997.566591,12.271919
809,1,37,What is the probability that the weather will be  normal or not typical on a random day in England?, normal or not typical,AornotB,20,3023997.728151,3024006.470516,8.742365
809,1,38,What is the probability that the weather will be  icy or not frosty on a random day in England?, icy or not frosty,AornotB,40,3024006.628268,3024018.070334,11.442066
809,1,39,What is the probability that the weather will be  frosty on a random day in England?, frosty,B,60,3024018.228419,3024021.950498,3.722079
809,1,40,What is the probability that the weather will be  not normal and not typical on a random day in England?, not normal and not typical,notAandnotB,80,3024022.128460,3024026.375029,4.246569
809,2,1,What is the probability that the weather will be  normal on a random day in England?, normal,A,80,3024026.578514,3024030.158346,3.579831
809,2,2,What is the probability that the weather will be  normal or not typical on a random day in England?, normal or not typical,AornotB,40,3024030.345221,3024065.829786,35.484565
809,2,3,What is the probability that the weather will be  not normal or not typical on a random day in England?, not normal or not typical,notAornotB,60,3024065.995651,3024074.229519,8.233868
809,2,4,What is the probability that the weather will be  normal and typical on a random day in England?, normal and typical,AandB,90,3024074.429085,3024077.221494,2.792409
809,2,5,If the weather in England is icy on a random daywhat is the probability that the weather will also be frosty on the same day?, frosty given icy,BgA,70,3024077.395795,3024082.349434,4.953639
809,2,6,What is the probability that the weather will be  frosty on a random day in England?, frosty,B,70,3024082.529208,3024085.541687,3.012478
809,2,7,If the weather in England is typical on a random daywhat is the probability that the weather will also be normal on the same day?, normal given typical,AgB,80,3024085.729260,3024089.669325,3.940065
809,2,8,If the weather in England is not typical on a random daywhat is the probability that the weather will also be not normal on the same day?, not normal given not typical,notAgnotB,80,3024089.845947,3024092.437647,2.591700
809,2,9,What is the probability that the weather will be  not normal and not typical on a random day in England?, not normal and not typical,notAandnotB,80,3024092.629333,3024095.157493,2.528160
809,2,10,What is the probability that the weather will be  icy or not frosty on a random day in England?, icy or not frosty,AornotB,30,3024095.312692,3024101.781203,6.468511
809,2,11,What is the probability that the weather will be  not normal on a random day in England?, not normal,notA,40,3024101.979431,3024108.253099,6.273668
809,2,12,If the weather in England is not frosty on a random daywhat is the probability that the weather will also be not icy on the same day?, not icy given not frosty,notAgnotB,70,3024108.479521,3024116.829007,8.349486
809,2,13,If the weather in England is frosty on a random daywhat is the probability that the weather will also be not icy on the same day?, not icy given frosty,notAgB,30,3024117.012941,3024120.158295,3.145353
809,2,14,What is the probability that the weather will be  frosty and not icy on a random day in England?, frosty and not icy,notAandB,40,3024120.346346,3024124.501035,4.154689
809,2,15,What is the probability that the weather will be  icy or frosty on a random day in England?, icy or frosty,AorB,60,3024124.696391,3024141.844675,17.148284
809,2,16,What is the probability that the weather will be  icy on a random day in England?, icy,A,70,3024142.013253,3024150.420851,8.407597
809,2,17,What is the probability that the weather will be  typical on a random day in England?, typical,B,9,3024150.596720,3024154.884827,4.288107
809,2,18,If the weather in England is normal on a random daywhat is the probability that the weather will also be typical on the same day?, typical given normal,BgA,90,3024155.163416,3024161.948454,6.785038
809,2,19,What is the probability that the weather will be  icy and not frosty on a random day in England?, icy and not frosty,AandnotB,40,3024162.096839,3024165.260539,3.163700
809,2,20,What is the probability that the weather will be  not typical on a random day in England?, not typical,notB,6,3024165.430218,3024172.132608,6.702390
809,2,21,If the weather in England is not normal on a random daywhat is the probability that the weather will also be typical on the same day?, typical given not normal,BgnotA,40,3024172.246981,3024182.300222,10.053240
809,2,22,What is the probability that the weather will be  typical or not normal on a random day in England?, typical or not normal,notAorB,50,3024182.447110,3024187.804273,5.357163
809,2,23,What is the probability that the weather will be  normal or typical on a random day in England?, normal or typical,AorB,90,3024187.947209,3024192.156043,4.208833
809,2,24,What is the probability that the weather will be  not icy or not frosty on a random day in England?, not icy or not frosty,notAornotB,90,3024192.297227,3024193.900040,1.602813
809,2,25,What is the probability that the weather will be  not icy on a random day in England?, not icy,notA,70,3024194.047247,3024196.340001,2.292753
809,2,26,If the weather in England is normal on a random daywhat is the probability that the weather will also be not typical on the same day?, not typical given normal,notBgA,40,3024196.480618,3024203.179923,6.699305
809,2,27,If the weather in England is not normal on a random daywhat is the probability that the weather will also be not typical on the same day?, not typical given not normal,notBgnotA,80,3024203.330673,3024206.932044,3.601371
809,2,28,If the weather in England is typical on a random daywhat is the probability that the weather will also be not normal on the same day?, not normal given typical,notAgB,40,3024207.064066,3024210.516047,3.451981
809,2,29,What is the probability that the weather will be  typical and not normal on a random day in England?, typical and not normal,notAandB,30,3024210.680783,3024213.915840,3.235057
809,2,30,If the weather in England is frosty on a random daywhat is the probability that the weather will also be icy on the same day?, icy given frosty,AgB,90,3024214.064173,3024217.758520,3.694347
809,2,31,If the weather in England is not frosty on a random daywhat is the probability that the weather will also be icy on the same day?, icy given not frosty,AgnotB,40,3024217.897551,3024220.363697,2.466146
809,2,32,What is the probability that the weather will be  frosty or not icy on a random day in England?, frosty or not icy,notAorB,50,3024220.514229,3024226.507618,5.993388
809,2,33,What is the probability that the weather will be  not icy and not frosty on a random day in England?, not icy and not frosty,notAandnotB,80,3024226.714320,3024230.566294,3.851974
809,2,34,If the weather in England is not icy on a random daywhat is the probability that the weather will also be frosty on the same day?, frosty given not icy,BgnotA,50,3024230.697698,3024235.371512,4.673814
809,2,35,What is the probability that the weather will be  icy and frosty on a random day in England?, icy and frosty,AandB,80,3024235.531091,3024239.427477,3.896386
809,2,36,If the weather in England is not icy on a random daywhat is the probability that the weather will also be not frosty on the same day?, not frosty given not icy,notBgnotA,90,3024239.547807,3024243.627453,4.079645
809,2,37,What is the probability that the weather will be  not frosty on a random day in England?, not frosty,notB,40,3024243.747836,3024247.355360,3.607525
809,2,38,If the weather in England is not typical on a random daywhat is the probability that the weather will also be normal on the same day?, normal given not typical,AgnotB,30,3024247.497905,3024254.227276,6.729371
809,2,39,If the weather in England is icy on a random daywhat is the probability that the weather will also be not frosty on the same day?, not frosty given icy,notBgA,30,3024254.364637,3024257.715248,3.350611
809,2,40,What is the probability that the weather will be  normal and not typical on a random day in England?, normal and not typical,AandnotB,30,3024257.864711,3024260.037983,2.173272
809,3,1,What is the probability that the weather will be  frosty on a random day in England?, frosty,B,80,3024260.198042,3024264.603460,4.405418
809,3,2,If the weather in England is not normal on a random daywhat is the probability that the weather will also be typical on the same day?, typical given not normal,BgnotA,30,3024264.714788,3024270.203080,5.488293
809,3,3,What is the probability that the weather will be  not icy and not frosty on a random day in England?, not icy and not frosty,notAandnotB,90,3024270.348205,3024273.235043,2.886838
809,3,4,If the weather in England is frosty on a random daywhat is the probability that the weather will also be not icy on the same day?, not icy given frosty,notAgB,40,3024273.381544,3024277.035033,3.653489
809,3,5,What is the probability that the weather will be  normal or not typical on a random day in England?, normal or not typical,AornotB,40,3024277.214942,3024280.869720,3.654778
809,3,6,What is the probability that the weather will be  normal and not typical on a random day in England?, normal and not typical,AandnotB,40,3024281.031661,3024282.986913,1.955251
809,3,7,If the weather in England is not typical on a random daywhat is the probability that the weather will also be normal on the same day?, normal given not typical,AgnotB,40,3024283.165011,3024286.522913,3.357902
809,3,8,What is the probability that the weather will be  not icy on a random day in England?, not icy,notA,50,3024286.665063,3024293.034723,6.369660
809,3,9,If the weather in England is not typical on a random daywhat is the probability that the weather will also be not normal on the same day?, not normal given not typical,notAgnotB,80,3024293.148504,3024303.266683,10.118178
809,3,10,If the weather in England is normal on a random daywhat is the probability that the weather will also be typical on the same day?, typical given normal,BgA,80,3024303.431939,3024305.090661,1.658722
809,3,11,What is the probability that the weather will be  typical on a random day in England?, typical,B,70,3024305.265289,3024308.805697,3.540408
809,3,12,What is the probability that the weather will be  typical and not normal on a random day in England?, typical and not normal,notAandB,4,3024308.965352,3024310.858739,1.893387
809,3,13,If the weather in England is typical on a random daywhat is the probability that the weather will also be not normal on the same day?, not normal given typical,notAgB,40,3024311.032031,3024318.034517,7.002486
809,3,14,What is the probability that the weather will be  not typical on a random day in England?, not typical,notB,50,3024318.182108,3024325.306403,7.124296
809,3,15,What is the probability that the weather will be  not normal and not typical on a random day in England?, not normal and not typical,notAandnotB,80,3024325.465534,3024327.674362,2.208828
809,3,16,If the weather in England is typical on a random daywhat is the probability that the weather will also be normal on the same day?, normal given typical,AgB,80,3024327.815543,3024335.346309,7.530766
809,3,17,What is the probability that the weather will be  typical or not normal on a random day in England?, typical or not normal,notAorB,30,3024335.465646,3024340.995566,5.529920
809,3,18,If the weather in England is not frosty on a random daywhat is the probability that the weather will also be not icy on the same day?, not icy given not frosty,notAgnotB,70,3024341.115707,3024345.418167,4.302459
809,3,19,If the weather in England is not icy on a random daywhat is the probability that the weather will also be not frosty on the same day?, not frosty given not icy,notBgnotA,89,3024345.565754,3024348.938141,3.372387
809,3,20,If the weather in England is normal on a random daywhat is the probability that the weather will also be not typical on the same day?, not typical given normal,notBgA,49,3024349.082484,3024355.962062,6.879578
809,3,21,If the weather in England is icy on a random daywhat is the probability that the weather will also be not frosty on the same day?, not frosty given icy,notBgA,30,3024356.082586,3024368.409902,12.327315
809,3,22,What is the probability that the weather will be  icy or frosty on a random day in England?, icy or frosty,AorB,80,3024368.549378,3024372.129831,3.580453
809,3,23,What is the probability that the weather will be  icy on a random day in England?, icy,A,50,3024372.249459,3024375.138172,2.888713
809,3,24,What is the probability that the weather will be  not frosty on a random day in England?, not frosty,notB,50,3024375.282829,3024376.553788,1.270959
809,3,25,What is the probability that the weather will be  icy or not frosty on a random day in England?, icy or not frosty,AornotB,30,3024376.699501,3024378.833746,2.134244
809,3,26,What is the probability that the weather will be  not icy or not frosty on a random day in England?, not icy or not frosty,notAornotB,90,3024378.982836,3024380.897735,1.914899
809,3,27,If the weather in England is icy on a random daywhat is the probability that the weather will also be frosty on the same day?, frosty given icy,BgA,80,3024381.049562,3024384.137690,3.088129
809,3,28,What is the probability that the weather will be  icy and frosty on a random day in England?, icy and frosty,AandB,80,3024384.282900,3024387.292615,3.009715
809,3,29,If the weather in England is frosty on a random daywhat is the probability that the weather will also be icy on the same day?, icy given frosty,AgB,80,3024387.466281,3024394.537573,7.071292
809,3,30,What is the probability that the weather will be  normal on a random day in England?, normal,A,90,3024394.683037,3024399.305877,4.622840
809,3,31,What is the probability that the weather will be  frosty and not icy on a random day in England?, frosty and not icy,notAandB,40,3024399.449788,3024401.417485,1.967697
809,3,32,What is the probability that the weather will be  normal or typical on a random day in England?, normal or typical,AorB,80,3024401.549804,3024404.121442,2.571638
809,3,33,What is the probability that the weather will be  not normal on a random day in England?, not normal,notA,40,3024404.283177,3024408.841371,4.558194
809,3,34,If the weather in England is not frosty on a random daywhat is the probability that the weather will also be icy on the same day?, icy given not frosty,AgnotB,40,3024408.949903,3024412.665378,3.715475
809,3,35,If the weather in England is not icy on a random daywhat is the probability that the weather will also be frosty on the same day?, frosty given not icy,BgnotA,30,3024412.816613,3024417.569282,4.752669
809,3,36,What is the probability that the weather will be  normal and typical on a random day in England?, normal and typical,AandB,80,3024417.716673,3024422.460050,4.743377
809,3,37,If the weather in England is not normal on a random daywhat is the probability that the weather will also be not typical on the same day?, not typical given not normal,notBgnotA,90,3024422.583374,3024425.265163,2.681790
809,3,38,What is the probability that the weather will be  frosty or not icy on a random day in England?, frosty or not icy,notAorB,20,3024425.400102,3024429.185127,3.785025
809,3,39,What is the probability that the weather will be  icy and not frosty on a random day in England?, icy and not frosty,AandnotB,20,3024429.316822,3024434.585916,5.269095
809,3,40,What is the probability that the weather will be  not normal or not typical on a random day in England?, not normal or not typical,notAornotB,80,3024434.716885,3024437.193036,2.476151
