ID,block,trial,query,querydetail,querytype,estimate,starttime,endtime,RT
108,1,1,What is the probability that the weather will be  icy and not frosty on a random day in England?, icy and not frosty,AandnotB,20,2849769.373331,2849795.079003,25.705672
108,1,2,What is the probability that the weather will be  not normal or not typical on a random day in England?, not normal or not typical,notAornotB,50,2849795.173604,2849804.613873,9.440268
108,1,3,What is the probability that the weather will be  not frosty on a random day in England?, not frosty,notB,65,2849804.723648,2849815.208222,10.484574
108,1,4,If the weather in England is not frosty on a random daywhat is the probability that the weather will also be not icy on the same day?, not icy given not frosty,notAgnotB,40,2849815.323706,2849829.039363,13.715657
108,1,5,If the weather in England is icy on a random daywhat is the probability that the weather will also be not frosty on the same day?, not frosty given icy,notBgA,20,2849829.157053,2849841.680944,12.523891
108,1,6,If the weather in England is typical on a random daywhat is the probability that the weather will also be normal on the same day?, normal given typical,AgB,50,2849841.807088,2849856.086586,14.279498
108,1,7,What is the probability that the weather will be  icy and frosty on a random day in England?, icy and frosty,AandB,35,2849856.207092,2849865.686343,9.479251
108,1,8,What is the probability that the weather will be  normal on a random day in England?, normal,A,50,2849865.807137,2849877.742113,11.934976
108,1,9,What is the probability that the weather will be  icy or frosty on a random day in England?, icy or frosty,AorB,35,2849877.840118,2849886.054051,8.213934
108,1,10,What is the probability that the weather will be  not icy or not frosty on a random day in England?, not icy or not frosty,notAornotB,60,2849886.140475,2849894.989902,8.849427
108,1,11,If the weather in England is not typical on a random daywhat is the probability that the weather will also be not normal on the same day?, not normal given not typical,notAgnotB,40,2849895.107168,2849910.933651,15.826483
108,1,12,What is the probability that the weather will be  normal and typical on a random day in England?, normal and typical,AandB,30,2849911.023512,2849918.741577,7.718065
108,1,13,What is the probability that the weather will be  not normal on a random day in England?, not normal,notA,20,2849918.823508,2849930.157390,11.333882
108,1,14,If the weather in England is not frosty on a random daywhat is the probability that the weather will also be icy on the same day?, icy given not frosty,AgnotB,20,2849930.257271,2849942.917271,12.660000
108,1,15,If the weather in England is not normal on a random daywhat is the probability that the weather will also be typical on the same day?, typical given not normal,BgnotA,40,2849943.006949,2849953.165128,10.158179
108,1,16,If the weather in England is icy on a random daywhat is the probability that the weather will also be frosty on the same day?, frosty given icy,BgA,60,2849953.256977,2849962.932932,9.675955
108,1,17,If the weather in England is not icy on a random daywhat is the probability that the weather will also be not frosty on the same day?, not frosty given not icy,notBgnotA,60,2849963.040325,2849974.780826,11.740502
108,1,18,What is the probability that the weather will be  typical on a random day in England?, typical,B,70,2849974.857010,2849984.124863,9.267852
108,1,19,What is the probability that the weather will be  typical or not normal on a random day in England?, typical or not normal,notAorB,50,2849984.223718,2849997.964618,13.740900
108,1,20,What is the probability that the weather will be  typical and not normal on a random day in England?, typical and not normal,notAandB,30,2849998.057061,2850004.004345,5.947285
108,1,21,What is the probability that the weather will be  not normal and not typical on a random day in England?, not normal and not typical,notAandnotB,40,2850004.090419,2850012.612160,8.521741
108,1,22,If the weather in England is frosty on a random daywhat is the probability that the weather will also be not icy on the same day?, not icy given frosty,notAgB,60,2850012.707097,2850024.779885,12.072788
108,1,23,What is the probability that the weather will be  frosty or not icy on a random day in England?, frosty or not icy,notAorB,65,2850024.890438,2850032.572120,7.681682
108,1,24,If the weather in England is not typical on a random daywhat is the probability that the weather will also be normal on the same day?, normal given not typical,AgnotB,34,2850032.657106,2850047.123561,14.466456
108,1,25,If the weather in England is normal on a random daywhat is the probability that the weather will also be not typical on the same day?, not typical given normal,notBgA,45,2850047.223806,2850056.211614,8.987809
108,1,26,If the weather in England is normal on a random daywhat is the probability that the weather will also be typical on the same day?, typical given normal,BgA,10,2850056.323819,2850074.163169,17.839350
108,1,27,What is the probability that the weather will be  icy or not frosty on a random day in England?, icy or not frosty,AornotB,40,2850074.257195,2850081.099094,6.841900
108,1,28,What is the probability that the weather will be  frosty on a random day in England?, frosty,B,40,2850081.190878,2850091.523243,10.332365
108,1,29,If the weather in England is frosty on a random daywhat is the probability that the weather will also be icy on the same day?, icy given frosty,AgB,40,2850091.607249,2850100.922871,9.315622
108,1,30,If the weather in England is not icy on a random daywhat is the probability that the weather will also be frosty on the same day?, frosty given not icy,BgnotA,40,2850101.007267,2850109.882699,8.875432
108,1,31,What is the probability that the weather will be  frosty and not icy on a random day in England?, frosty and not icy,notAandB,30,2850109.973878,2850118.546460,8.572582
108,1,32,If the weather in England is not normal on a random daywhat is the probability that the weather will also be not typical on the same day?, not typical given not normal,notBgnotA,20,2850118.640645,2850127.914185,9.273539
108,1,33,What is the probability that the weather will be  normal or not typical on a random day in England?, normal or not typical,AornotB,30,2850128.007343,2850138.082186,10.074843
108,1,34,If the weather in England is typical on a random daywhat is the probability that the weather will also be not normal on the same day?, not normal given typical,notAgB,50,2850138.174012,2850147.746028,9.572016
108,1,35,What is the probability that the weather will be  normal or typical on a random day in England?, normal or typical,AorB,50,2850147.824026,2850159.745851,11.921825
108,1,36,What is the probability that the weather will be  normal and not typical on a random day in England?, normal and not typical,AandnotB,45,2850159.857383,2850167.009679,7.152296
108,1,37,What is the probability that the weather will be  not typical on a random day in England?, not typical,notB,20,2850167.107413,2850174.985624,7.878211
108,1,38,What is the probability that the weather will be  not icy on a random day in England?, not icy,notA,60,2850175.090765,2850180.785543,5.694779
108,1,39,What is the probability that the weather will be  icy on a random day in England?, icy,A,40,2850180.874096,2850185.929654,5.055558
108,1,40,What is the probability that the weather will be  not icy and not frosty on a random day in England?, not icy and not frosty,notAandnotB,55,2850186.024404,2850194.569306,8.544901
108,2,1,What is the probability that the weather will be  icy or frosty on a random day in England?, icy or frosty,AorB,45,2850194.690966,2850205.001169,10.310203
108,2,2,If the weather in England is not typical on a random daywhat is the probability that the weather will also be not normal on the same day?, not normal given not typical,notAgnotB,30,2850205.107490,2850220.288903,15.181413
108,2,3,What is the probability that the weather will be  frosty or not icy on a random day in England?, frosty or not icy,notAorB,65,2850220.390843,2850227.376800,6.985957
108,2,4,If the weather in England is typical on a random daywhat is the probability that the weather will also be not normal on the same day?, not normal given typical,notAgB,30,2850227.490858,2850234.704714,7.213856
108,2,5,What is the probability that the weather will be  icy or not frosty on a random day in England?, icy or not frosty,AornotB,55,2850234.807551,2850245.304548,10.496997
108,2,6,If the weather in England is not typical on a random daywhat is the probability that the weather will also be normal on the same day?, normal given not typical,AgnotB,45,2850245.407560,2850252.192406,6.784846
108,2,7,If the weather in England is not frosty on a random daywhat is the probability that the weather will also be not icy on the same day?, not icy given not frosty,notAgnotB,70,2850252.357569,2850260.256265,7.898696
108,2,8,If the weather in England is icy on a random daywhat is the probability that the weather will also be not frosty on the same day?, not frosty given icy,notBgA,65,2850260.374259,2850270.128197,9.753938
108,2,9,What is the probability that the weather will be  not normal or not typical on a random day in England?, not normal or not typical,notAornotB,40,2850270.240949,2850276.360129,6.119180
108,2,10,What is the probability that the weather will be  normal on a random day in England?, normal,A,75,2850276.474302,2850287.216063,10.741761
108,2,11,What is the probability that the weather will be  typical and not normal on a random day in England?, typical and not normal,notAandB,55,2850287.307648,2850299.455541,12.147893
108,2,12,What is the probability that the weather will be  not normal and not typical on a random day in England?, not normal and not typical,notAandnotB,35,2850299.574330,2850310.191377,10.617048
108,2,13,If the weather in England is not frosty on a random daywhat is the probability that the weather will also be icy on the same day?, icy given not frosty,AgnotB,45,2850310.307692,2850319.679263,9.371571
108,2,14,What is the probability that the weather will be  frosty on a random day in England?, frosty,B,55,2850319.774379,2850324.471482,4.697104
108,2,15,What is the probability that the weather will be  not icy and not frosty on a random day in England?, not icy and not frosty,notAandnotB,35,2850324.591067,2850330.631068,6.040001
108,2,16,What is the probability that the weather will be  icy on a random day in England?, icy,A,45,2850330.757742,2850336.111289,5.353547
108,2,17,If the weather in England is not icy on a random daywhat is the probability that the weather will also be frosty on the same day?, frosty given not icy,BgnotA,55,2850336.257728,2850346.006829,9.749100
108,2,18,What is the probability that the weather will be  normal and typical on a random day in England?, normal and typical,AandB,55,2850346.124436,2850354.214724,8.090288
108,2,19,What is the probability that the weather will be  not icy or not frosty on a random day in England?, not icy or not frosty,notAornotB,35,2850354.357765,2850361.670609,7.312844
108,2,20,What is the probability that the weather will be  normal and not typical on a random day in England?, normal and not typical,AandnotB,65,2850361.791138,2850367.582507,5.791368
108,2,21,What is the probability that the weather will be  typical on a random day in England?, typical,B,75,2850367.724471,2850375.958571,8.234100
108,2,22,What is the probability that the weather will be  normal or not typical on a random day in England?, normal or not typical,AornotB,40,2850376.074495,2850385.966229,9.891734
108,2,23,What is the probability that the weather will be  frosty and not icy on a random day in England?, frosty and not icy,notAandB,65,2850386.074457,2850396.118140,10.043682
108,2,24,What is the probability that the weather will be  not normal on a random day in England?, not normal,notA,30,2850396.241202,2850402.733960,6.492758
108,2,25,What is the probability that the weather will be  not icy on a random day in England?, not icy,notA,65,2850402.841534,2850409.085908,6.244374
108,2,26,What is the probability that the weather will be  normal or typical on a random day in England?, normal or typical,AorB,75,2850409.208202,2850420.133721,10.925519
108,2,27,What is the probability that the weather will be  not typical on a random day in England?, not typical,notB,30,2850420.257909,2850424.445650,4.187741
108,2,28,If the weather in England is frosty on a random daywhat is the probability that the weather will also be not icy on the same day?, not icy given frosty,notAgB,55,2850424.591614,2850432.005566,7.413952
108,2,29,If the weather in England is not normal on a random daywhat is the probability that the weather will also be not typical on the same day?, not typical given not normal,notBgnotA,75,2850432.124589,2850444.605376,12.480787
108,2,30,If the weather in England is typical on a random daywhat is the probability that the weather will also be normal on the same day?, normal given typical,AgB,60,2850444.707947,2850453.517198,8.809251
108,2,31,What is the probability that the weather will be  icy and not frosty on a random day in England?, icy and not frosty,AandnotB,55,2850453.624656,2850460.893089,7.268434
108,2,32,If the weather in England is icy on a random daywhat is the probability that the weather will also be frosty on the same day?, frosty given icy,BgA,60,2850460.991308,2850472.620900,11.629593
108,2,33,What is the probability that the weather will be  icy and frosty on a random day in England?, icy and frosty,AandB,45,2850472.741346,2850482.212752,9.471406
108,2,34,If the weather in England is frosty on a random daywhat is the probability that the weather will also be icy on the same day?, icy given frosty,AgB,55,2850482.324684,2850491.996602,9.671917
108,2,35,What is the probability that the weather will be  not frosty on a random day in England?, not frosty,notB,65,2850492.091384,2850499.476530,7.385146
108,2,36,If the weather in England is not normal on a random daywhat is the probability that the weather will also be typical on the same day?, typical given not normal,BgnotA,50,2850499.591397,2850505.884399,6.293002
108,2,37,What is the probability that the weather will be  typical or not normal on a random day in England?, typical or not normal,notAorB,45,2850505.991411,2850510.460364,4.468952
108,2,38,If the weather in England is normal on a random daywhat is the probability that the weather will also be typical on the same day?, typical given normal,BgA,65,2850510.574747,2850516.148241,5.573494
108,2,39,If the weather in England is normal on a random daywhat is the probability that the weather will also be not typical on the same day?, not typical given normal,notBgA,50,2850516.241750,2850521.460193,5.218443
108,2,40,If the weather in England is not icy on a random daywhat is the probability that the weather will also be not frosty on the same day?, not frosty given not icy,notBgnotA,65,2850521.558434,2850532.659978,11.101544
108,3,1,What is the probability that the weather will be  typical or not normal on a random day in England?, typical or not normal,notAorB,56,2850532.791665,2850541.139862,8.348197
108,3,2,What is the probability that the weather will be  icy and not frosty on a random day in England?, icy and not frosty,AandnotB,65,2850541.258149,2850547.259777,6.001628
108,3,3,What is the probability that the weather will be  icy or not frosty on a random day in England?, icy or not frosty,AornotB,65,2850547.391834,2850552.027686,4.635853
108,3,4,If the weather in England is typical on a random daywhat is the probability that the weather will also be not normal on the same day?, not normal given typical,notAgB,65,2850552.158178,2850562.707542,10.549364
108,3,5,If the weather in England is not frosty on a random daywhat is the probability that the weather will also be not icy on the same day?, not icy given not frosty,notAgnotB,60,2850562.808194,2850572.252819,9.444625
108,3,6,If the weather in England is not icy on a random daywhat is the probability that the weather will also be not frosty on the same day?, not frosty given not icy,notBgnotA,55,2850572.358208,2850577.306958,4.948750
108,3,7,If the weather in England is frosty on a random daywhat is the probability that the weather will also be not icy on the same day?, not icy given frosty,notAgB,65,2850577.408214,2850587.299201,9.890987
108,3,8,What is the probability that the weather will be  frosty or not icy on a random day in England?, frosty or not icy,notAorB,65,2850587.391572,2850594.371049,6.979478
108,3,9,What is the probability that the weather will be  typical and not normal on a random day in England?, typical and not normal,notAandB,40,2850594.474906,2850598.458982,3.984076
108,3,10,If the weather in England is icy on a random daywhat is the probability that the weather will also be not frosty on the same day?, not frosty given icy,notBgA,60,2850598.591591,2850605.298929,6.707339
108,3,11,What is the probability that the weather will be  normal and not typical on a random day in England?, normal and not typical,AandnotB,45,2850605.408263,2850611.018508,5.610245
108,3,12,If the weather in England is normal on a random daywhat is the probability that the weather will also be typical on the same day?, typical given normal,BgA,70,2850611.124942,2850617.330689,6.205747
108,3,13,What is the probability that the weather will be  not typical on a random day in England?, not typical,notB,30,2850617.425284,2850623.738601,6.313317
108,3,14,If the weather in England is not typical on a random daywhat is the probability that the weather will also be normal on the same day?, normal given not typical,AgnotB,30,2850623.841636,2850633.642468,9.800832
108,3,15,If the weather in England is typical on a random daywhat is the probability that the weather will also be normal on the same day?, normal given typical,AgB,90,2850633.774987,2850642.722322,8.947335
108,3,16,What is the probability that the weather will be  not normal on a random day in England?, not normal,notA,40,2850642.808341,2850646.618234,3.809893
108,3,17,What is the probability that the weather will be  icy and frosty on a random day in England?, icy and frosty,AandB,35,2850646.725025,2850653.778183,7.053158
108,3,18,If the weather in England is icy on a random daywhat is the probability that the weather will also be frosty on the same day?, frosty given icy,BgA,45,2850653.892026,2850660.953704,7.061678
108,3,19,What is the probability that the weather will be  not icy on a random day in England?, not icy,notA,70,2850661.058364,2850666.177945,5.119581
108,3,20,What is the probability that the weather will be  icy on a random day in England?, icy,A,35,2850666.274971,2850673.658126,7.383155
108,3,21,What is the probability that the weather will be  typical on a random day in England?, typical,B,80,2850673.741721,2850678.978028,5.236307
108,3,22,If the weather in England is normal on a random daywhat is the probability that the weather will also be not typical on the same day?, not typical given normal,notBgA,50,2850679.092102,2850686.617730,7.525629
108,3,23,What is the probability that the weather will be  icy or frosty on a random day in England?, icy or frosty,AorB,35,2850686.708426,2850697.961470,11.253044
108,3,24,What is the probability that the weather will be  not icy and not frosty on a random day in England?, not icy and not frosty,notAandnotB,55,2850698.075025,2850702.401420,4.326395
108,3,25,What is the probability that the weather will be  not normal and not typical on a random day in England?, not normal and not typical,notAandnotB,35,2850702.508465,2850706.489338,3.980873
108,3,26,What is the probability that the weather will be  normal or not typical on a random day in England?, normal or not typical,AornotB,35,2850706.608478,2850712.929202,6.320724
108,3,27,What is the probability that the weather will be  not icy or not frosty on a random day in England?, not icy or not frosty,notAornotB,55,2850713.041840,2850719.617597,6.575757
108,3,28,If the weather in England is frosty on a random daywhat is the probability that the weather will also be icy on the same day?, icy given frosty,AgB,45,2850719.741825,2850725.377049,5.635224
108,3,29,If the weather in England is not normal on a random daywhat is the probability that the weather will also be not typical on the same day?, not typical given not normal,notBgnotA,55,2850725.508498,2850731.848926,6.340428
108,3,30,What is the probability that the weather will be  not frosty on a random day in England?, not frosty,notB,45,2850731.958546,2850736.464852,4.506306
108,3,31,What is the probability that the weather will be  frosty and not icy on a random day in England?, frosty and not icy,notAandB,45,2850736.591872,2850741.744790,5.152918
108,3,32,What is the probability that the weather will be  frosty on a random day in England?, frosty,B,45,2850741.858550,2850745.817062,3.958512
108,3,33,What is the probability that the weather will be  normal or typical on a random day in England?, normal or typical,AorB,70,2850745.925258,2850752.864601,6.939343
108,3,34,What is the probability that the weather will be  normal and typical on a random day in England?, normal and typical,AandB,45,2850752.958554,2850755.035489,2.076935
108,3,35,What is the probability that the weather will be  not normal or not typical on a random day in England?, not normal or not typical,notAornotB,34,2850755.141909,2850759.400546,4.258637
108,3,36,If the weather in England is not typical on a random daywhat is the probability that the weather will also be not normal on the same day?, not normal given not typical,notAgnotB,55,2850759.525231,2850764.152418,4.627187
108,3,37,If the weather in England is not icy on a random daywhat is the probability that the weather will also be frosty on the same day?, frosty given not icy,BgnotA,55,2850764.258571,2850767.155293,2.896722
108,3,38,If the weather in England is not frosty on a random daywhat is the probability that the weather will also be icy on the same day?, icy given not frosty,AgnotB,45,2850767.275251,2850771.536312,4.261061
108,3,39,What is the probability that the weather will be  normal on a random day in England?, normal,A,70,2850771.658589,2850775.880692,4.222103
108,3,40,If the weather in England is not normal on a random daywhat is the probability that the weather will also be typical on the same day?, typical given not normal,BgnotA,55,2850775.975280,2850779.427160,3.451880
