ID,block,trial,query,querydetail,querytype,estimate,starttime,endtime,RT
602,1,1,If the weather in England is not icy on a random daywhat is the probability that the weather will also be frosty on the same day?, frosty given not icy,BgnotA,10,2457631.359555,2457646.652373,15.292818
602,1,2,If the weather in England is not normal on a random daywhat is the probability that the weather will also be typical on the same day?, typical given not normal,BgnotA,0,2457646.792955,2457660.163497,13.370542
602,1,3,What is the probability that the weather will be  icy and not frosty on a random day in England?, icy and not frosty,AandnotB,10,2457660.343019,2457682.145205,21.802186
602,1,4,If the weather in England is not typical on a random daywhat is the probability that the weather will also be normal on the same day?, normal given not typical,AgnotB,0,2457682.325929,2457700.661804,18.335875
602,1,5,What is the probability that the weather will be  frosty on a random day in England?, frosty,B,15,2457700.876536,2457711.189421,10.312885
602,1,6,What is the probability that the weather will be  typical on a random day in England?, typical,B,80,2457711.359983,2457723.669156,12.309173
602,1,7,If the weather in England is normal on a random daywhat is the probability that the weather will also be not typical on the same day?, not typical given normal,notBgA,10,2457723.793343,2457744.028747,20.235404
602,1,8,What is the probability that the weather will be  icy and frosty on a random day in England?, icy and frosty,AandB,85,2457744.260103,2457756.484432,12.224329
602,1,9,What is the probability that the weather will be  icy or not frosty on a random day in England?, icy or not frosty,AornotB,90,2457756.610158,2457774.292037,17.681879
602,1,10,What is the probability that the weather will be  not icy or not frosty on a random day in England?, not icy or not frosty,notAornotB,50,2457774.493588,2457784.811759,10.318170
602,1,11,What is the probability that the weather will be  not icy on a random day in England?, not icy,notA,50,2457785.010303,2457798.107509,13.097206
602,1,12,What is the probability that the weather will be  normal and not typical on a random day in England?, normal and not typical,AandnotB,5,2457798.327057,2457806.187314,7.860257
602,1,13,If the weather in England is not icy on a random daywhat is the probability that the weather will also be not frosty on the same day?, not frosty given not icy,notBgnotA,90,2457806.410412,2457816.875128,10.464716
602,1,14,What is the probability that the weather will be  icy or frosty on a random day in England?, icy or frosty,AorB,50,2457817.110458,2457826.722999,9.612540
602,1,15,What is the probability that the weather will be  not typical on a random day in England?, not typical,notB,30,2457826.910521,2457834.074759,7.164238
602,1,16,What is the probability that the weather will be  icy on a random day in England?, icy,A,15,2457834.243889,2457847.834466,13.590578
602,1,17,What is the probability that the weather will be  frosty or not icy on a random day in England?, frosty or not icy,notAorB,25,2457848.027291,2457859.146202,11.118911
602,1,18,What is the probability that the weather will be  normal and typical on a random day in England?, normal and typical,AandB,85,2457859.327346,2457875.145860,15.818515
602,1,19,What is the probability that the weather will be  not icy and not frosty on a random day in England?, not icy and not frosty,notAandnotB,50,2457875.310724,2457882.945752,7.635028
602,1,20,If the weather in England is frosty on a random daywhat is the probability that the weather will also be not icy on the same day?, not icy given frosty,notAgB,15,2457883.194092,2457910.985152,27.791060
602,1,21,If the weather in England is icy on a random daywhat is the probability that the weather will also be frosty on the same day?, frosty given icy,BgA,85,2457911.177597,2457919.929290,8.751693
602,1,22,If the weather in England is frosty on a random daywhat is the probability that the weather will also be icy on the same day?, icy given frosty,AgB,85,2457920.127635,2457932.848633,12.720998
602,1,23,If the weather in England is icy on a random daywhat is the probability that the weather will also be not frosty on the same day?, not frosty given icy,notBgA,15,2457933.027702,2457941.720514,8.692812
602,1,24,What is the probability that the weather will be  normal on a random day in England?, normal,A,85,2457941.944392,2457953.784522,11.840130
602,1,25,If the weather in England is normal on a random daywhat is the probability that the weather will also be typical on the same day?, typical given normal,BgA,90,2457954.011133,2457962.952311,8.941178
602,1,26,What is the probability that the weather will be  not normal and not typical on a random day in England?, not normal and not typical,notAandnotB,10,2457963.194521,2457974.255926,11.061405
602,1,27,If the weather in England is typical on a random daywhat is the probability that the weather will also be not normal on the same day?, not normal given typical,notAgB,5,2457974.461228,2457982.943883,8.482655
602,1,28,What is the probability that the weather will be  typical or not normal on a random day in England?, typical or not normal,notAorB,50,2457983.144618,2457994.511460,11.366842
602,1,29,What is the probability that the weather will be  normal or not typical on a random day in England?, normal or not typical,AornotB,50,2457994.694647,2458000.631328,5.936680
602,1,30,What is the probability that the weather will be  not normal or not typical on a random day in England?, not normal or not typical,notAornotB,10,2458000.861370,2458012.055151,11.193781
602,1,31,What is the probability that the weather will be  frosty and not icy on a random day in England?, frosty and not icy,notAandB,15,2458012.278096,2458022.030885,9.752789
602,1,32,What is the probability that the weather will be  not frosty on a random day in England?, not frosty,notB,85,2458022.228123,2458035.422506,13.194383
602,1,33,What is the probability that the weather will be  normal or typical on a random day in England?, normal or typical,AorB,90,2458035.594876,2458045.134343,9.539467
602,1,34,What is the probability that the weather will be  not normal on a random day in England?, not normal,notA,10,2458045.361579,2458049.982233,4.620654
602,1,35,If the weather in England is not frosty on a random daywhat is the probability that the weather will also be not icy on the same day?, not icy given not frosty,notAgnotB,95,2458050.228281,2458066.245848,16.017567
602,1,36,What is the probability that the weather will be  typical and not normal on a random day in England?, typical and not normal,notAandB,5,2458066.445000,2458072.973868,6.528868
602,1,37,If the weather in England is not normal on a random daywhat is the probability that the weather will also be not typical on the same day?, not typical given not normal,notBgnotA,95,2458073.161745,2458085.693437,12.531692
602,1,38,If the weather in England is not typical on a random daywhat is the probability that the weather will also be not normal on the same day?, not normal given not typical,notAgnotB,95,2458085.911764,2458092.333511,6.421747
602,1,39,If the weather in England is typical on a random daywhat is the probability that the weather will also be normal on the same day?, normal given typical,AgB,95,2458092.528490,2458098.957242,6.428752
602,1,40,If the weather in England is not frosty on a random daywhat is the probability that the weather will also be icy on the same day?, icy given not frosty,AgnotB,5,2458099.195182,2458107.717011,8.521829
602,2,1,What is the probability that the weather will be  frosty and not icy on a random day in England?, frosty and not icy,notAandB,5,2458107.945232,2458117.108852,9.163620
602,2,2,If the weather in England is typical on a random daywhat is the probability that the weather will also be not normal on the same day?, not normal given typical,notAgB,5,2458117.328620,2458131.412534,14.083915
602,2,3,If the weather in England is not typical on a random daywhat is the probability that the weather will also be not normal on the same day?, not normal given not typical,notAgnotB,90,2458131.612025,2458145.556385,13.944360
602,2,4,If the weather in England is normal on a random daywhat is the probability that the weather will also be not typical on the same day?, not typical given normal,notBgA,5,2458145.778753,2458152.140067,6.361313
602,2,5,What is the probability that the weather will be  normal and not typical on a random day in England?, normal and not typical,AandnotB,0,2458152.312132,2458166.092613,13.780481
602,2,6,What is the probability that the weather will be  normal or not typical on a random day in England?, normal or not typical,AornotB,50,2458166.328853,2458172.731617,6.402764
602,2,7,What is the probability that the weather will be  normal and typical on a random day in England?, normal and typical,AandB,85,2458172.962200,2458178.643501,5.681301
602,2,8,What is the probability that the weather will be  typical and not normal on a random day in England?, typical and not normal,notAandB,0,2458178.862247,2458189.027390,10.165143
602,2,9,What is the probability that the weather will be  icy and not frosty on a random day in England?, icy and not frosty,AandnotB,5,2458189.278970,2458195.699139,6.420169
602,2,10,If the weather in England is normal on a random daywhat is the probability that the weather will also be typical on the same day?, typical given normal,BgA,95,2458195.912314,2458212.162654,16.250341
602,2,11,What is the probability that the weather will be  not icy on a random day in England?, not icy,notA,35,2458212.395740,2458220.714832,8.319091
602,2,12,What is the probability that the weather will be  icy or not frosty on a random day in England?, icy or not frosty,AornotB,25,2458220.995790,2458239.610085,18.614295
602,2,13,What is the probability that the weather will be  not normal on a random day in England?, not normal,notA,15,2458239.879196,2458246.577977,6.698781
602,2,14,If the weather in England is not icy on a random daywhat is the probability that the weather will also be frosty on the same day?, frosty given not icy,BgnotA,5,2458246.845900,2458261.402093,14.556193
602,2,15,What is the probability that the weather will be  not typical on a random day in England?, not typical,notB,15,2458261.629335,2458268.218329,6.588994
602,2,16,What is the probability that the weather will be  frosty on a random day in England?, frosty,B,10,2458268.429351,2458273.209991,4.780640
602,2,17,If the weather in England is frosty on a random daywhat is the probability that the weather will also be not icy on the same day?, not icy given frosty,notAgB,5,2458273.446030,2458283.481384,10.035353
602,2,18,What is the probability that the weather will be  not normal or not typical on a random day in England?, not normal or not typical,notAornotB,15,2458283.696075,2458302.328983,18.632907
602,2,19,If the weather in England is frosty on a random daywhat is the probability that the weather will also be icy on the same day?, icy given frosty,AgB,85,2458302.546205,2458325.000285,22.454080
602,2,20,What is the probability that the weather will be  icy and frosty on a random day in England?, icy and frosty,AandB,85,2458325.179642,2458332.024265,6.844623
602,2,21,What is the probability that the weather will be  normal on a random day in England?, normal,A,90,2458332.229682,2458341.536296,9.306614
602,2,22,What is the probability that the weather will be  normal or typical on a random day in England?, normal or typical,AorB,90,2458341.746390,2458352.335711,10.589321
602,2,23,What is the probability that the weather will be  icy on a random day in England?, icy,A,15,2458352.546442,2458357.927769,5.381327
602,2,24,What is the probability that the weather will be  not normal and not typical on a random day in England?, not normal and not typical,notAandnotB,10,2458358.113143,2458367.847373,9.734230
602,2,25,What is the probability that the weather will be  typical on a random day in England?, typical,B,90,2458368.063163,2458379.727405,11.664242
602,2,26,If the weather in England is not normal on a random daywhat is the probability that the weather will also be typical on the same day?, typical given not normal,BgnotA,5,2458379.913249,2458386.913532,7.000283
602,2,27,If the weather in England is not icy on a random daywhat is the probability that the weather will also be not frosty on the same day?, not frosty given not icy,notBgnotA,85,2458387.113290,2458396.246977,9.133686
602,2,28,If the weather in England is icy on a random daywhat is the probability that the weather will also be frosty on the same day?, frosty given icy,BgA,85,2458396.429990,2458404.398753,7.968763
602,2,29,What is the probability that the weather will be  typical or not normal on a random day in England?, typical or not normal,notAorB,50,2458404.546698,2458414.470576,9.923878
602,2,30,If the weather in England is icy on a random daywhat is the probability that the weather will also be not frosty on the same day?, not frosty given icy,notBgA,5,2458414.613416,2458429.200787,14.587371
602,2,31,What is the probability that the weather will be  icy or frosty on a random day in England?, icy or frosty,AorB,25,2458429.380147,2458436.174094,6.793947
602,2,32,If the weather in England is not frosty on a random daywhat is the probability that the weather will also be icy on the same day?, icy given not frosty,AgnotB,5,2458436.346849,2458441.501933,5.155084
602,2,33,What is the probability that the weather will be  not icy and not frosty on a random day in England?, not icy and not frosty,notAandnotB,10,2458441.713554,2458454.237604,12.524049
602,2,34,If the weather in England is typical on a random daywhat is the probability that the weather will also be normal on the same day?, normal given typical,AgB,95,2458454.446942,2458460.621430,6.174488
602,2,35,If the weather in England is not frosty on a random daywhat is the probability that the weather will also be not icy on the same day?, not icy given not frosty,notAgnotB,85,2458460.796978,2458469.253242,8.456265
602,2,36,If the weather in England is not normal on a random daywhat is the probability that the weather will also be not typical on the same day?, not typical given not normal,notBgnotA,90,2458469.447023,2458477.997053,8.550029
602,2,37,What is the probability that the weather will be  frosty or not icy on a random day in England?, frosty or not icy,notAorB,5,2458478.147038,2458484.213673,6.066635
602,2,38,What is the probability that the weather will be  not icy or not frosty on a random day in England?, not icy or not frosty,notAornotB,90,2458484.413753,2458491.604788,7.191035
602,2,39,What is the probability that the weather will be  not frosty on a random day in England?, not frosty,notB,85,2458491.780458,2458499.636664,7.856206
602,2,40,If the weather in England is not typical on a random daywhat is the probability that the weather will also be normal on the same day?, normal given not typical,AgnotB,5,2458499.863840,2458507.612670,7.748830
602,3,1,If the weather in England is not normal on a random daywhat is the probability that the weather will also be typical on the same day?, typical given not normal,BgnotA,5,2458507.813852,2458517.332460,9.518608
602,3,2,What is the probability that the weather will be  normal or not typical on a random day in England?, normal or not typical,AornotB,50,2458517.480569,2458524.412110,6.931541
602,3,3,What is the probability that the weather will be  normal and not typical on a random day in England?, normal and not typical,AandnotB,5,2458524.597265,2458531.524071,6.926805
602,3,4,What is the probability that the weather will be  not typical on a random day in England?, not typical,notB,15,2458531.730644,2458554.787459,23.056815
602,3,5,If the weather in England is not typical on a random daywhat is the probability that the weather will also be normal on the same day?, normal given not typical,AgnotB,5,2458554.997437,2458558.923439,3.926002
602,3,6,If the weather in England is frosty on a random daywhat is the probability that the weather will also be icy on the same day?, icy given frosty,AgB,90,2458559.097443,2458573.987048,14.889606
602,3,7,What is the probability that the weather will be  not normal on a random day in England?, not normal,notA,25,2458574.130866,2458582.570863,8.439997
602,3,8,If the weather in England is normal on a random daywhat is the probability that the weather will also be not typical on the same day?, not typical given normal,notBgA,5,2458582.797599,2458593.866697,11.069099
602,3,9,What is the probability that the weather will be  frosty or not icy on a random day in England?, frosty or not icy,notAorB,50,2458594.080948,2458605.522390,11.441442
602,3,10,What is the probability that the weather will be  icy and not frosty on a random day in England?, icy and not frosty,AandnotB,15,2458605.731006,2458612.354315,6.623309
602,3,11,If the weather in England is normal on a random daywhat is the probability that the weather will also be typical on the same day?, typical given normal,BgA,85,2458612.564385,2458625.657948,13.093563
602,3,12,What is the probability that the weather will be  not normal or not typical on a random day in England?, not normal or not typical,notAornotB,85,2458625.814439,2458630.161856,4.347418
602,3,13,What is the probability that the weather will be  normal on a random day in England?, normal,A,95,2458630.347809,2458635.106112,4.758303
602,3,14,If the weather in England is frosty on a random daywhat is the probability that the weather will also be not icy on the same day?, not icy given frosty,notAgB,5,2458635.281143,2458644.841638,9.560495
602,3,15,What is the probability that the weather will be  normal and typical on a random day in England?, normal and typical,AandB,90,2458644.980688,2458654.817383,9.836695
602,3,16,What is the probability that the weather will be  frosty on a random day in England?, frosty,B,35,2458654.931273,2458661.497493,6.566220
602,3,17,If the weather in England is not typical on a random daywhat is the probability that the weather will also be not normal on the same day?, not normal given not typical,notAgnotB,90,2458661.681274,2458677.280869,15.599594
602,3,18,What is the probability that the weather will be  not icy on a random day in England?, not icy,notA,85,2458677.448049,2458684.568713,7.120665
602,3,19,What is the probability that the weather will be  icy or not frosty on a random day in England?, icy or not frosty,AornotB,10,2458684.764748,2458693.976548,9.211799
602,3,20,What is the probability that the weather will be  typical and not normal on a random day in England?, typical and not normal,notAandB,5,2458694.114771,2458699.928639,5.813869
602,3,21,If the weather in England is typical on a random daywhat is the probability that the weather will also be normal on the same day?, normal given typical,AgB,95,2458700.148175,2458709.272254,9.124080
602,3,22,If the weather in England is not frosty on a random daywhat is the probability that the weather will also be icy on the same day?, icy given not frosty,AgnotB,15,2458709.498220,2458719.983960,10.485740
602,3,23,If the weather in England is icy on a random daywhat is the probability that the weather will also be frosty on the same day?, frosty given icy,BgA,15,2458720.181576,2458723.943865,3.762290
602,3,24,What is the probability that the weather will be  not icy and not frosty on a random day in England?, not icy and not frosty,notAandnotB,85,2458724.114943,2458729.959748,5.844805
602,3,25,What is the probability that the weather will be  typical or not normal on a random day in England?, typical or not normal,notAorB,50,2458730.148314,2458737.471630,7.323316
602,3,26,What is the probability that the weather will be  not icy or not frosty on a random day in England?, not icy or not frosty,notAornotB,75,2458737.598328,2458750.215354,12.617025
602,3,27,If the weather in England is not icy on a random daywhat is the probability that the weather will also be frosty on the same day?, frosty given not icy,BgnotA,10,2458750.298431,2458767.318998,17.020567
602,3,28,What is the probability that the weather will be  normal or typical on a random day in England?, normal or typical,AorB,95,2458767.465158,2458776.230784,8.765626
602,3,29,If the weather in England is not icy on a random daywhat is the probability that the weather will also be not frosty on the same day?, not frosty given not icy,notBgnotA,85,2458776.431876,2458784.910624,8.478748
602,3,30,What is the probability that the weather will be  not normal and not typical on a random day in England?, not normal and not typical,notAandnotB,15,2458785.165250,2458795.160998,9.995748
602,3,31,If the weather in England is not frosty on a random daywhat is the probability that the weather will also be not icy on the same day?, not icy given not frosty,notAgnotB,85,2458795.348624,2458803.437869,8.089245
602,3,32,What is the probability that the weather will be  not frosty on a random day in England?, not frosty,notB,85,2458803.648681,2458809.414162,5.765481
602,3,33,If the weather in England is icy on a random daywhat is the probability that the weather will also be not frosty on the same day?, not frosty given icy,notBgA,15,2458809.615348,2458813.576656,3.961309
602,3,34,What is the probability that the weather will be  icy and frosty on a random day in England?, icy and frosty,AandB,25,2458813.732064,2458821.317848,7.585784
602,3,35,What is the probability that the weather will be  frosty and not icy on a random day in England?, frosty and not icy,notAandB,10,2458821.482092,2458831.181631,9.699539
602,3,36,What is the probability that the weather will be  typical on a random day in England?, typical,B,90,2458831.382142,2458842.781615,11.399473
602,3,37,What is the probability that the weather will be  icy on a random day in England?, icy,A,15,2458842.982187,2458849.237135,6.254948
602,3,38,If the weather in England is not normal on a random daywhat is the probability that the weather will also be not typical on the same day?, not typical given not normal,notBgnotA,85,2458849.465608,2458856.013106,6.547498
602,3,39,If the weather in England is typical on a random daywhat is the probability that the weather will also be not normal on the same day?, not normal given typical,notAgB,10,2458856.165593,2458877.684670,21.519077
602,3,40,What is the probability that the weather will be  icy or frosty on a random day in England?, icy or frosty,AorB,50,2458877.882351,2458886.228521,8.346171
