ID,block,trial,query,querydetail,querytype,estimate,starttime,endtime,RT
705,1,1,If the weather in England is icy on a random daywhat is the probability that the weather will also be frosty on the same day?, frosty given icy,BgA,95,1981227.718503,1981240.495755,12.777252
705,1,2,What is the probability that the weather will be  not frosty on a random day in England?, not frosty,notB,50,1981240.718465,1981254.311986,13.593522
705,1,3,What is the probability that the weather will be  icy and not frosty on a random day in England?, icy and not frosty,AandnotB,5,1981254.551754,1981266.990067,12.438313
705,1,4,If the weather in England is not frosty on a random daywhat is the probability that the weather will also be icy on the same day?, icy given not frosty,AgnotB,5,1981267.201725,1981290.025469,22.823745
705,1,5,What is the probability that the weather will be  normal and not typical on a random day in England?, normal and not typical,AandnotB,75,1981290.284991,1981304.329166,14.044175
705,1,6,What is the probability that the weather will be  not typical on a random day in England?, not typical,notB,25,1981304.484953,1981315.824791,11.339838
705,1,7,What is the probability that the weather will be  not normal on a random day in England?, not normal,notA,25,1981315.951593,1981320.376704,4.425111
705,1,8,If the weather in England is not normal on a random daywhat is the probability that the weather will also be not typical on the same day?, not typical given not normal,notBgnotA,100,1981320.518284,1981328.424401,7.906117
705,1,9,What is the probability that the weather will be  normal and typical on a random day in England?, normal and typical,AandB,75,1981328.518231,1981335.032445,6.514215
705,1,10,What is the probability that the weather will be  normal on a random day in England?, normal,A,75,1981335.134913,1981338.416376,3.281463
705,1,11,What is the probability that the weather will be  not normal and not typical on a random day in England?, not normal and not typical,notAandnotB,25,1981338.551546,1981357.023943,18.472396
705,1,12,What is the probability that the weather will be  normal or not typical on a random day in England?, normal or not typical,AornotB,100,1981357.168156,1981383.991334,26.823178
705,1,13,What is the probability that the weather will be  normal or typical on a random day in England?, normal or typical,AorB,75,1981384.201402,1981388.903338,4.701936
705,1,14,If the weather in England is typical on a random daywhat is the probability that the weather will also be normal on the same day?, normal given typical,AgB,75,1981389.034731,1981404.270978,15.236247
705,1,15,What is the probability that the weather will be  not icy and not frosty on a random day in England?, not icy and not frosty,notAandnotB,75,1981404.451324,1981413.615012,9.163688
705,1,16,If the weather in England is icy on a random daywhat is the probability that the weather will also be not frosty on the same day?, not frosty given icy,notBgA,5,1981413.751314,1981422.022763,8.271448
705,1,17,If the weather in England is typical on a random daywhat is the probability that the weather will also be not normal on the same day?, not normal given typical,notAgB,10,1981422.167942,1981468.413491,46.245549
705,1,18,What is the probability that the weather will be  typical or not normal on a random day in England?, typical or not normal,notAorB,5,1981468.534474,1981476.405380,7.870906
705,1,19,What is the probability that the weather will be  icy on a random day in England?, icy,A,15,1981476.551139,1981481.189642,4.638503
705,1,20,What is the probability that the weather will be  icy and frosty on a random day in England?, icy and frosty,AandB,95,1981481.351105,1981501.101119,19.750013
705,1,21,What is the probability that the weather will be  frosty or not icy on a random day in England?, frosty or not icy,notAorB,10,1981501.234390,1981507.644793,6.410402
705,1,22,If the weather in England is not icy on a random daywhat is the probability that the weather will also be not frosty on the same day?, not frosty given not icy,notBgnotA,95,1981507.751049,1981520.900381,13.149332
705,1,23,If the weather in England is not normal on a random daywhat is the probability that the weather will also be typical on the same day?, typical given not normal,BgnotA,5,1981521.051002,1981538.932048,17.881046
705,1,24,What is the probability that the weather will be  not icy on a random day in England?, not icy,notA,75,1981539.100942,1981558.557296,19.456354
705,1,25,If the weather in England is frosty on a random daywhat is the probability that the weather will also be icy on the same day?, icy given frosty,AgB,95,1981558.667580,1981565.587470,6.919890
705,1,26,If the weather in England is normal on a random daywhat is the probability that the weather will also be typical on the same day?, typical given normal,BgA,97,1981565.717582,1981612.546699,46.829116
705,1,27,What is the probability that the weather will be  frosty on a random day in England?, frosty,B,15,1981612.684093,1981619.130724,6.446630
705,1,28,If the weather in England is normal on a random daywhat is the probability that the weather will also be not typical on the same day?, not typical given normal,notBgA,10,1981619.234088,1981625.066185,5.832097
705,1,29,What is the probability that the weather will be  not icy or not frosty on a random day in England?, not icy or not frosty,notAornotB,15,1981625.167388,1981632.594230,7.426841
705,1,30,If the weather in England is not typical on a random daywhat is the probability that the weather will also be not normal on the same day?, not normal given not typical,notAgnotB,95,1981632.734030,1981657.377706,24.643676
705,1,31,What is the probability that the weather will be  not normal or not typical on a random day in England?, not normal or not typical,notAornotB,50,1981657.517200,1981661.889503,4.372303
705,1,32,If the weather in England is not frosty on a random daywhat is the probability that the weather will also be not icy on the same day?, not icy given not frosty,notAgnotB,97,1981661.983949,1981669.777374,7.793424
705,1,33,What is the probability that the weather will be  icy or frosty on a random day in England?, icy or frosty,AorB,25,1981669.883930,1981673.409175,3.525245
705,1,34,What is the probability that the weather will be  typical on a random day in England?, typical,B,80,1981673.550583,1981678.281318,4.730735
705,1,35,What is the probability that the weather will be  icy or not frosty on a random day in England?, icy or not frosty,AornotB,75,1981678.367214,1981691.488790,13.121576
705,1,36,What is the probability that the weather will be  typical and not normal on a random day in England?, typical and not normal,notAandB,15,1981691.583843,1981696.608692,5.024849
705,1,37,If the weather in England is frosty on a random daywhat is the probability that the weather will also be not icy on the same day?, not icy given frosty,notAgB,10,1981696.717190,1981702.936585,6.219395
705,1,38,If the weather in England is not typical on a random daywhat is the probability that the weather will also be normal on the same day?, normal given not typical,AgnotB,10,1981703.050512,1981711.256269,8.205757
705,1,39,What is the probability that the weather will be  frosty and not icy on a random day in England?, frosty and not icy,notAandB,10,1981711.350457,1981715.680256,4.329799
705,1,40,If the weather in England is not icy on a random daywhat is the probability that the weather will also be frosty on the same day?, frosty given not icy,BgnotA,10,1981715.767116,1981720.800154,5.033038
705,2,1,What is the probability that the weather will be  not icy and not frosty on a random day in England?, not icy and not frosty,notAandnotB,75,1981720.917123,1981726.352076,5.434953
705,2,2,What is the probability that the weather will be  icy and not frosty on a random day in England?, icy and not frosty,AandnotB,15,1981726.467119,1981745.415723,18.948604
705,2,3,What is the probability that the weather will be  normal or not typical on a random day in England?, normal or not typical,AornotB,5,1981745.533702,1981750.903747,5.370044
705,2,4,What is the probability that the weather will be  frosty and not icy on a random day in England?, frosty and not icy,notAandB,10,1981751.017016,1981754.711498,3.694482
705,2,5,If the weather in England is frosty on a random daywhat is the probability that the weather will also be icy on the same day?, icy given frosty,AgB,95,1981754.817026,1981759.959393,5.142368
705,2,6,If the weather in England is typical on a random daywhat is the probability that the weather will also be not normal on the same day?, not normal given typical,notAgB,15,1981760.067011,1981764.287283,4.220272
705,2,7,What is the probability that the weather will be  not typical on a random day in England?, not typical,notB,50,1981764.400326,1981767.431201,3.030876
705,2,8,What is the probability that the weather will be  icy or frosty on a random day in England?, icy or frosty,AorB,15,1981767.533664,1981770.959158,3.425494
705,2,9,What is the probability that the weather will be  normal or typical on a random day in England?, normal or typical,AorB,50,1981771.050314,1981774.990907,3.940592
705,2,10,What is the probability that the weather will be  not frosty on a random day in England?, not frosty,notB,75,1981775.083625,1981779.222854,4.139229
705,2,11,What is the probability that the weather will be  icy on a random day in England?, icy,A,15,1981779.333620,1981782.631254,3.297634
705,2,12,What is the probability that the weather will be  not normal on a random day in England?, not normal,notA,50,1981782.733616,1981788.446628,5.713012
705,2,13,What is the probability that the weather will be  typical on a random day in England?, typical,B,50,1981788.550262,1981792.478942,3.928680
705,2,14,What is the probability that the weather will be  frosty on a random day in England?, frosty,B,15,1981792.583586,1981795.542810,2.959224
705,2,15,If the weather in England is normal on a random daywhat is the probability that the weather will also be typical on the same day?, typical given normal,BgA,95,1981795.650239,1981802.734340,7.084101
705,2,16,If the weather in England is frosty on a random daywhat is the probability that the weather will also be not icy on the same day?, not icy given frosty,notAgB,10,1981802.833536,1981807.238369,4.404832
705,2,17,If the weather in England is typical on a random daywhat is the probability that the weather will also be normal on the same day?, normal given typical,AgB,97,1981807.333527,1981839.877689,32.544162
705,2,18,What is the probability that the weather will be  not normal or not typical on a random day in England?, not normal or not typical,notAornotB,97,1981839.983425,1981848.709542,8.726117
705,2,19,If the weather in England is not typical on a random daywhat is the probability that the weather will also be normal on the same day?, normal given not typical,AgnotB,10,1981848.833431,1981853.429239,4.595808
705,2,20,What is the probability that the weather will be  not normal and not typical on a random day in England?, not normal and not typical,notAandnotB,97,1981853.550079,1981858.717319,5.167240
705,2,21,What is the probability that the weather will be  normal and not typical on a random day in England?, normal and not typical,AandnotB,10,1981858.816724,1981862.157087,3.340363
705,2,22,If the weather in England is not frosty on a random daywhat is the probability that the weather will also be not icy on the same day?, not icy given not frosty,notAgnotB,98,1981862.250061,1981868.461004,6.210942
705,2,23,What is the probability that the weather will be  frosty or not icy on a random day in England?, frosty or not icy,notAorB,10,1981868.550039,1981872.661047,4.111008
705,2,24,What is the probability that the weather will be  icy or not frosty on a random day in England?, icy or not frosty,AornotB,5,1981872.766703,1981882.724936,9.958233
705,2,25,If the weather in England is not typical on a random daywhat is the probability that the weather will also be not normal on the same day?, not normal given not typical,notAgnotB,97,1981882.816671,1981904.308221,21.491550
705,2,26,What is the probability that the weather will be  icy and frosty on a random day in England?, icy and frosty,AandB,97,1981904.416601,1981907.196155,2.779554
705,2,27,What is the probability that the weather will be  normal and typical on a random day in England?, normal and typical,AandB,98,1981907.349932,1981910.635637,3.285705
705,2,28,If the weather in England is icy on a random daywhat is the probability that the weather will also be frosty on the same day?, frosty given icy,BgA,97,1981910.766581,1981914.148009,3.381429
705,2,29,What is the probability that the weather will be  normal on a random day in England?, normal,A,50,1981914.249894,1981917.396401,3.146507
705,2,30,If the weather in England is normal on a random daywhat is the probability that the weather will also be not typical on the same day?, not typical given normal,notBgA,10,1981917.499922,1981921.443838,3.943916
705,2,31,If the weather in England is not icy on a random daywhat is the probability that the weather will also be not frosty on the same day?, not frosty given not icy,notBgnotA,97,1981921.533219,1981927.139723,5.606504
705,2,32,If the weather in England is not normal on a random daywhat is the probability that the weather will also be typical on the same day?, typical given not normal,BgnotA,10,1981927.233241,1981930.419655,3.186414
705,2,33,What is the probability that the weather will be  typical or not normal on a random day in England?, typical or not normal,notAorB,5,1981930.516533,1981933.124087,2.607554
705,2,34,If the weather in England is not normal on a random daywhat is the probability that the weather will also be not typical on the same day?, not typical given not normal,notBgnotA,97,1981933.249861,1981938.107481,4.857620
705,2,35,If the weather in England is not frosty on a random daywhat is the probability that the weather will also be icy on the same day?, icy given not frosty,AgnotB,10,1981938.216514,1981942.011407,3.794893
705,2,36,What is the probability that the weather will be  not icy or not frosty on a random day in England?, not icy or not frosty,notAornotB,15,1981942.099811,1981951.571223,9.471412
705,2,37,What is the probability that the weather will be  not icy on a random day in England?, not icy,notA,75,1981951.683111,1981956.284004,4.600893
705,2,38,What is the probability that the weather will be  typical and not normal on a random day in England?, typical and not normal,notAandB,5,1981956.383119,1981960.667354,4.284235
705,2,39,If the weather in England is icy on a random daywhat is the probability that the weather will also be not frosty on the same day?, not frosty given icy,notBgA,5,1981960.766423,1981965.611145,4.844722
705,2,40,If the weather in England is not icy on a random daywhat is the probability that the weather will also be frosty on the same day?, frosty given not icy,BgnotA,5,1981965.733074,1981970.011044,4.277969
705,3,1,If the weather in England is not typical on a random daywhat is the probability that the weather will also be normal on the same day?, normal given not typical,AgnotB,10,1981970.149747,1981973.610748,3.461001
705,3,2,What is the probability that the weather will be  not icy and not frosty on a random day in England?, not icy and not frosty,notAandnotB,75,1981973.699744,1981982.090547,8.390803
705,3,3,If the weather in England is frosty on a random daywhat is the probability that the weather will also be not icy on the same day?, not icy given frosty,notAgB,5,1981982.199721,1981986.538646,4.338924
705,3,4,If the weather in England is not normal on a random daywhat is the probability that the weather will also be not typical on the same day?, not typical given not normal,notBgnotA,98,1981986.649710,1981991.338369,4.688659
705,3,5,What is the probability that the weather will be  frosty on a random day in England?, frosty,B,15,1981991.466332,1981995.418575,3.952242
705,3,6,What is the probability that the weather will be  typical or not normal on a random day in England?, typical or not normal,notAorB,10,1981995.549672,1982000.298166,4.748495
705,3,7,If the weather in England is not frosty on a random daywhat is the probability that the weather will also be not icy on the same day?, not icy given not frosty,notAgnotB,98,1982000.382995,1982005.306062,4.923066
705,3,8,If the weather in England is normal on a random daywhat is the probability that the weather will also be typical on the same day?, typical given normal,BgA,98,1982005.399654,1982009.370033,3.970379
705,3,9,What is the probability that the weather will be  icy on a random day in England?, icy,A,15,1982009.499644,1982029.465946,19.966302
705,3,10,What is the probability that the weather will be  icy or frosty on a random day in England?, icy or frosty,AorB,15,1982029.566241,1982033.209450,3.643209
705,3,11,What is the probability that the weather will be  normal or not typical on a random day in England?, normal or not typical,AornotB,5,1982033.366213,1982037.065551,3.699338
705,3,12,If the weather in England is not frosty on a random daywhat is the probability that the weather will also be icy on the same day?, icy given not frosty,AgnotB,10,1982037.199571,1982068.808731,31.609160
705,3,13,What is the probability that the weather will be  not normal or not typical on a random day in England?, not normal or not typical,notAornotB,50,1982068.916140,1982073.128649,4.212509
705,3,14,What is the probability that the weather will be  not icy on a random day in England?, not icy,notA,85,1982073.216116,1982078.096569,4.880453
705,3,15,What is the probability that the weather will be  not normal on a random day in England?, not normal,notA,50,1982078.182822,1982081.920474,3.737652
705,3,16,What is the probability that the weather will be  normal or typical on a random day in England?, normal or typical,AorB,50,1982082.032764,1982085.480397,3.447633
705,3,17,If the weather in England is not icy on a random daywhat is the probability that the weather will also be not frosty on the same day?, not frosty given not icy,notBgnotA,98,1982085.599400,1982091.192279,5.592879
705,3,18,If the weather in England is not typical on a random daywhat is the probability that the weather will also be not normal on the same day?, not normal given not typical,notAgnotB,98,1982091.299410,1982094.104195,2.804785
705,3,19,If the weather in England is normal on a random daywhat is the probability that the weather will also be not typical on the same day?, not typical given normal,notBgA,10,1982094.216067,1982101.520066,7.303999
705,3,20,If the weather in England is typical on a random daywhat is the probability that the weather will also be normal on the same day?, normal given typical,AgB,98,1982101.616047,1982105.359981,3.743934
705,3,21,If the weather in England is icy on a random daywhat is the probability that the weather will also be not frosty on the same day?, not frosty given icy,notBgA,10,1982105.466030,1982108.639904,3.173874
705,3,22,What is the probability that the weather will be  not frosty on a random day in England?, not frosty,notB,85,1982108.732690,1982115.343758,6.611068
705,3,23,If the weather in England is frosty on a random daywhat is the probability that the weather will also be icy on the same day?, icy given frosty,AgB,98,1982115.432674,1982118.863680,3.431006
705,3,24,What is the probability that the weather will be  icy and not frosty on a random day in England?, icy and not frosty,AandnotB,10,1982118.949332,1982124.655554,5.706222
705,3,25,What is the probability that the weather will be  normal and not typical on a random day in England?, normal and not typical,AandnotB,10,1982124.765955,1982131.343405,6.577450
705,3,26,What is the probability that the weather will be  not icy or not frosty on a random day in England?, not icy or not frosty,notAornotB,98,1982131.449301,1982134.279355,2.830054
705,3,27,If the weather in England is icy on a random daywhat is the probability that the weather will also be frosty on the same day?, frosty given icy,BgA,98,1982134.382612,1982140.847192,6.464580
705,3,28,What is the probability that the weather will be  typical on a random day in England?, typical,B,50,1982140.949269,1982144.543455,3.594186
705,3,29,If the weather in England is typical on a random daywhat is the probability that the weather will also be not normal on the same day?, not normal given typical,notAgB,10,1982144.665920,1982149.295037,4.629117
705,3,30,What is the probability that the weather will be  normal and typical on a random day in England?, normal and typical,AandB,50,1982149.382574,1982153.166957,3.784383
705,3,31,What is the probability that the weather will be  not typical on a random day in England?, not typical,notB,50,1982153.265830,1982185.966308,32.700478
705,3,32,If the weather in England is not normal on a random daywhat is the probability that the weather will also be typical on the same day?, typical given not normal,BgnotA,10,1982186.082465,1982199.533998,13.451533
705,3,33,What is the probability that the weather will be  icy and frosty on a random day in England?, icy and frosty,AandB,15,1982199.615782,1982203.901924,4.286141
705,3,34,What is the probability that the weather will be  normal on a random day in England?, normal,A,50,1982203.999101,1982206.942498,2.943397
705,3,35,What is the probability that the weather will be  frosty and not icy on a random day in England?, frosty and not icy,notAandB,10,1982207.049074,1982212.037739,4.988665
705,3,36,What is the probability that the weather will be  typical and not normal on a random day in England?, typical and not normal,notAandB,10,1982212.115727,1982216.189671,4.073944
705,3,37,What is the probability that the weather will be  icy or not frosty on a random day in England?, icy or not frosty,AornotB,10,1982216.282387,1982219.901574,3.619188
705,3,38,If the weather in England is not icy on a random daywhat is the probability that the weather will also be frosty on the same day?, frosty given not icy,BgnotA,5,1982219.999044,1982223.853624,3.854580
705,3,39,What is the probability that the weather will be  frosty or not icy on a random day in England?, frosty or not icy,notAorB,20,1982223.949031,1982231.773319,7.824288
705,3,40,What is the probability that the weather will be  not normal and not typical on a random day in England?, not normal and not typical,notAandnotB,10,1982231.848999,1982236.117226,4.268227
