ID,block,trial,query,querydetail,querytype,estimate,starttime,endtime,RT
704,1,1,If the weather in England is not frosty on a random daywhat is the probability that the weather will also be not icy on the same day?, not icy given not frosty,notAgnotB,90,2461173.985802,2461201.549363,27.563560
704,1,2,If the weather in England is typical on a random daywhat is the probability that the weather will also be normal on the same day?, normal given typical,AgB,100,2461201.668857,2461217.214129,15.545272
704,1,3,If the weather in England is icy on a random daywhat is the probability that the weather will also be frosty on the same day?, frosty given icy,BgA,90,2461217.302045,2461224.168149,6.866103
704,1,4,If the weather in England is normal on a random daywhat is the probability that the weather will also be not typical on the same day?, not typical given normal,notBgA,0,2461224.268672,2461249.283848,25.015176
704,1,5,What is the probability that the weather will be  not icy on a random day in England?, not icy,notA,90,2461249.401773,2461257.903188,8.501415
704,1,6,If the weather in England is not typical on a random daywhat is the probability that the weather will also be normal on the same day?, normal given not typical,AgnotB,0,2461258.001723,2461267.806906,9.805183
704,1,7,If the weather in England is frosty on a random daywhat is the probability that the weather will also be not icy on the same day?, not icy given frosty,notAgB,20,2461267.918277,2461302.405971,34.487695
704,1,8,If the weather in England is not normal on a random daywhat is the probability that the weather will also be not typical on the same day?, not typical given not normal,notBgnotA,100,2461302.551310,2461309.549699,6.998388
704,1,9,If the weather in England is typical on a random daywhat is the probability that the weather will also be not normal on the same day?, not normal given typical,notAgB,10,2461309.651256,2461326.237216,16.585959
704,1,10,What is the probability that the weather will be  not frosty on a random day in England?, not frosty,notB,90,2461326.367757,2461338.516948,12.149192
704,1,11,If the weather in England is not frosty on a random daywhat is the probability that the weather will also be icy on the same day?, icy given not frosty,AgnotB,10,2461338.650975,2461350.660638,12.009664
704,1,12,What is the probability that the weather will be  normal and typical on a random day in England?, normal and typical,AandB,100,2461350.750881,2461359.628400,8.877519
704,1,13,What is the probability that the weather will be  icy and frosty on a random day in England?, icy and frosty,AandB,5,2461359.734136,2461366.780368,7.046233
704,1,14,What is the probability that the weather will be  icy or frosty on a random day in England?, icy or frosty,AorB,5,2461366.884052,2461372.027894,5.143842
704,1,15,What is the probability that the weather will be  icy or not frosty on a random day in England?, icy or not frosty,AornotB,70,2461372.134037,2461396.027494,23.893457
704,1,16,If the weather in England is not icy on a random daywhat is the probability that the weather will also be frosty on the same day?, frosty given not icy,BgnotA,1,2461396.150485,2461405.659116,9.508631
704,1,17,What is the probability that the weather will be  frosty on a random day in England?, frosty,B,5,2461405.800440,2461414.651034,8.850594
704,1,18,What is the probability that the weather will be  icy on a random day in England?, icy,A,5,2461414.800313,2461417.154675,2.354361
704,1,19,What is the probability that the weather will be  normal or typical on a random day in England?, normal or typical,AorB,100,2461417.283628,2461420.834781,3.551153
704,1,20,What is the probability that the weather will be  not normal or not typical on a random day in England?, not normal or not typical,notAornotB,30,2461420.983577,2461425.754666,4.771089
704,1,21,What is the probability that the weather will be  not typical on a random day in England?, not typical,notB,30,2461425.900213,2461429.210515,3.310302
704,1,22,If the weather in England is not icy on a random daywhat is the probability that the weather will also be not frosty on the same day?, not frosty given not icy,notBgnotA,5,2461429.366854,2461453.769818,24.402964
704,1,23,What is the probability that the weather will be  frosty or not icy on a random day in England?, frosty or not icy,notAorB,95,2461453.899967,2461465.169805,11.269838
704,1,24,What is the probability that the weather will be  not icy or not frosty on a random day in England?, not icy or not frosty,notAornotB,95,2461465.316579,2461468.977575,3.660995
704,1,25,What is the probability that the weather will be  typical or not normal on a random day in England?, typical or not normal,notAorB,50,2461469.115967,2461477.681148,8.565181
704,1,26,What is the probability that the weather will be  normal on a random day in England?, normal,A,90,2461477.833089,2461484.897307,7.064219
704,1,27,If the weather in England is icy on a random daywhat is the probability that the weather will also be not frosty on the same day?, not frosty given icy,notBgA,20,2461484.999692,2461493.008727,8.009035
704,1,28,If the weather in England is normal on a random daywhat is the probability that the weather will also be typical on the same day?, typical given normal,BgA,100,2461493.199622,2461516.640556,23.440934
704,1,29,What is the probability that the weather will be  icy and not frosty on a random day in England?, icy and not frosty,AandnotB,5,2461516.799380,2461523.536077,6.736697
704,1,30,What is the probability that the weather will be  normal and not typical on a random day in England?, normal and not typical,AandnotB,50,2461523.716022,2461529.639740,5.923719
704,1,31,If the weather in England is not normal on a random daywhat is the probability that the weather will also be typical on the same day?, typical given not normal,BgnotA,50,2461529.849283,2461538.287558,8.438275
704,1,32,What is the probability that the weather will be  not normal on a random day in England?, not normal,notA,70,2461538.482554,2461544.087646,5.605092
704,1,33,If the weather in England is frosty on a random daywhat is the probability that the weather will also be icy on the same day?, icy given frosty,AgB,90,2461544.215832,2461551.863192,7.647360
704,1,34,If the weather in England is not typical on a random daywhat is the probability that the weather will also be not normal on the same day?, not normal given not typical,notAgnotB,96,2461552.032445,2461560.358988,8.326542
704,1,35,What is the probability that the weather will be  typical on a random day in England?, typical,B,80,2461560.482337,2461574.502844,14.020508
704,1,36,What is the probability that the weather will be  typical and not normal on a random day in England?, typical and not normal,notAandB,90,2461574.682223,2461583.638247,8.956024
704,1,37,What is the probability that the weather will be  not icy and not frosty on a random day in England?, not icy and not frosty,notAandnotB,95,2461583.798805,2461590.246833,6.448029
704,1,38,What is the probability that the weather will be  not normal and not typical on a random day in England?, not normal and not typical,notAandnotB,90,2461590.348735,2461596.101914,5.753179
704,1,39,What is the probability that the weather will be  frosty and not icy on a random day in England?, frosty and not icy,notAandB,5,2461596.248712,2461605.197684,8.948971
704,1,40,What is the probability that the weather will be  normal or not typical on a random day in England?, normal or not typical,AornotB,60,2461605.348630,2461612.621423,7.272793
704,2,1,What is the probability that the weather will be  normal on a random day in England?, normal,A,99,2461612.798562,2461616.605635,3.807073
704,2,2,What is the probability that the weather will be  not normal or not typical on a random day in England?, not normal or not typical,notAornotB,50,2461616.748518,2461621.853192,5.104674
704,2,3,What is the probability that the weather will be  not frosty on a random day in England?, not frosty,notB,95,2461622.081857,2461628.645046,6.563189
704,2,4,What is the probability that the weather will be  normal and not typical on a random day in England?, normal and not typical,AandnotB,80,2461628.815061,2461633.812720,4.997659
704,2,5,If the weather in England is icy on a random daywhat is the probability that the weather will also be frosty on the same day?, frosty given icy,BgA,90,2461633.965036,2461643.228518,9.263482
704,2,6,If the weather in England is normal on a random daywhat is the probability that the weather will also be not typical on the same day?, not typical given normal,notBgA,70,2461643.381627,2461666.300275,22.918648
704,2,7,If the weather in England is not frosty on a random daywhat is the probability that the weather will also be icy on the same day?, icy given not frosty,AgnotB,10,2461666.431430,2461672.875854,6.444424
704,2,8,What is the probability that the weather will be  normal or typical on a random day in England?, normal or typical,AorB,90,2461673.064687,2461676.851863,3.787176
704,2,9,What is the probability that the weather will be  frosty and not icy on a random day in England?, frosty and not icy,notAandB,5,2461677.014641,2461681.483715,4.469074
704,2,10,What is the probability that the weather will be  not normal and not typical on a random day in England?, not normal and not typical,notAandnotB,80,2461681.597938,2461686.595283,4.997345
704,2,11,What is the probability that the weather will be  icy and frosty on a random day in England?, icy and frosty,AandB,95,2461686.781203,2461692.459124,5.677921
704,2,12,If the weather in England is frosty on a random daywhat is the probability that the weather will also be icy on the same day?, icy given frosty,AgB,95,2461692.597850,2461697.459008,4.861158
704,2,13,What is the probability that the weather will be  icy on a random day in England?, icy,A,5,2461697.597818,2461706.499281,8.901463
704,2,14,If the weather in England is not icy on a random daywhat is the probability that the weather will also be frosty on the same day?, frosty given not icy,BgnotA,0,2461706.647765,2461721.938554,15.290789
704,2,15,If the weather in England is frosty on a random daywhat is the probability that the weather will also be not icy on the same day?, not icy given frosty,notAgB,0,2461722.030960,2461725.810866,3.779907
704,2,16,If the weather in England is normal on a random daywhat is the probability that the weather will also be typical on the same day?, typical given normal,BgA,100,2461725.914212,2461731.010354,5.096142
704,2,17,If the weather in England is not normal on a random daywhat is the probability that the weather will also be not typical on the same day?, not typical given not normal,notBgnotA,95,2461731.114171,2461737.090131,5.975960
704,2,18,What is the probability that the weather will be  not normal on a random day in England?, not normal,notA,80,2461737.214121,2461742.465953,5.251832
704,2,19,What is the probability that the weather will be  not icy on a random day in England?, not icy,notA,95,2461742.580727,2461747.177657,4.596929
704,2,20,What is the probability that the weather will be  not typical on a random day in England?, not typical,notB,90,2461747.330699,2461750.433610,3.102911
704,2,21,What is the probability that the weather will be  frosty on a random day in England?, frosty,B,5,2461750.547344,2461754.570038,4.022694
704,2,22,What is the probability that the weather will be  frosty or not icy on a random day in England?, frosty or not icy,notAorB,5,2461754.697298,2461757.753498,3.056200
704,2,23,What is the probability that the weather will be  icy and not frosty on a random day in England?, icy and not frosty,AandnotB,5,2461757.880578,2461761.561354,3.680776
704,2,24,What is the probability that the weather will be  not icy and not frosty on a random day in England?, not icy and not frosty,notAandnotB,5,2461761.697246,2461764.340371,2.643125
704,2,25,What is the probability that the weather will be  typical or not normal on a random day in England?, typical or not normal,notAorB,50,2461764.497207,2461771.297040,6.799833
704,2,26,What is the probability that the weather will be  icy or frosty on a random day in England?, icy or frosty,AorB,5,2461771.430485,2461775.146165,3.715681
704,2,27,What is the probability that the weather will be  normal or not typical on a random day in England?, normal or not typical,AornotB,50,2461775.230473,2461786.776589,11.546117
704,2,28,What is the probability that the weather will be  icy or not frosty on a random day in England?, icy or not frosty,AornotB,5,2461786.930321,2461798.507337,11.577017
704,2,29,If the weather in England is not normal on a random daywhat is the probability that the weather will also be typical on the same day?, typical given not normal,BgnotA,60,2461798.663577,2461806.568091,7.904515
704,2,30,If the weather in England is not icy on a random daywhat is the probability that the weather will also be not frosty on the same day?, not frosty given not icy,notBgnotA,95,2461806.696850,2461825.967671,19.270820
704,2,31,What is the probability that the weather will be  typical and not normal on a random day in England?, typical and not normal,notAandB,50,2461826.080007,2461830.887557,4.807550
704,2,32,If the weather in England is icy on a random daywhat is the probability that the weather will also be not frosty on the same day?, not frosty given icy,notBgA,10,2461831.013313,2461839.447228,8.433915
704,2,33,If the weather in England is not typical on a random daywhat is the probability that the weather will also be normal on the same day?, normal given not typical,AgnotB,50,2461839.579919,2461855.358871,15.778952
704,2,34,If the weather in England is not typical on a random daywhat is the probability that the weather will also be not normal on the same day?, not normal given not typical,notAgnotB,80,2461855.463066,2461860.998766,5.535700
704,2,35,If the weather in England is typical on a random daywhat is the probability that the weather will also be normal on the same day?, normal given typical,AgB,90,2461861.113013,2461864.838664,3.725651
704,2,36,If the weather in England is typical on a random daywhat is the probability that the weather will also be not normal on the same day?, not normal given typical,notAgB,60,2461864.946314,2461875.934198,10.987884
704,2,37,What is the probability that the weather will be  normal and typical on a random day in England?, normal and typical,AandB,90,2461876.046235,2461883.309962,7.263727
704,2,38,If the weather in England is not frosty on a random daywhat is the probability that the weather will also be not icy on the same day?, not icy given not frosty,notAgnotB,100,2461883.429480,2461887.869852,4.440372
704,2,39,What is the probability that the weather will be  not icy or not frosty on a random day in England?, not icy or not frosty,notAornotB,95,2461887.996156,2461892.605778,4.609622
704,2,40,What is the probability that the weather will be  typical on a random day in England?, typical,B,95,2461892.696069,2461898.621997,5.925929
704,3,1,What is the probability that the weather will be  not normal on a random day in England?, not normal,notA,25,2461898.746021,2461904.381446,5.635425
704,3,2,What is the probability that the weather will be  icy and not frosty on a random day in England?, icy and not frosty,AandnotB,90,2461904.479270,2461909.765288,5.286018
704,3,3,If the weather in England is typical on a random daywhat is the probability that the weather will also be not normal on the same day?, not normal given typical,notAgB,50,2461909.879177,2461916.229079,6.349903
704,3,4,If the weather in England is not frosty on a random daywhat is the probability that the weather will also be not icy on the same day?, not icy given not frosty,notAgnotB,99,2461916.329199,2461921.972947,5.643748
704,3,5,If the weather in England is not icy on a random daywhat is the probability that the weather will also be frosty on the same day?, frosty given not icy,BgnotA,25,2461922.079140,2461929.460716,7.381576
704,3,6,What is the probability that the weather will be  frosty or not icy on a random day in England?, frosty or not icy,notAorB,10,2461929.562420,2461939.500473,9.938053
704,3,7,If the weather in England is icy on a random daywhat is the probability that the weather will also be not frosty on the same day?, not frosty given icy,notBgA,10,2461939.595619,2461946.212316,6.616697
704,3,8,What is the probability that the weather will be  frosty and not icy on a random day in England?, frosty and not icy,notAandB,10,2461946.362231,2461949.897444,3.535213
704,3,9,If the weather in England is normal on a random daywhat is the probability that the weather will also be typical on the same day?, typical given normal,BgA,95,2461949.945034,2461955.764076,5.819042
704,3,10,If the weather in England is not icy on a random daywhat is the probability that the weather will also be not frosty on the same day?, not frosty given not icy,notBgnotA,95,2461955.878851,2461961.123886,5.245035
704,3,11,If the weather in England is frosty on a random daywhat is the probability that the weather will also be icy on the same day?, icy given frosty,AgB,95,2461961.228796,2461965.179747,3.950951
704,3,12,What is the probability that the weather will be  not icy on a random day in England?, not icy,notA,95,2461965.295422,2461969.243642,3.948220
704,3,13,What is the probability that the weather will be  not typical on a random day in England?, not typical,notB,50,2461969.362092,2461973.035576,3.673484
704,3,14,If the weather in England is not normal on a random daywhat is the probability that the weather will also be typical on the same day?, typical given not normal,BgnotA,10,2461973.128158,2461986.987188,13.859030
704,3,15,What is the probability that the weather will be  not icy and not frosty on a random day in England?, not icy and not frosty,notAandnotB,95,2461987.095208,2461991.363079,4.267871
704,3,16,If the weather in England is icy on a random daywhat is the probability that the weather will also be frosty on the same day?, frosty given icy,BgA,100,2461991.495205,2461995.922956,4.427752
704,3,17,What is the probability that the weather will be  not normal or not typical on a random day in England?, not normal or not typical,notAornotB,50,2461996.028458,2462003.322758,7.294300
704,3,18,If the weather in England is normal on a random daywhat is the probability that the weather will also be not typical on the same day?, not typical given normal,notBgA,50,2462003.445087,2462013.330492,9.885405
704,3,19,What is the probability that the weather will be  frosty on a random day in England?, frosty,B,5,2462013.428319,2462018.794915,5.366596
704,3,20,What is the probability that the weather will be  icy or not frosty on a random day in England?, icy or not frosty,AornotB,5,2462018.928286,2462020.930321,2.002035
704,3,21,What is the probability that the weather will be  normal or not typical on a random day in England?, normal or not typical,AornotB,50,2462021.044944,2462023.962166,2.917222
704,3,22,What is the probability that the weather will be  not normal and not typical on a random day in England?, not normal and not typical,notAandnotB,50,2462024.094880,2462027.506080,3.411200
704,3,23,What is the probability that the weather will be  icy on a random day in England?, icy,A,5,2462027.661548,2462030.218550,2.557002
704,3,24,If the weather in England is frosty on a random daywhat is the probability that the weather will also be not icy on the same day?, not icy given frosty,notAgB,10,2462030.344854,2462038.993805,8.648950
704,3,25,If the weather in England is not frosty on a random daywhat is the probability that the weather will also be icy on the same day?, icy given not frosty,AgnotB,0,2462039.178100,2462044.658120,5.480020
704,3,26,What is the probability that the weather will be  normal and typical on a random day in England?, normal and typical,AandB,95,2462044.811400,2462051.641451,6.830052
704,3,27,What is the probability that the weather will be  icy or frosty on a random day in England?, icy or frosty,AorB,5,2462051.811304,2462055.492280,3.680976
704,3,28,What is the probability that the weather will be  not icy or not frosty on a random day in England?, not icy or not frosty,notAornotB,5,2462055.627936,2462059.681325,4.053389
704,3,29,What is the probability that the weather will be  icy and frosty on a random day in England?, icy and frosty,AandB,5,2462059.811236,2462062.817189,3.005953
704,3,30,What is the probability that the weather will be  not frosty on a random day in England?, not frosty,notB,95,2462062.927887,2462067.385029,4.457142
704,3,31,If the weather in England is not normal on a random daywhat is the probability that the weather will also be not typical on the same day?, not typical given not normal,notBgnotA,50,2462067.544502,2462076.688731,9.144229
704,3,32,What is the probability that the weather will be  normal or typical on a random day in England?, normal or typical,AorB,50,2462076.811103,2462080.216634,3.405532
704,3,33,What is the probability that the weather will be  normal on a random day in England?, normal,A,95,2462080.361068,2462085.800967,5.439899
704,3,34,What is the probability that the weather will be  normal and not typical on a random day in England?, normal and not typical,AandnotB,80,2462085.910998,2462090.600402,4.689404
704,3,35,If the weather in England is typical on a random daywhat is the probability that the weather will also be normal on the same day?, normal given typical,AgB,95,2462090.710968,2462097.624157,6.913189
704,3,36,What is the probability that the weather will be  typical on a random day in England?, typical,B,100,2462097.744246,2462103.600669,5.856423
704,3,37,If the weather in England is not typical on a random daywhat is the probability that the weather will also be normal on the same day?, normal given not typical,AgnotB,80,2462103.694194,2462111.607839,7.913645
704,3,38,What is the probability that the weather will be  typical and not normal on a random day in England?, typical and not normal,notAandB,50,2462111.710800,2462117.263654,5.552855
704,3,39,What is the probability that the weather will be  typical or not normal on a random day in England?, typical or not normal,notAorB,50,2462117.444083,2462119.663588,2.219505
704,3,40,If the weather in England is not typical on a random daywhat is the probability that the weather will also be not normal on the same day?, not normal given not typical,notAgnotB,90,2462119.810703,2462130.631316,10.820614
