ID,block,trial,query,querydetail,querytype,estimate,starttime,endtime,RT
703,1,1,What is the probability that the weather will be  icy on a random day in England?, icy,A,40,2461330.561149,2461358.685673,28.124524
703,1,2,What is the probability that the weather will be  normal and not typical on a random day in England?, normal and not typical,AandnotB,40,2461358.811325,2461387.741932,28.930607
703,1,3,If the weather in England is typical on a random daywhat is the probability that the weather will also be not normal on the same day?, not normal given typical,notAgB,20,2461387.911470,2461416.975483,29.064013
703,1,4,What is the probability that the weather will be  not normal or not typical on a random day in England?, not normal or not typical,notAornotB,5,2461417.194988,2461432.587506,15.392517
703,1,5,What is the probability that the weather will be  not typical on a random day in England?, not typical,notB,40,2461432.778361,2461446.743787,13.965426
703,1,6,What is the probability that the weather will be  normal or typical on a random day in England?, normal or typical,AorB,80,2461446.945100,2461462.494525,15.549425
703,1,7,If the weather in England is frosty on a random daywhat is the probability that the weather will also be icy on the same day?, icy given frosty,AgB,50,2461462.661882,2461471.702267,9.040384
703,1,8,If the weather in England is not frosty on a random daywhat is the probability that the weather will also be icy on the same day?, icy given not frosty,AgnotB,20,2461471.845265,2461495.941734,24.096469
703,1,9,What is the probability that the weather will be  not normal and not typical on a random day in England?, not normal and not typical,notAandnotB,40,2461496.095350,2461510.861478,14.766128
703,1,10,What is the probability that the weather will be  normal and typical on a random day in England?, normal and typical,AandB,80,2461511.045417,2461526.237115,15.191699
703,1,11,If the weather in England is normal on a random daywhat is the probability that the weather will also be not typical on the same day?, not typical given normal,notBgA,50,2461526.395481,2461547.428815,21.033333
703,1,12,What is the probability that the weather will be  typical and not normal on a random day in England?, typical and not normal,notAandB,80,2461547.545591,2461562.596410,15.050819
703,1,13,If the weather in England is not typical on a random daywhat is the probability that the weather will also be not normal on the same day?, not normal given not typical,notAgnotB,70,2461562.779003,2461570.548203,7.769200
703,1,14,If the weather in England is not icy on a random daywhat is the probability that the weather will also be frosty on the same day?, frosty given not icy,BgnotA,20,2461570.662354,2461585.723924,15.061570
703,1,15,If the weather in England is icy on a random daywhat is the probability that the weather will also be frosty on the same day?, frosty given icy,BgA,80,2461585.862463,2461593.851573,7.989110
703,1,16,If the weather in England is normal on a random daywhat is the probability that the weather will also be typical on the same day?, typical given normal,BgA,80,2461593.979155,2461605.107421,11.128266
703,1,17,What is the probability that the weather will be  not icy on a random day in England?, not icy,notA,60,2461605.229214,2461614.139204,8.909990
703,1,18,If the weather in England is not frosty on a random daywhat is the probability that the weather will also be not icy on the same day?, not icy given not frosty,notAgnotB,80,2461614.279261,2461618.459380,4.180119
703,1,19,What is the probability that the weather will be  not icy and not frosty on a random day in England?, not icy and not frosty,notAandnotB,80,2461618.662618,2461622.283326,3.620709
703,1,20,If the weather in England is frosty on a random daywhat is the probability that the weather will also be not icy on the same day?, not icy given frosty,notAgB,30,2461622.429295,2461628.557712,6.128417
703,1,21,What is the probability that the weather will be  frosty or not icy on a random day in England?, frosty or not icy,notAorB,5,2461628.745990,2461643.770897,15.024906
703,1,22,What is the probability that the weather will be  icy and not frosty on a random day in England?, icy and not frosty,AandnotB,5,2461643.896066,2461646.811922,2.915856
703,1,23,What is the probability that the weather will be  icy and frosty on a random day in England?, icy and frosty,AandB,60,2461646.896055,2461651.106502,4.210447
703,1,24,If the weather in England is typical on a random daywhat is the probability that the weather will also be normal on the same day?, normal given typical,AgB,75,2461651.262785,2461667.538225,16.275441
703,1,25,What is the probability that the weather will be  normal or not typical on a random day in England?, normal or not typical,AornotB,60,2461667.646188,2461677.514206,9.868019
703,1,26,If the weather in England is not normal on a random daywhat is the probability that the weather will also be not typical on the same day?, not typical given not normal,notBgnotA,70,2461677.662912,2461684.185790,6.522878
703,1,27,What is the probability that the weather will be  typical or not normal on a random day in England?, typical or not normal,notAorB,90,2461684.362926,2461689.881690,5.518765
703,1,28,What is the probability that the weather will be  normal on a random day in England?, normal,A,80,2461690.112996,2461696.041990,5.928994
703,1,29,If the weather in England is not icy on a random daywhat is the probability that the weather will also be not frosty on the same day?, not frosty given not icy,notBgnotA,80,2461696.212962,2461709.153271,12.940310
703,1,30,If the weather in England is not typical on a random daywhat is the probability that the weather will also be normal on the same day?, normal given not typical,AgnotB,70,2461709.329716,2461721.201110,11.871394
703,1,31,What is the probability that the weather will be  icy or frosty on a random day in England?, icy or frosty,AorB,70,2461721.363126,2461725.456946,4.093820
703,1,32,What is the probability that the weather will be  typical on a random day in England?, typical,B,90,2461725.629785,2461729.105112,3.475327
703,1,33,What is the probability that the weather will be  not icy or not frosty on a random day in England?, not icy or not frosty,notAornotB,70,2461729.246484,2461733.776878,4.530395
703,1,34,What is the probability that the weather will be  icy or not frosty on a random day in England?, icy or not frosty,AornotB,40,2461733.896499,2461741.704563,7.808064
703,1,35,What is the probability that the weather will be  frosty on a random day in England?, frosty,B,40,2461741.879888,2461747.304442,5.424554
703,1,36,What is the probability that the weather will be  not normal on a random day in England?, not normal,notA,50,2461747.429913,2461756.136242,8.706329
703,1,37,What is the probability that the weather will be  not frosty on a random day in England?, not frosty,notB,60,2461756.296625,2461762.848136,6.551511
703,1,38,What is the probability that the weather will be  frosty and not icy on a random day in England?, frosty and not icy,notAandB,20,2461763.013325,2461770.807927,7.794602
703,1,39,If the weather in England is icy on a random daywhat is the probability that the weather will also be not frosty on the same day?, not frosty given icy,notBgA,20,2461771.013340,2461779.855805,8.842464
703,1,40,If the weather in England is not normal on a random daywhat is the probability that the weather will also be typical on the same day?, typical given not normal,BgnotA,40,2461780.013416,2461791.551930,11.538514
703,2,1,What is the probability that the weather will be  normal on a random day in England?, normal,A,90,2461791.780126,2461794.775854,2.995729
703,2,2,What is the probability that the weather will be  normal and not typical on a random day in England?, normal and not typical,AandnotB,60,2461794.930155,2461801.639307,6.709151
703,2,3,If the weather in England is frosty on a random daywhat is the probability that the weather will also be not icy on the same day?, not icy given frosty,notAgB,20,2461801.796861,2461808.495340,6.698480
703,2,4,If the weather in England is not typical on a random daywhat is the probability that the weather will also be normal on the same day?, normal given not typical,AgnotB,80,2461808.680225,2461821.287137,12.606913
703,2,5,If the weather in England is normal on a random daywhat is the probability that the weather will also be typical on the same day?, typical given normal,BgA,90,2461821.446953,2461828.246762,6.799810
703,2,6,What is the probability that the weather will be  typical or not normal on a random day in England?, typical or not normal,notAorB,90,2461828.480291,2461840.374594,11.894303
703,2,7,What is the probability that the weather will be  typical on a random day in England?, typical,B,90,2461840.563683,2461844.062583,3.498900
703,2,8,If the weather in England is not typical on a random daywhat is the probability that the weather will also be not normal on the same day?, not normal given not typical,notAgnotB,50,2461844.330396,2461850.702307,6.371911
703,2,9,What is the probability that the weather will be  icy or not frosty on a random day in England?, icy or not frosty,AornotB,40,2461850.897067,2461855.734181,4.837114
703,2,10,What is the probability that the weather will be  not icy and not frosty on a random day in England?, not icy and not frosty,notAandnotB,50,2461855.913757,2461865.309850,9.396093
703,2,11,If the weather in England is icy on a random daywhat is the probability that the weather will also be frosty on the same day?, frosty given icy,BgA,70,2461865.463831,2461872.285706,6.821875
703,2,12,What is the probability that the weather will be  icy and not frosty on a random day in England?, icy and not frosty,AandnotB,30,2461872.447199,2461876.720204,4.273005
703,2,13,What is the probability that the weather will be  normal or typical on a random day in England?, normal or typical,AorB,90,2461876.863865,2461880.965495,4.101630
703,2,14,What is the probability that the weather will be  typical and not normal on a random day in England?, typical and not normal,notAandB,80,2461881.180578,2461886.061374,4.880796
703,2,15,If the weather in England is not icy on a random daywhat is the probability that the weather will also be not frosty on the same day?, not frosty given not icy,notBgnotA,80,2461886.230586,2461891.517276,5.286691
703,2,16,What is the probability that the weather will be  icy or frosty on a random day in England?, icy or frosty,AorB,40,2461891.663952,2461901.709225,10.045273
703,2,17,If the weather in England is not normal on a random daywhat is the probability that the weather will also be typical on the same day?, typical given not normal,BgnotA,70,2461901.880658,2461909.244906,7.364248
703,2,18,If the weather in England is not frosty on a random daywhat is the probability that the weather will also be not icy on the same day?, not icy given not frosty,notAgnotB,0,2461909.347360,2461915.413128,6.065768
703,2,19,What is the probability that the weather will be  not frosty on a random day in England?, not frosty,notB,60,2461915.580735,2461927.756624,12.175889
703,2,20,If the weather in England is normal on a random daywhat is the probability that the weather will also be not typical on the same day?, not typical given normal,notBgA,60,2461927.930800,2461942.404202,14.473403
703,2,21,What is the probability that the weather will be  not icy or not frosty on a random day in England?, not icy or not frosty,notAornotB,70,2461942.547522,2461947.260124,4.712602
703,2,22,What is the probability that the weather will be  not normal on a random day in England?, not normal,notA,50,2461947.447547,2461952.795987,5.348440
703,2,23,If the weather in England is not icy on a random daywhat is the probability that the weather will also be frosty on the same day?, frosty given not icy,BgnotA,20,2461952.914259,2461957.157422,4.243163
703,2,24,What is the probability that the weather will be  not icy on a random day in England?, not icy,notA,60,2461957.330930,2461961.395775,4.064846
703,2,25,What is the probability that the weather will be  icy on a random day in England?, icy,A,40,2461961.564343,2461965.532164,3.967821
703,2,26,What is the probability that the weather will be  normal and typical on a random day in England?, normal and typical,AandB,90,2461965.680960,2461968.963686,3.282726
703,2,27,What is the probability that the weather will be  frosty on a random day in England?, frosty,B,40,2461969.081019,2461972.676359,3.595340
703,2,28,What is the probability that the weather will be  not normal and not typical on a random day in England?, not normal and not typical,notAandnotB,50,2461972.831017,2461982.379382,9.548365
703,2,29,What is the probability that the weather will be  not typical on a random day in England?, not typical,notB,40,2461982.547676,2461990.859180,8.311504
703,2,30,If the weather in England is not frosty on a random daywhat is the probability that the weather will also be icy on the same day?, icy given not frosty,AgnotB,70,2461991.031109,2461995.339127,4.308019
703,2,31,What is the probability that the weather will be  frosty and not icy on a random day in England?, frosty and not icy,notAandB,20,2461995.531190,2461998.675011,3.143822
703,2,32,If the weather in England is icy on a random daywhat is the probability that the weather will also be not frosty on the same day?, not frosty given icy,notBgA,20,2461998.881144,2462003.034950,4.153807
703,2,33,If the weather in England is typical on a random daywhat is the probability that the weather will also be not normal on the same day?, not normal given typical,notAgB,40,2462003.231152,2462007.738855,4.507703
703,2,34,What is the probability that the weather will be  frosty or not icy on a random day in England?, frosty or not icy,notAorB,2,2462007.931206,2462010.618645,2.687439
703,2,35,What is the probability that the weather will be  normal or not typical on a random day in England?, normal or not typical,AornotB,50,2462010.747885,2462024.106534,13.358649
703,2,36,If the weather in England is not normal on a random daywhat is the probability that the weather will also be not typical on the same day?, not typical given not normal,notBgnotA,60,2462024.281265,2462059.945778,35.664513
703,2,37,If the weather in England is frosty on a random daywhat is the probability that the weather will also be icy on the same day?, icy given frosty,AgB,80,2462060.131456,2462064.425632,4.294176
703,2,38,If the weather in England is typical on a random daywhat is the probability that the weather will also be normal on the same day?, normal given typical,AgB,90,2462064.581488,2462068.217553,3.636065
703,2,39,What is the probability that the weather will be  icy and frosty on a random day in England?, icy and frosty,AandB,80,2462068.364833,2462071.353507,2.988674
703,2,40,What is the probability that the weather will be  not normal or not typical on a random day in England?, not normal or not typical,notAornotB,80,2462071.481510,2462075.809409,4.327899
703,3,1,If the weather in England is not normal on a random daywhat is the probability that the weather will also be not typical on the same day?, not typical given not normal,notBgnotA,60,2462075.981511,2462084.473285,8.491774
703,3,2,What is the probability that the weather will be  not frosty on a random day in England?, not frosty,notB,70,2462085.898234,2462093.561047,7.662812
703,3,3,If the weather in England is not icy on a random daywhat is the probability that the weather will also be not frosty on the same day?, not frosty given not icy,notBgnotA,80,2462093.731630,2462098.880958,5.149328
703,3,4,What is the probability that the weather will be  not typical on a random day in England?, not typical,notB,30,2462099.048317,2462104.624808,5.576491
703,3,5,If the weather in England is not normal on a random daywhat is the probability that the weather will also be typical on the same day?, typical given not normal,BgnotA,20,2462104.764990,2462114.504617,9.739628
703,3,6,If the weather in England is not typical on a random daywhat is the probability that the weather will also be normal on the same day?, normal given not typical,AgnotB,20,2462114.665044,2462116.888525,2.223480
703,3,7,What is the probability that the weather will be  normal and not typical on a random day in England?, normal and not typical,AandnotB,20,2462117.081745,2462120.784452,3.702707
703,3,8,What is the probability that the weather will be  typical on a random day in England?, typical,B,90,2462120.931753,2462126.320742,5.388989
703,3,9,What is the probability that the weather will be  not normal or not typical on a random day in England?, not normal or not typical,notAornotB,10,2462126.448430,2462138.528107,12.079677
703,3,10,What is the probability that the weather will be  not icy or not frosty on a random day in England?, not icy or not frosty,notAornotB,80,2462138.715156,2462145.695947,6.980791
703,3,11,If the weather in England is typical on a random daywhat is the probability that the weather will also be normal on the same day?, normal given typical,AgB,90,2462145.865192,2462149.839834,3.974642
703,3,12,If the weather in England is not frosty on a random daywhat is the probability that the weather will also be not icy on the same day?, not icy given not frosty,notAgnotB,80,2462150.015239,2462157.440636,7.425397
703,3,13,What is the probability that the weather will be  normal and typical on a random day in England?, normal and typical,AandB,90,2462157.615235,2462159.879639,2.264404
703,3,14,If the weather in England is icy on a random daywhat is the probability that the weather will also be frosty on the same day?, frosty given icy,BgA,80,2462160.031954,2462163.538512,3.506558
703,3,15,If the weather in England is not icy on a random daywhat is the probability that the weather will also be frosty on the same day?, frosty given not icy,BgnotA,20,2462163.681965,2462167.975478,4.293513
703,3,16,What is the probability that the weather will be  frosty on a random day in England?, frosty,B,40,2462168.131984,2462174.031951,5.899968
703,3,17,If the weather in England is normal on a random daywhat is the probability that the weather will also be not typical on the same day?, not typical given normal,notBgA,20,2462174.231997,2462180.943179,6.711182
703,3,18,What is the probability that the weather will be  frosty or not icy on a random day in England?, frosty or not icy,notAorB,20,2462181.132053,2462185.111127,3.979074
703,3,19,What is the probability that the weather will be  icy or frosty on a random day in England?, icy or frosty,AorB,40,2462185.282055,2462207.494627,22.212572
703,3,20,If the weather in England is normal on a random daywhat is the probability that the weather will also be typical on the same day?, typical given normal,BgA,90,2462207.698835,2462211.630552,3.931717
703,3,21,What is the probability that the weather will be  icy and frosty on a random day in England?, icy and frosty,AandB,80,2462211.815525,2462216.414508,4.598983
703,3,22,What is the probability that the weather will be  not normal and not typical on a random day in England?, not normal and not typical,notAandnotB,90,2462216.582233,2462218.702379,2.120147
703,3,23,If the weather in England is icy on a random daywhat is the probability that the weather will also be not frosty on the same day?, not frosty given icy,notBgA,20,2462218.865552,2462227.766299,8.900747
703,3,24,If the weather in England is typical on a random daywhat is the probability that the weather will also be not normal on the same day?, not normal given typical,notAgB,40,2462227.898934,2462231.630135,3.731202
703,3,25,What is the probability that the weather will be  typical or not normal on a random day in England?, typical or not normal,notAorB,40,2462231.815637,2462233.662085,1.846448
703,3,26,What is the probability that the weather will be  not icy and not frosty on a random day in England?, not icy and not frosty,notAandnotB,70,2462233.848980,2462238.261971,4.412991
703,3,27,What is the probability that the weather will be  typical and not normal on a random day in England?, typical and not normal,notAandB,40,2462238.465669,2462241.517916,3.052247
703,3,28,If the weather in England is frosty on a random daywhat is the probability that the weather will also be not icy on the same day?, not icy given frosty,notAgB,40,2462241.682350,2462244.949836,3.267486
703,3,29,If the weather in England is not frosty on a random daywhat is the probability that the weather will also be icy on the same day?, icy given not frosty,AgnotB,40,2462245.115702,2462249.525737,4.410035
703,3,30,What is the probability that the weather will be  icy or not frosty on a random day in England?, icy or not frosty,AornotB,40,2462249.682400,2462251.893672,2.211273
703,3,31,What is the probability that the weather will be  frosty and not icy on a random day in England?, frosty and not icy,notAandB,40,2462252.065738,2462253.349759,1.284021
703,3,32,What is the probability that the weather will be  not icy on a random day in England?, not icy,notA,60,2462253.432417,2462264.109424,10.677007
703,3,33,What is the probability that the weather will be  normal or typical on a random day in England?, normal or typical,AorB,90,2462264.265799,2462267.309391,3.043592
703,3,34,If the weather in England is not typical on a random daywhat is the probability that the weather will also be not normal on the same day?, not normal given not typical,notAgnotB,90,2462267.449156,2462278.349179,10.900022
703,3,35,What is the probability that the weather will be  icy and not frosty on a random day in England?, icy and not frosty,AandnotB,40,2462278.499212,2462282.437080,3.937868
703,3,36,What is the probability that the weather will be  normal or not typical on a random day in England?, normal or not typical,AornotB,60,2462282.582562,2462293.020472,10.437910
703,3,37,If the weather in England is frosty on a random daywhat is the probability that the weather will also be icy on the same day?, icy given frosty,AgB,70,2462293.199286,2462298.725716,5.526430
703,3,38,What is the probability that the weather will be  normal on a random day in England?, normal,A,80,2462298.865972,2462306.460850,7.594877
703,3,39,What is the probability that the weather will be  not normal on a random day in England?, not normal,notA,60,2462306.616014,2462314.908353,8.292339
703,3,40,What is the probability that the weather will be  icy on a random day in England?, icy,A,40,2462315.066053,2462317.404700,2.338648
