ID,block,trial,query,querydetail,querytype,estimate,starttime,endtime,RT
902,1,1,What is the probability that the weather will be  typical and not normal on a random day in England?, typical and not normal,notAandB,50,2806722.551352,2806744.591011,22.039659
902,1,2,What is the probability that the weather will be  not icy or not frosty on a random day in England?, not icy or not frosty,notAornotB,75,2806744.684732,2806766.631359,21.946627
902,1,3,What is the probability that the weather will be  not normal and not typical on a random day in England?, not normal and not typical,notAandnotB,50,2806766.751529,2806774.993441,8.241911
902,1,4,What is the probability that the weather will be  frosty and not icy on a random day in England?, frosty and not icy,notAandB,25,2806775.084875,2806781.497267,6.412392
902,1,5,If the weather in England is not typical on a random daywhat is the probability that the weather will also be normal on the same day?, normal given not typical,AgnotB,40,2806781.651589,2806821.056339,39.404750
902,1,6,What is the probability that the weather will be  icy or not frosty on a random day in England?, icy or not frosty,AornotB,25,2806821.185111,2806826.776177,5.591067
902,1,7,If the weather in England is typical on a random daywhat is the probability that the weather will also be normal on the same day?, normal given typical,AgB,40,2806826.901807,2806831.736002,4.834195
902,1,8,If the weather in England is not icy on a random daywhat is the probability that the weather will also be frosty on the same day?, frosty given not icy,BgnotA,10,2806831.851868,2806842.575847,10.723980
902,1,9,If the weather in England is icy on a random daywhat is the probability that the weather will also be not frosty on the same day?, not frosty given icy,notBgA,15,2806842.718614,2806857.943445,15.224831
902,1,10,What is the probability that the weather will be  icy and frosty on a random day in England?, icy and frosty,AandB,20,2806858.051952,2806866.087402,8.035450
902,1,11,What is the probability that the weather will be  not normal or not typical on a random day in England?, not normal or not typical,notAornotB,30,2806866.202027,2806878.007181,11.805153
902,1,12,If the weather in England is typical on a random daywhat is the probability that the weather will also be not normal on the same day?, not normal given typical,notAgB,25,2806878.118732,2806887.534889,9.416157
902,1,13,What is the probability that the weather will be  icy or frosty on a random day in England?, icy or frosty,AorB,30,2806887.668790,2806891.750790,4.082000
902,1,14,If the weather in England is not typical on a random daywhat is the probability that the weather will also be not normal on the same day?, not normal given not typical,notAgnotB,80,2806891.868819,2806919.822198,27.953378
902,1,15,What is the probability that the weather will be  not frosty on a random day in England?, not frosty,notB,75,2806919.968930,2806924.870266,4.901336
902,1,16,What is the probability that the weather will be  icy on a random day in England?, icy,A,25,2806925.018986,2806928.502324,3.483338
902,1,17,What is the probability that the weather will be  frosty or not icy on a random day in England?, frosty or not icy,notAorB,20,2806928.652339,2806935.877893,7.225554
902,1,18,What is the probability that the weather will be  normal on a random day in England?, normal,A,85,2806936.019020,2806942.933827,6.914807
902,1,19,If the weather in England is not normal on a random daywhat is the probability that the weather will also be not typical on the same day?, not typical given not normal,notBgnotA,85,2806943.085713,2806953.365554,10.279840
902,1,20,What is the probability that the weather will be  typical or not normal on a random day in England?, typical or not normal,notAorB,25,2806953.519107,2806959.557614,6.038508
902,1,21,What is the probability that the weather will be  frosty on a random day in England?, frosty,B,25,2806959.669132,2806965.109436,5.440305
902,1,22,If the weather in England is normal on a random daywhat is the probability that the weather will also be not typical on the same day?, not typical given normal,notBgA,50,2806965.219177,2806980.300900,15.081723
902,1,23,What is the probability that the weather will be  not typical on a random day in England?, not typical,notB,40,2806980.452591,2806988.404887,7.952296
902,1,24,If the weather in England is frosty on a random daywhat is the probability that the weather will also be icy on the same day?, icy given frosty,AgB,75,2806988.552630,2807001.020490,12.467860
902,1,25,If the weather in England is icy on a random daywhat is the probability that the weather will also be frosty on the same day?, frosty given icy,BgA,75,2807001.119374,2807007.788485,6.669111
902,1,26,What is the probability that the weather will be  not normal on a random day in England?, not normal,notA,50,2807007.936046,2807018.348134,10.412089
902,1,27,If the weather in England is not icy on a random daywhat is the probability that the weather will also be not frosty on the same day?, not frosty given not icy,notBgnotA,80,2807018.452794,2807024.572081,6.119286
902,1,28,What is the probability that the weather will be  normal or not typical on a random day in England?, normal or not typical,AornotB,60,2807024.686137,2807035.291867,10.605730
902,1,29,If the weather in England is not frosty on a random daywhat is the probability that the weather will also be icy on the same day?, icy given not frosty,AgnotB,10,2807035.436125,2807043.203829,7.767704
902,1,30,What is the probability that the weather will be  not icy and not frosty on a random day in England?, not icy and not frosty,notAandnotB,75,2807043.352889,2807049.451536,6.098648
902,1,31,What is the probability that the weather will be  icy and not frosty on a random day in England?, icy and not frosty,AandnotB,25,2807049.602949,2807058.955542,9.352593
902,1,32,What is the probability that the weather will be  not icy on a random day in England?, not icy,notA,80,2807059.119645,2807065.059201,5.939556
902,1,33,If the weather in England is normal on a random daywhat is the probability that the weather will also be typical on the same day?, typical given normal,BgA,85,2807065.203023,2807083.930836,18.727813
902,1,34,What is the probability that the weather will be  typical on a random day in England?, typical,B,85,2807084.069788,2807092.690808,8.621019
902,1,35,If the weather in England is frosty on a random daywhat is the probability that the weather will also be not icy on the same day?, not icy given frosty,notAgB,20,2807092.836463,2807098.378416,5.541953
902,1,36,If the weather in England is not normal on a random daywhat is the probability that the weather will also be typical on the same day?, typical given not normal,BgnotA,40,2807098.519825,2807108.954506,10.434680
902,1,37,If the weather in England is not frosty on a random daywhat is the probability that the weather will also be not icy on the same day?, not icy given not frosty,notAgnotB,80,2807109.086571,2807155.225367,46.138797
902,1,38,What is the probability that the weather will be  normal and not typical on a random day in England?, normal and not typical,AandnotB,50,2807155.336800,2807159.809149,4.472349
902,1,39,What is the probability that the weather will be  normal and typical on a random day in England?, normal and typical,AandB,70,2807159.953461,2807164.801014,4.847554
902,1,40,What is the probability that the weather will be  normal or typical on a random day in England?, normal or typical,AorB,90,2807164.936853,2807171.152943,6.216089
902,2,1,If the weather in England is not typical on a random daywhat is the probability that the weather will also be not normal on the same day?, not normal given not typical,notAgnotB,85,2807171.303527,2807180.568726,9.265199
902,2,2,What is the probability that the weather will be  normal or not typical on a random day in England?, normal or not typical,AornotB,50,2807180.686914,2807191.608456,10.921541
902,2,3,What is the probability that the weather will be  not normal on a random day in England?, not normal,notA,25,2807191.753639,2807211.480086,19.726447
902,2,4,What is the probability that the weather will be  not normal and not typical on a random day in England?, not normal and not typical,notAandnotB,20,2807211.603746,2807215.919815,4.316069
902,2,5,What is the probability that the weather will be  not icy on a random day in England?, not icy,notA,85,2807216.070461,2807221.271707,5.201245
902,2,6,If the weather in England is not icy on a random daywhat is the probability that the weather will also be frosty on the same day?, frosty given not icy,BgnotA,20,2807221.403790,2807226.191610,4.787820
902,2,7,If the weather in England is not frosty on a random daywhat is the probability that the weather will also be icy on the same day?, icy given not frosty,AgnotB,20,2807226.337151,2807234.023583,7.686431
902,2,8,What is the probability that the weather will be  normal on a random day in England?, normal,A,90,2807234.153860,2807238.719737,4.565877
902,2,9,If the weather in England is frosty on a random daywhat is the probability that the weather will also be icy on the same day?, icy given frosty,AgB,85,2807238.837211,2807244.775218,5.938007
902,2,10,What is the probability that the weather will be  icy on a random day in England?, icy,A,25,2807244.903911,2807250.535439,5.631528
902,2,11,If the weather in England is icy on a random daywhat is the probability that the weather will also be not frosty on the same day?, not frosty given icy,notBgA,25,2807250.670602,2807256.774943,6.104341
902,2,12,What is the probability that the weather will be  frosty and not icy on a random day in England?, frosty and not icy,notAandB,14,2807256.920647,2807265.150937,8.230289
902,2,13,What is the probability that the weather will be  typical and not normal on a random day in England?, typical and not normal,notAandB,40,2807265.303990,2807273.630599,8.326609
902,2,14,What is the probability that the weather will be  frosty or not icy on a random day in England?, frosty or not icy,notAorB,25,2807273.754062,2807279.678528,5.924466
902,2,15,What is the probability that the weather will be  not frosty on a random day in England?, not frosty,notB,85,2807279.837418,2807283.750393,3.912975
902,2,16,What is the probability that the weather will be  frosty on a random day in England?, frosty,B,25,2807283.887448,2807287.070564,3.183115
902,2,17,If the weather in England is frosty on a random daywhat is the probability that the weather will also be not icy on the same day?, not icy given frosty,notAgB,15,2807287.220793,2807295.454125,8.233332
902,2,18,If the weather in England is not typical on a random daywhat is the probability that the weather will also be normal on the same day?, normal given not typical,AgnotB,20,2807295.587490,2807305.262138,9.674648
902,2,19,If the weather in England is not frosty on a random daywhat is the probability that the weather will also be not icy on the same day?, not icy given not frosty,notAgnotB,85,2807305.387523,2807309.806031,4.418508
902,2,20,What is the probability that the weather will be  icy and frosty on a random day in England?, icy and frosty,AandB,20,2807309.954212,2807317.837679,7.883467
902,2,21,What is the probability that the weather will be  icy and not frosty on a random day in England?, icy and not frosty,AandnotB,10,2807317.970965,2807322.597599,4.626634
902,2,22,What is the probability that the weather will be  typical or not normal on a random day in England?, typical or not normal,notAorB,40,2807322.737640,2807327.453460,4.715820
902,2,23,What is the probability that the weather will be  not icy and not frosty on a random day in England?, not icy and not frosty,notAandnotB,85,2807327.620988,2807331.829410,4.208422
902,2,24,If the weather in England is normal on a random daywhat is the probability that the weather will also be not typical on the same day?, not typical given normal,notBgA,25,2807331.971013,2807338.869222,6.898209
902,2,25,If the weather in England is not normal on a random daywhat is the probability that the weather will also be typical on the same day?, typical given not normal,BgnotA,25,2807339.021015,2807345.221102,6.200087
902,2,26,What is the probability that the weather will be  icy or not frosty on a random day in England?, icy or not frosty,AornotB,15,2807345.371081,2807350.764982,5.393901
902,2,27,If the weather in England is typical on a random daywhat is the probability that the weather will also be not normal on the same day?, not normal given typical,notAgB,35,2807350.921111,2807361.340769,10.419658
902,2,28,What is the probability that the weather will be  normal or typical on a random day in England?, normal or typical,AorB,90,2807361.487826,2807368.212626,6.724800
902,2,29,What is the probability that the weather will be  normal and typical on a random day in England?, normal and typical,AandB,90,2807368.371201,2807374.748462,6.377261
902,2,30,If the weather in England is normal on a random daywhat is the probability that the weather will also be typical on the same day?, typical given normal,BgA,90,2807374.887902,2807385.692239,10.804337
902,2,31,What is the probability that the weather will be  normal and not typical on a random day in England?, normal and not typical,AandnotB,50,2807385.821286,2807390.020198,4.198912
902,2,32,If the weather in England is not icy on a random daywhat is the probability that the weather will also be not frosty on the same day?, not frosty given not icy,notBgnotA,86,2807390.171302,2807404.195914,14.024612
902,2,33,What is the probability that the weather will be  not typical on a random day in England?, not typical,notB,20,2807404.288046,2807411.539690,7.251644
902,2,34,What is the probability that the weather will be  not normal or not typical on a random day in England?, not normal or not typical,notAornotB,15,2807411.688071,2807416.731585,5.043514
902,2,35,If the weather in England is typical on a random daywhat is the probability that the weather will also be normal on the same day?, normal given typical,AgB,90,2807416.888107,2807423.011530,6.123423
902,2,36,What is the probability that the weather will be  not icy or not frosty on a random day in England?, not icy or not frosty,notAornotB,25,2807423.171439,2807428.531512,5.360073
902,2,37,If the weather in England is icy on a random daywhat is the probability that the weather will also be frosty on the same day?, frosty given icy,BgA,85,2807428.688154,2807436.851261,8.163107
902,2,38,If the weather in England is not normal on a random daywhat is the probability that the weather will also be not typical on the same day?, not typical given not normal,notBgnotA,86,2807437.004866,2807442.907214,5.902347
902,2,39,What is the probability that the weather will be  icy or frosty on a random day in England?, icy or frosty,AorB,25,2807443.071569,2807446.851061,3.779493
902,2,40,What is the probability that the weather will be  typical on a random day in England?, typical,B,90,2807447.004906,2807451.571266,4.566360
902,3,1,If the weather in England is not normal on a random daywhat is the probability that the weather will also be not typical on the same day?, not typical given not normal,notBgnotA,90,2807451.738270,2807455.946838,4.208568
902,3,2,What is the probability that the weather will be  not normal or not typical on a random day in England?, not normal or not typical,notAornotB,85,2807456.104969,2807462.979130,6.874161
902,3,3,If the weather in England is normal on a random daywhat is the probability that the weather will also be typical on the same day?, typical given normal,BgA,90,2807463.155010,2807481.370257,18.215247
902,3,4,What is the probability that the weather will be  normal and not typical on a random day in England?, normal and not typical,AandnotB,50,2807481.505080,2807486.354132,4.849052
902,3,5,What is the probability that the weather will be  frosty or not icy on a random day in England?, frosty or not icy,notAorB,25,2807486.471766,2807502.937790,16.466024
902,3,6,What is the probability that the weather will be  icy and frosty on a random day in England?, icy and frosty,AandB,20,2807503.071868,2807510.113661,7.041793
902,3,7,If the weather in England is not icy on a random daywhat is the probability that the weather will also be not frosty on the same day?, not frosty given not icy,notBgnotA,85,2807510.255213,2807515.897494,5.642280
902,3,8,What is the probability that the weather will be  typical or not normal on a random day in England?, typical or not normal,notAorB,40,2807516.071935,2807521.409396,5.337461
902,3,9,If the weather in England is typical on a random daywhat is the probability that the weather will also be not normal on the same day?, not normal given typical,notAgB,40,2807521.571931,2807525.121337,3.549407
902,3,10,If the weather in England is frosty on a random daywhat is the probability that the weather will also be not icy on the same day?, not icy given frosty,notAgB,20,2807525.271968,2807530.137256,4.865288
902,3,11,If the weather in England is not frosty on a random daywhat is the probability that the weather will also be not icy on the same day?, not icy given not frosty,notAgnotB,20,2807530.305338,2807534.697116,4.391778
902,3,12,What is the probability that the weather will be  icy on a random day in England?, icy,A,25,2807534.838661,2807541.649363,6.810702
902,3,13,If the weather in England is not normal on a random daywhat is the probability that the weather will also be typical on the same day?, typical given not normal,BgnotA,25,2807541.788765,2807555.416691,13.627926
902,3,14,If the weather in England is not frosty on a random daywhat is the probability that the weather will also be icy on the same day?, icy given not frosty,AgnotB,20,2807555.572110,2807564.816463,9.244353
902,3,15,What is the probability that the weather will be  normal on a random day in England?, normal,A,90,2807564.972148,2807568.824798,3.852651
902,3,16,What is the probability that the weather will be  typical on a random day in England?, typical,B,90,2807568.972171,2807571.472710,2.500539
902,3,17,If the weather in England is not typical on a random daywhat is the probability that the weather will also be normal on the same day?, normal given not typical,AgnotB,15,2807571.638878,2807588.048048,16.409170
902,3,18,If the weather in England is icy on a random daywhat is the probability that the weather will also be frosty on the same day?, frosty given icy,BgA,85,2807588.172295,2807593.215895,5.043599
902,3,19,What is the probability that the weather will be  not icy on a random day in England?, not icy,notA,25,2807593.338963,2807598.983775,5.644811
902,3,20,What is the probability that the weather will be  not frosty on a random day in England?, not frosty,notB,75,2807599.122316,2807603.223698,4.101382
902,3,21,What is the probability that the weather will be  not normal and not typical on a random day in England?, not normal and not typical,notAandnotB,15,2807603.355698,2807608.895537,5.539839
902,3,22,What is the probability that the weather will be  frosty on a random day in England?, frosty,B,25,2807609.005731,2807612.319760,3.314029
902,3,23,If the weather in England is typical on a random daywhat is the probability that the weather will also be normal on the same day?, normal given typical,AgB,90,2807612.439060,2807620.039310,7.600251
902,3,24,What is the probability that the weather will be  icy or frosty on a random day in England?, icy or frosty,AorB,30,2807620.172453,2807628.127167,7.954714
902,3,25,What is the probability that the weather will be  not icy and not frosty on a random day in England?, not icy and not frosty,notAandnotB,75,2807628.239169,2807635.679006,7.439837
902,3,26,What is the probability that the weather will be  typical and not normal on a random day in England?, typical and not normal,notAandB,40,2807635.789195,2807639.902882,4.113687
902,3,27,If the weather in England is not icy on a random daywhat is the probability that the weather will also be frosty on the same day?, frosty given not icy,BgnotA,20,2807640.022554,2807649.414687,9.392133
902,3,28,What is the probability that the weather will be  not icy or not frosty on a random day in England?, not icy or not frosty,notAornotB,80,2807649.539271,2807653.358622,3.819352
902,3,29,What is the probability that the weather will be  normal and typical on a random day in England?, normal and typical,AandB,90,2807653.488750,2807656.558547,3.069797
902,3,30,What is the probability that the weather will be  not typical on a random day in England?, not typical,notB,10,2807656.689302,2807662.254452,5.565151
902,3,31,What is the probability that the weather will be  not normal on a random day in England?, not normal,notA,10,2807662.405967,2807665.198394,2.792428
902,3,32,What is the probability that the weather will be  icy or not frosty on a random day in England?, icy or not frosty,AornotB,90,2807665.339343,2807675.358146,10.018803
902,3,33,If the weather in England is not typical on a random daywhat is the probability that the weather will also be not normal on the same day?, not normal given not typical,notAgnotB,90,2807675.506049,2807689.373873,13.867825
902,3,34,If the weather in England is normal on a random daywhat is the probability that the weather will also be not typical on the same day?, not typical given normal,notBgA,10,2807689.489451,2807699.429664,9.940213
902,3,35,If the weather in England is frosty on a random daywhat is the probability that the weather will also be icy on the same day?, icy given frosty,AgB,90,2807699.556181,2807714.221396,14.665215
902,3,36,What is the probability that the weather will be  frosty and not icy on a random day in England?, frosty and not icy,notAandB,15,2807714.356250,2807718.653253,4.297003
902,3,37,What is the probability that the weather will be  icy and not frosty on a random day in England?, icy and not frosty,AandnotB,15,2807718.789603,2807722.261173,3.471570
902,3,38,What is the probability that the weather will be  normal or not typical on a random day in England?, normal or not typical,AornotB,90,2807722.389623,2807733.692915,11.303292
902,3,39,If the weather in England is icy on a random daywhat is the probability that the weather will also be not frosty on the same day?, not frosty given icy,notBgA,10,2807733.856341,2807742.980732,9.124391
902,3,40,What is the probability that the weather will be  normal or typical on a random day in England?, normal or typical,AorB,90,2807743.123059,2807752.364543,9.241484
