ID,block,trial,query,querydetail,querytype,estimate,starttime,endtime,RT
706,1,1,What is the probability that the weather will be  frosty and not icy on a random day in England?, frosty and not icy,notAandB,65,2937698.888753,2937809.077367,110.188614
706,1,2,What is the probability that the weather will be  typical on a random day in England?, typical,B,80,2937809.206775,2937826.262184,17.055409
706,1,3,If the weather in England is frosty on a random daywhat is the probability that the weather will also be icy on the same day?, icy given frosty,AgB,5,2937826.456997,2937840.140477,13.683480
706,1,4,If the weather in England is frosty on a random daywhat is the probability that the weather will also be not icy on the same day?, not icy given frosty,notAgB,5,2937840.323842,2937848.136072,7.812230
706,1,5,What is the probability that the weather will be  icy on a random day in England?, icy,A,50,2937848.290610,2937854.840031,6.549421
706,1,6,What is the probability that the weather will be  frosty or not icy on a random day in England?, frosty or not icy,notAorB,50,2937854.990681,2937862.303799,7.313118
706,1,7,If the weather in England is not icy on a random daywhat is the probability that the weather will also be not frosty on the same day?, not frosty given not icy,notBgnotA,50,2937862.457499,2937876.279597,13.822099
706,1,8,If the weather in England is not typical on a random daywhat is the probability that the weather will also be normal on the same day?, normal given not typical,AgnotB,50,2937876.424301,2937879.167576,2.743275
706,1,9,If the weather in England is not normal on a random daywhat is the probability that the weather will also be not typical on the same day?, not typical given not normal,notBgnotA,80,2937879.357660,2937897.807383,18.449722
706,1,10,If the weather in England is not icy on a random daywhat is the probability that the weather will also be frosty on the same day?, frosty given not icy,BgnotA,50,2937897.991236,2937909.111176,11.119940
706,1,11,What is the probability that the weather will be  icy or frosty on a random day in England?, icy or frosty,AorB,25,2937909.258034,2937937.406787,28.148754
706,1,12,What is the probability that the weather will be  icy and frosty on a random day in England?, icy and frosty,AandB,25,2937937.541733,2937948.590777,11.049045
706,1,13,What is the probability that the weather will be  normal or typical on a random day in England?, normal or typical,AorB,80,2937948.675176,2937957.270549,8.595373
706,1,14,What is the probability that the weather will be  not frosty on a random day in England?, not frosty,notB,50,2937957.458626,2937980.150272,22.691646
706,1,15,What is the probability that the weather will be  not normal and not typical on a random day in England?, not normal and not typical,notAandnotB,80,2937980.308912,2937987.934226,7.625314
706,1,16,What is the probability that the weather will be  icy or not frosty on a random day in England?, icy or not frosty,AornotB,25,2937988.025678,2938023.125782,35.100104
706,1,17,What is the probability that the weather will be  typical and not normal on a random day in England?, typical and not normal,notAandB,20,2938023.359447,2938037.677616,14.318168
706,1,18,If the weather in England is not typical on a random daywhat is the probability that the weather will also be not normal on the same day?, not normal given not typical,notAgnotB,80,2938037.842966,2938044.389537,6.546572
706,1,19,What is the probability that the weather will be  normal or not typical on a random day in England?, normal or not typical,AornotB,100,2938044.559713,2938055.005855,10.446142
706,1,20,If the weather in England is not normal on a random daywhat is the probability that the weather will also be typical on the same day?, typical given not normal,BgnotA,0,2938055.143152,2938069.845408,14.702256
706,1,21,If the weather in England is normal on a random daywhat is the probability that the weather will also be typical on the same day?, typical given normal,BgA,50,2938070.060036,2938095.269111,25.209075
706,1,22,What is the probability that the weather will be  not normal or not typical on a random day in England?, not normal or not typical,notAornotB,58,2938095.543678,2938097.196968,1.653291
706,1,23,What is the probability that the weather will be  not icy or not frosty on a random day in England?, not icy or not frosty,notAornotB,25,2938097.343671,2938103.804687,6.461015
706,1,24,What is the probability that the weather will be  not icy and not frosty on a random day in England?, not icy and not frosty,notAandnotB,25,2938103.977113,2938114.948806,10.971693
706,1,25,If the weather in England is not frosty on a random daywhat is the probability that the weather will also be icy on the same day?, icy given not frosty,AgnotB,75,2938115.193923,2938123.988720,8.794797
706,1,26,What is the probability that the weather will be  frosty on a random day in England?, frosty,B,20,2938124.110691,2938131.364656,7.253965
706,1,27,If the weather in England is icy on a random daywhat is the probability that the weather will also be frosty on the same day?, frosty given icy,BgA,25,2938131.510776,2938137.612590,6.101814
706,1,28,What is the probability that the weather will be  icy and not frosty on a random day in England?, icy and not frosty,AandnotB,25,2938137.744179,2938145.964329,8.220150
706,1,29,If the weather in England is not frosty on a random daywhat is the probability that the weather will also be not icy on the same day?, not icy given not frosty,notAgnotB,25,2938146.194293,2938150.876232,4.681938
706,1,30,What is the probability that the weather will be  not typical on a random day in England?, not typical,notB,20,2938151.011024,2938161.772201,10.761177
706,1,31,What is the probability that the weather will be  normal and not typical on a random day in England?, normal and not typical,AandnotB,80,2938161.994498,2938176.299902,14.305404
706,1,32,If the weather in England is normal on a random daywhat is the probability that the weather will also be not typical on the same day?, not typical given normal,notBgA,25,2938176.477989,2938184.507797,8.029808
706,1,33,If the weather in England is typical on a random daywhat is the probability that the weather will also be normal on the same day?, normal given typical,AgB,25,2938184.728109,2938186.259930,1.531821
706,1,34,What is the probability that the weather will be  typical or not normal on a random day in England?, typical or not normal,notAorB,50,2938186.428117,2938187.557383,1.129266
706,1,35,What is the probability that the weather will be  not normal on a random day in England?, not normal,notA,80,2938187.744815,2938193.251739,5.506924
706,1,36,If the weather in England is typical on a random daywhat is the probability that the weather will also be not normal on the same day?, not normal given typical,notAgB,25,2938193.511531,2938202.051461,8.539931
706,1,37,If the weather in England is icy on a random daywhat is the probability that the weather will also be not frosty on the same day?, not frosty given icy,notBgA,25,2938202.228305,2938203.795524,1.567218
706,1,38,What is the probability that the weather will be  normal and typical on a random day in England?, normal and typical,AandB,80,2938204.028355,2938208.067586,4.039231
706,1,39,What is the probability that the weather will be  normal on a random day in England?, normal,A,80,2938208.228403,2938215.155489,6.927086
706,1,40,What is the probability that the weather will be  not icy on a random day in England?, not icy,notA,75,2938215.328477,2938221.819281,6.490805
706,2,1,What is the probability that the weather will be  not typical on a random day in England?, not typical,notB,20,2938221.995243,2938230.939135,8.943892
706,2,2,If the weather in England is not normal on a random daywhat is the probability that the weather will also be typical on the same day?, typical given not normal,BgnotA,35,2938231.128690,2938240.266996,9.138306
706,2,3,What is the probability that the weather will be  not normal or not typical on a random day in England?, not normal or not typical,notAornotB,20,2938240.395470,2938251.643134,11.247664
706,2,4,If the weather in England is icy on a random daywhat is the probability that the weather will also be frosty on the same day?, frosty given icy,BgA,25,2938251.845596,2938260.690784,8.845188
706,2,5,What is the probability that the weather will be  icy and not frosty on a random day in England?, icy and not frosty,AandnotB,24,2938260.895731,2938269.674754,8.779023
706,2,6,What is the probability that the weather will be  icy or frosty on a random day in England?, icy or frosty,AorB,25,2938269.762472,2938279.938530,10.176059
706,2,7,If the weather in England is frosty on a random daywhat is the probability that the weather will also be icy on the same day?, icy given frosty,AgB,5,2938280.112626,2938290.850669,10.738043
706,2,8,What is the probability that the weather will be  icy or not frosty on a random day in England?, icy or not frosty,AornotB,20,2938291.029437,2938296.330425,5.300988
706,2,9,If the weather in England is typical on a random daywhat is the probability that the weather will also be normal on the same day?, normal given typical,AgB,80,2938296.496164,2938304.178189,7.682025
706,2,10,If the weather in England is typical on a random daywhat is the probability that the weather will also be not normal on the same day?, not normal given typical,notAgB,20,2938304.312928,2938313.538177,9.225249
706,2,11,What is the probability that the weather will be  typical and not normal on a random day in England?, typical and not normal,notAandB,50,2938313.696384,2938324.202099,10.505715
706,2,12,What is the probability that the weather will be  normal and not typical on a random day in England?, normal and not typical,AandnotB,50,2938324.379847,2938334.817860,10.438014
706,2,13,What is the probability that the weather will be  frosty or not icy on a random day in England?, frosty or not icy,notAorB,25,2938334.979974,2938338.025819,3.045845
706,2,14,What is the probability that the weather will be  normal and typical on a random day in England?, normal and typical,AandB,25,2938338.213356,2938352.273606,14.060250
706,2,15,What is the probability that the weather will be  not icy and not frosty on a random day in England?, not icy and not frosty,notAandnotB,25,2938352.463502,2938367.017437,14.553935
706,2,16,If the weather in England is frosty on a random daywhat is the probability that the weather will also be not icy on the same day?, not icy given frosty,notAgB,25,2938367.147016,2938384.977198,17.830182
706,2,17,What is the probability that the weather will be  not normal and not typical on a random day in England?, not normal and not typical,notAandnotB,20,2938385.130593,2938391.705287,6.574694
706,2,18,If the weather in England is not frosty on a random daywhat is the probability that the weather will also be not icy on the same day?, not icy given not frosty,notAgnotB,25,2938391.864026,2938403.208985,11.344959
706,2,19,What is the probability that the weather will be  icy and frosty on a random day in England?, icy and frosty,AandB,50,2938403.380800,2938407.377138,3.996338
706,2,20,If the weather in England is not frosty on a random daywhat is the probability that the weather will also be icy on the same day?, icy given not frosty,AgnotB,5,2938407.547537,2938420.528889,12.981352
706,2,21,What is the probability that the weather will be  normal on a random day in England?, normal,A,80,2938420.731017,2938429.216916,8.485899
706,2,22,What is the probability that the weather will be  typical on a random day in England?, typical,B,80,2938429.364479,2938431.744971,2.380492
706,2,23,What is the probability that the weather will be  not icy on a random day in England?, not icy,notA,25,2938431.897824,2938441.744795,9.846970
706,2,24,What is the probability that the weather will be  frosty and not icy on a random day in England?, frosty and not icy,notAandB,35,2938441.864604,2938447.952441,6.087837
706,2,25,If the weather in England is not typical on a random daywhat is the probability that the weather will also be normal on the same day?, normal given not typical,AgnotB,80,2938448.114681,2938456.208330,8.093649
706,2,26,What is the probability that the weather will be  normal or typical on a random day in England?, normal or typical,AorB,80,2938456.364803,2938463.096425,6.731622
706,2,27,If the weather in England is not icy on a random daywhat is the probability that the weather will also be frosty on the same day?, frosty given not icy,BgnotA,5,2938463.181571,2938471.368209,8.186638
706,2,28,What is the probability that the weather will be  normal or not typical on a random day in England?, normal or not typical,AornotB,80,2938471.514999,2938482.528038,11.013039
706,2,29,What is the probability that the weather will be  icy on a random day in England?, icy,A,25,2938482.681791,2938501.519970,18.838179
706,2,30,If the weather in England is not typical on a random daywhat is the probability that the weather will also be not normal on the same day?, not normal given not typical,notAgnotB,20,2938501.632039,2938517.015626,15.383587
706,2,31,If the weather in England is normal on a random daywhat is the probability that the weather will also be not typical on the same day?, not typical given normal,notBgA,20,2938517.132232,2938531.991408,14.859176
706,2,32,What is the probability that the weather will be  frosty on a random day in England?, frosty,B,25,2938532.149058,2938559.103191,26.954133
706,2,33,What is the probability that the weather will be  typical or not normal on a random day in England?, typical or not normal,notAorB,80,2938559.216087,2938567.678972,8.462885
706,2,34,If the weather in England is not normal on a random daywhat is the probability that the weather will also be not typical on the same day?, not typical given not normal,notBgnotA,20,2938567.816196,2938574.182892,6.366696
706,2,35,What is the probability that the weather will be  not icy or not frosty on a random day in England?, not icy or not frosty,notAornotB,25,2938574.266275,2938578.974922,4.708647
706,2,36,What is the probability that the weather will be  not normal on a random day in England?, not normal,notA,20,2938579.066305,2938586.206740,7.140435
706,2,37,If the weather in England is normal on a random daywhat is the probability that the weather will also be typical on the same day?, typical given normal,BgA,20,2938586.283092,2938592.038666,5.755574
706,2,38,If the weather in England is icy on a random daywhat is the probability that the weather will also be not frosty on the same day?, not frosty given icy,notBgA,5,2938592.116486,2938599.151742,7.035257
706,2,39,What is the probability that the weather will be  not frosty on a random day in England?, not frosty,notB,25,2938599.283241,2938614.646413,15.363172
706,2,40,If the weather in England is not icy on a random daywhat is the probability that the weather will also be not frosty on the same day?, not frosty given not icy,notBgnotA,25,2938614.800085,2938642.446097,27.646012
706,3,1,If the weather in England is not frosty on a random daywhat is the probability that the weather will also be icy on the same day?, icy given not frosty,AgnotB,25,2938642.617102,2938646.237997,3.620895
706,3,2,If the weather in England is typical on a random daywhat is the probability that the weather will also be not normal on the same day?, not normal given typical,notAgB,20,2938646.417175,2938652.253945,5.836770
706,3,3,What is the probability that the weather will be  not icy on a random day in England?, not icy,notA,25,2938652.450576,2938658.186332,5.735757
706,3,4,What is the probability that the weather will be  icy or not frosty on a random day in England?, icy or not frosty,AornotB,75,2938658.300622,2938663.629773,5.329150
706,3,5,If the weather in England is normal on a random daywhat is the probability that the weather will also be typical on the same day?, typical given normal,BgA,80,2938663.800693,2938671.053717,7.253023
706,3,6,What is the probability that the weather will be  typical or not normal on a random day in England?, typical or not normal,notAorB,20,2938671.234146,2938681.317569,10.083423
706,3,7,What is the probability that the weather will be  icy on a random day in England?, icy,A,20,2938681.617582,2938682.782302,1.164720
706,3,8,What is the probability that the weather will be  frosty on a random day in England?, frosty,B,25,2938683.100946,2938687.093721,3.992774
706,3,9,What is the probability that the weather will be  not typical on a random day in England?, not typical,notB,80,2938687.317677,2938694.973436,7.655759
706,3,10,What is the probability that the weather will be  icy and not frosty on a random day in England?, icy and not frosty,AandnotB,25,2938695.167766,2938700.981333,5.813567
706,3,11,If the weather in England is normal on a random daywhat is the probability that the weather will also be not typical on the same day?, not typical given normal,notBgA,20,2938701.184510,2938719.464012,18.279503
706,3,12,What is the probability that the weather will be  normal and typical on a random day in England?, normal and typical,AandB,80,2938719.768070,2938726.293031,6.524961
706,3,13,What is the probability that the weather will be  typical on a random day in England?, typical,B,80,2938726.484816,2938732.133233,5.648418
706,3,14,What is the probability that the weather will be  icy and frosty on a random day in England?, icy and frosty,AandB,50,2938732.268247,2938736.236906,3.968659
706,3,15,If the weather in England is not frosty on a random daywhat is the probability that the weather will also be not icy on the same day?, not icy given not frosty,notAgnotB,25,2938736.451605,2938739.932893,3.481288
706,3,16,What is the probability that the weather will be  normal or typical on a random day in England?, normal or typical,AorB,80,2938740.101657,2938749.436724,9.335067
706,3,17,If the weather in England is not typical on a random daywhat is the probability that the weather will also be normal on the same day?, normal given not typical,AgnotB,80,2938749.601767,2938761.396648,11.794881
706,3,18,What is the probability that the weather will be  icy or frosty on a random day in England?, icy or frosty,AorB,25,2938761.635251,2938766.532636,4.897384
706,3,19,What is the probability that the weather will be  not icy or not frosty on a random day in England?, not icy or not frosty,notAornotB,25,2938766.768654,2938774.934010,8.165356
706,3,20,What is the probability that the weather will be  normal and not typical on a random day in England?, normal and not typical,AandnotB,25,2938775.168757,2938782.004330,6.835572
706,3,21,If the weather in England is frosty on a random daywhat is the probability that the weather will also be not icy on the same day?, not icy given frosty,notAgB,25,2938782.268842,2938786.140260,3.871418
706,3,22,If the weather in England is icy on a random daywhat is the probability that the weather will also be not frosty on the same day?, not frosty given icy,notBgA,25,2938786.352221,2938788.700249,2.348028
706,3,23,What is the probability that the weather will be  frosty and not icy on a random day in England?, frosty and not icy,notAandB,25,2938788.918931,2938791.964250,3.045319
706,3,24,What is the probability that the weather will be  not normal or not typical on a random day in England?, not normal or not typical,notAornotB,80,2938792.152277,2938796.532170,4.379893
706,3,25,If the weather in England is icy on a random daywhat is the probability that the weather will also be frosty on the same day?, frosty given icy,BgA,25,2938796.735687,2938804.468052,7.732366
706,3,26,If the weather in England is typical on a random daywhat is the probability that the weather will also be normal on the same day?, normal given typical,AgB,25,2938804.702459,2938806.532043,1.829583
706,3,27,What is the probability that the weather will be  frosty or not icy on a random day in England?, frosty or not icy,notAorB,25,2938806.752490,2938808.276000,1.523509
706,3,28,If the weather in England is not normal on a random daywhat is the probability that the weather will also be typical on the same day?, typical given not normal,BgnotA,80,2938808.469179,2938812.867953,4.398775
706,3,29,What is the probability that the weather will be  not normal on a random day in England?, not normal,notA,80,2938813.035890,2938816.851905,3.816016
706,3,30,What is the probability that the weather will be  normal on a random day in England?, normal,A,80,2938817.152594,2938818.012010,0.859416
706,3,31,What is the probability that the weather will be  not icy and not frosty on a random day in England?, not icy and not frosty,notAandnotB,25,2938818.219295,2938824.491862,6.272567
706,3,32,What is the probability that the weather will be  typical and not normal on a random day in England?, typical and not normal,notAandB,80,2938824.636036,2938831.035861,6.399825
706,3,33,What is the probability that the weather will be  normal or not typical on a random day in England?, normal or not typical,AornotB,80,2938831.202761,2938835.035724,3.832963
706,3,34,If the weather in England is frosty on a random daywhat is the probability that the weather will also be icy on the same day?, icy given frosty,AgB,5,2938835.169504,2938843.283902,8.114398
706,3,35,If the weather in England is not icy on a random daywhat is the probability that the weather will also be frosty on the same day?, frosty given not icy,BgnotA,5,2938843.502941,2938846.819842,3.316901
706,3,36,If the weather in England is not normal on a random daywhat is the probability that the weather will also be not typical on the same day?, not typical given not normal,notBgnotA,5,2938846.919655,2938855.195537,8.275882
706,3,37,What is the probability that the weather will be  not frosty on a random day in England?, not frosty,notB,25,2938855.303078,2938862.699365,7.396287
706,3,38,If the weather in England is not typical on a random daywhat is the probability that the weather will also be not normal on the same day?, not normal given not typical,notAgnotB,80,2938862.936517,2938869.179277,6.242759
706,3,39,What is the probability that the weather will be  not normal and not typical on a random day in England?, not normal and not typical,notAandnotB,20,2938869.769935,2938878.939143,9.169208
706,3,40,If the weather in England is not icy on a random daywhat is the probability that the weather will also be not frosty on the same day?, not frosty given not icy,notBgnotA,5,2938879.120051,2938883.635281,4.515229
