ID,block,trial,query,querydetail,querytype,estimate,starttime,endtime,RT
701,1,1,If the weather in England is not frosty on a random daywhat is the probability that the weather will also be icy on the same day?, icy given not frosty,AgnotB,60,1216998.339786,1217014.656862,16.317076
701,1,2,If the weather in England is not icy on a random daywhat is the probability that the weather will also be not frosty on the same day?, not frosty given not icy,notBgnotA,80,1217014.722673,1217026.330844,11.608171
701,1,3,If the weather in England is not normal on a random daywhat is the probability that the weather will also be typical on the same day?, typical given not normal,BgnotA,20,1217026.522744,1217040.443406,13.920662
701,1,4,What is the probability that the weather will be  not normal and not typical on a random day in England?, not normal and not typical,notAandnotB,70,1217040.623123,1217052.331128,11.708005
701,1,5,If the weather in England is not normal on a random daywhat is the probability that the weather will also be not typical on the same day?, not typical given not normal,notBgnotA,50,1217052.489772,1217059.642922,7.153150
701,1,6,If the weather in England is not typical on a random daywhat is the probability that the weather will also be not normal on the same day?, not normal given not typical,notAgnotB,50,1217059.789773,1217068.802825,9.013053
701,1,7,What is the probability that the weather will be  normal and not typical on a random day in England?, normal and not typical,AandnotB,50,1217068.989736,1217073.850681,4.860945
701,1,8,What is the probability that the weather will be  normal on a random day in England?, normal,A,40,1217074.056016,1217083.626627,9.570611
701,1,9,What is the probability that the weather will be  frosty and not icy on a random day in England?, frosty and not icy,notAandB,75,1217083.822682,1217092.562396,8.739715
701,1,10,If the weather in England is not frosty on a random daywhat is the probability that the weather will also be not icy on the same day?, not icy given not frosty,notAgnotB,60,1217092.739334,1217105.082274,12.342940
701,1,11,What is the probability that the weather will be  normal and typical on a random day in England?, normal and typical,AandB,50,1217105.189329,1217138.617894,33.428565
701,1,12,What is the probability that the weather will be  frosty on a random day in England?, frosty,B,80,1217138.789225,1217142.745786,3.956561
701,1,13,What is the probability that the weather will be  not icy or not frosty on a random day in England?, not icy or not frosty,notAornotB,30,1217142.956280,1217149.121602,6.165322
701,1,14,What is the probability that the weather will be  not icy and not frosty on a random day in England?, not icy and not frosty,notAandnotB,30,1217149.322580,1217154.251929,4.929349
701,1,15,If the weather in England is typical on a random daywhat is the probability that the weather will also be not normal on the same day?, not normal given typical,notAgB,30,1217154.405910,1217162.577426,8.171517
701,1,16,What is the probability that the weather will be  normal or typical on a random day in England?, normal or typical,AorB,50,1217162.905896,1217167.524059,4.618163
701,1,17,What is the probability that the weather will be  icy and not frosty on a random day in England?, icy and not frosty,AandnotB,70,1217167.689594,1217176.161161,8.471567
701,1,18,What is the probability that the weather will be  icy and frosty on a random day in England?, icy and frosty,AandB,70,1217176.339231,1217180.537137,4.197906
701,1,19,If the weather in England is not icy on a random daywhat is the probability that the weather will also be frosty on the same day?, frosty given not icy,BgnotA,70,1217180.772537,1217185.889058,5.116521
701,1,20,What is the probability that the weather will be  icy or not frosty on a random day in England?, icy or not frosty,AornotB,50,1217186.189206,1217190.033148,3.843942
701,1,21,What is the probability that the weather will be  frosty or not icy on a random day in England?, frosty or not icy,notAorB,50,1217190.205861,1217194.512821,4.306959
701,1,22,If the weather in England is not typical on a random daywhat is the probability that the weather will also be normal on the same day?, normal given not typical,AgnotB,50,1217194.755859,1217202.184694,7.428835
701,1,23,What is the probability that the weather will be  typical or not normal on a random day in England?, typical or not normal,notAorB,50,1217202.305846,1217211.019293,8.713447
701,1,24,What is the probability that the weather will be  not typical on a random day in England?, not typical,notB,50,1217211.155841,1217214.192525,3.036684
701,1,25,What is the probability that the weather will be  not normal on a random day in England?, not normal,notA,50,1217214.489165,1217217.160551,2.671386
701,1,26,If the weather in England is normal on a random daywhat is the probability that the weather will also be not typical on the same day?, not typical given normal,notBgA,30,1217217.355824,1217228.568421,11.212597
701,1,27,What is the probability that the weather will be  not icy on a random day in England?, not icy,notA,30,1217228.806108,1217233.952561,5.146453
701,1,28,If the weather in England is frosty on a random daywhat is the probability that the weather will also be not icy on the same day?, not icy given frosty,notAgB,30,1217234.139453,1217241.336113,7.196660
701,1,29,What is the probability that the weather will be  icy on a random day in England?, icy,A,40,1217241.572437,1217248.864403,7.291966
701,1,30,If the weather in England is icy on a random daywhat is the probability that the weather will also be frosty on the same day?, frosty given icy,BgA,50,1217249.056113,1217255.183926,6.127813
701,1,31,What is the probability that the weather will be  icy or frosty on a random day in England?, icy or frosty,AorB,50,1217255.372729,1217257.928097,2.555368
701,1,32,What is the probability that the weather will be  typical and not normal on a random day in England?, typical and not normal,notAandB,50,1217258.172425,1217261.487800,3.315375
701,1,33,What is the probability that the weather will be  not frosty on a random day in England?, not frosty,notB,40,1217261.689087,1217269.991683,8.302596
701,1,34,What is the probability that the weather will be  not normal or not typical on a random day in England?, not normal or not typical,notAornotB,70,1217270.205735,1217276.703594,6.497858
701,1,35,If the weather in England is normal on a random daywhat is the probability that the weather will also be typical on the same day?, typical given normal,BgA,40,1217276.922388,1217283.039519,6.117131
701,1,36,If the weather in England is icy on a random daywhat is the probability that the weather will also be not frosty on the same day?, not frosty given icy,notBgA,40,1217283.272388,1217288.735690,5.463302
701,1,37,What is the probability that the weather will be  typical on a random day in England?, typical,B,80,1217288.972700,1217293.927805,4.955105
701,1,38,If the weather in England is typical on a random daywhat is the probability that the weather will also be normal on the same day?, normal given typical,AgB,70,1217294.155601,1217311.775141,17.619541
701,1,39,If the weather in England is frosty on a random daywhat is the probability that the weather will also be icy on the same day?, icy given frosty,AgB,40,1217312.005619,1217322.927046,10.921427
701,1,40,What is the probability that the weather will be  normal or not typical on a random day in England?, normal or not typical,AornotB,40,1217323.072274,1217342.086830,19.014555
701,2,1,What is the probability that the weather will be  typical or not normal on a random day in England?, typical or not normal,notAorB,40,1217342.222413,1217346.208945,3.986532
701,2,2,What is the probability that the weather will be  normal and not typical on a random day in England?, normal and not typical,AandnotB,40,1217346.472233,1217347.934375,1.462142
701,2,3,What is the probability that the weather will be  not icy or not frosty on a random day in England?, not icy or not frosty,notAornotB,50,1217348.238903,1217349.775260,1.536357
701,2,4,What is the probability that the weather will be  frosty and not icy on a random day in England?, frosty and not icy,notAandB,50,1217350.038902,1217352.214156,2.175254
701,2,5,If the weather in England is icy on a random daywhat is the probability that the weather will also be not frosty on the same day?, not frosty given icy,notBgA,20,1217352.488890,1217360.382194,7.893304
701,2,6,If the weather in England is typical on a random daywhat is the probability that the weather will also be not normal on the same day?, not normal given typical,notAgB,70,1217360.572225,1217369.678353,9.106128
701,2,7,What is the probability that the weather will be  normal or typical on a random day in England?, normal or typical,AorB,50,1217369.905550,1217374.064586,4.159036
701,2,8,What is the probability that the weather will be  icy and frosty on a random day in England?, icy and frosty,AandB,70,1217374.322205,1217378.253933,3.931728
701,2,9,What is the probability that the weather will be  not typical on a random day in England?, not typical,notB,80,1217378.488872,1217383.037836,4.548963
701,2,10,If the weather in England is not icy on a random daywhat is the probability that the weather will also be frosty on the same day?, frosty given not icy,BgnotA,20,1217383.238833,1217390.349739,7.110906
701,2,11,What is the probability that the weather will be  typical and not normal on a random day in England?, typical and not normal,notAandB,10,1217390.605507,1217396.821870,6.216363
701,2,12,What is the probability that the weather will be  frosty on a random day in England?, frosty,B,70,1217397.038833,1217400.838053,3.799219
701,2,13,If the weather in England is not frosty on a random daywhat is the probability that the weather will also be not icy on the same day?, not icy given not frosty,notAgnotB,70,1217401.088816,1217406.453497,5.364681
701,2,14,What is the probability that the weather will be  icy or frosty on a random day in England?, icy or frosty,AorB,50,1217406.705489,1217411.205551,4.500062
701,2,15,What is the probability that the weather will be  not icy on a random day in England?, not icy,notA,50,1217411.488817,1217414.981353,3.492536
701,2,16,What is the probability that the weather will be  icy on a random day in England?, icy,A,80,1217415.288807,1217419.245614,3.956807
701,2,17,If the weather in England is normal on a random daywhat is the probability that the weather will also be typical on the same day?, typical given normal,BgA,40,1217419.472120,1217425.837198,6.365078
701,2,18,What is the probability that the weather will be  normal on a random day in England?, normal,A,40,1217426.089117,1217430.029392,3.940275
701,2,19,What is the probability that the weather will be  not normal on a random day in England?, not normal,notA,50,1217430.355790,1217434.237150,3.881359
701,2,20,If the weather in England is not icy on a random daywhat is the probability that the weather will also be not frosty on the same day?, not frosty given not icy,notBgnotA,50,1217434.488758,1217445.580939,11.092181
701,2,21,If the weather in England is frosty on a random daywhat is the probability that the weather will also be not icy on the same day?, not icy given frosty,notAgB,60,1217445.889030,1217451.785844,5.896815
701,2,22,What is the probability that the weather will be  icy and not frosty on a random day in England?, icy and not frosty,AandnotB,50,1217452.122097,1217456.948809,4.826712
701,2,23,What is the probability that the weather will be  typical on a random day in England?, typical,B,40,1217457.272102,1217461.967347,4.695246
701,2,24,What is the probability that the weather will be  icy or not frosty on a random day in England?, icy or not frosty,AornotB,50,1217462.272082,1217465.799238,3.527156
701,2,25,If the weather in England is normal on a random daywhat is the probability that the weather will also be not typical on the same day?, not typical given normal,notBgA,70,1217466.072071,1217472.700505,6.628434
701,2,26,What is the probability that the weather will be  normal and typical on a random day in England?, normal and typical,AandB,70,1217472.955722,1217476.972614,4.016892
701,2,27,If the weather in England is icy on a random daywhat is the probability that the weather will also be frosty on the same day?, frosty given icy,BgA,60,1217477.205383,1217482.172333,4.966950
701,2,28,If the weather in England is not normal on a random daywhat is the probability that the weather will also be typical on the same day?, typical given not normal,BgnotA,4,1217482.455740,1217487.209569,4.753829
701,2,29,What is the probability that the weather will be  frosty or not icy on a random day in England?, frosty or not icy,notAorB,50,1217487.455360,1217492.724362,5.269002
701,2,30,If the weather in England is not typical on a random daywhat is the probability that the weather will also be not normal on the same day?, not normal given not typical,notAgnotB,60,1217492.938695,1217494.471593,1.532898
701,2,31,If the weather in England is frosty on a random daywhat is the probability that the weather will also be icy on the same day?, icy given frosty,AgB,70,1217494.738697,1217500.868073,6.129376
701,2,32,If the weather in England is not frosty on a random daywhat is the probability that the weather will also be icy on the same day?, icy given not frosty,AgnotB,20,1217501.222000,1217507.587993,6.365993
701,2,33,If the weather in England is typical on a random daywhat is the probability that the weather will also be normal on the same day?, normal given typical,AgB,80,1217507.805281,1217514.523864,6.718582
701,2,34,What is the probability that the weather will be  not frosty on a random day in England?, not frosty,notB,30,1217514.755289,1217519.899750,5.144461
701,2,35,What is the probability that the weather will be  normal or not typical on a random day in England?, normal or not typical,AornotB,40,1217520.121952,1217524.835663,4.713711
701,2,36,What is the probability that the weather will be  not icy and not frosty on a random day in England?, not icy and not frosty,notAandnotB,40,1217525.088610,1217528.611719,3.523110
701,2,37,If the weather in England is not typical on a random daywhat is the probability that the weather will also be normal on the same day?, normal given not typical,AgnotB,40,1217528.921926,1217532.758287,3.836361
701,2,38,What is the probability that the weather will be  not normal or not typical on a random day in England?, not normal or not typical,notAornotB,50,1217533.021934,1217535.675512,2.653578
701,2,39,What is the probability that the weather will be  not normal and not typical on a random day in England?, not normal and not typical,notAandnotB,80,1217535.955238,1217541.414202,5.458964
701,2,40,If the weather in England is not normal on a random daywhat is the probability that the weather will also be not typical on the same day?, not typical given not normal,notBgnotA,80,1217541.705236,1217548.779375,7.074140
701,3,1,If the weather in England is icy on a random daywhat is the probability that the weather will also be frosty on the same day?, frosty given icy,BgA,90,1217549.105416,1217556.611179,7.505763
701,3,2,What is the probability that the weather will be  normal or typical on a random day in England?, normal or typical,AorB,70,1217556.838550,1217560.547133,3.708583
701,3,3,If the weather in England is not normal on a random daywhat is the probability that the weather will also be typical on the same day?, typical given not normal,BgnotA,10,1217560.788533,1217569.275017,8.486485
701,3,4,What is the probability that the weather will be  normal and typical on a random day in England?, normal and typical,AandB,70,1217569.488572,1217575.235481,5.746909
701,3,5,What is the probability that the weather will be  normal and not typical on a random day in England?, normal and not typical,AandnotB,30,1217575.538520,1217584.690794,9.152275
701,3,6,If the weather in England is not frosty on a random daywhat is the probability that the weather will also be not icy on the same day?, not icy given not frosty,notAgnotB,90,1217584.905178,1217593.394647,8.489469
701,3,7,If the weather in England is not typical on a random daywhat is the probability that the weather will also be not normal on the same day?, not normal given not typical,notAgnotB,49,1217593.571835,1217600.490628,6.918793
701,3,8,What is the probability that the weather will be  icy or not frosty on a random day in England?, icy or not frosty,AornotB,30,1217600.721818,1217610.146415,9.424596
701,3,9,If the weather in England is not icy on a random daywhat is the probability that the weather will also be frosty on the same day?, frosty given not icy,BgnotA,50,1217610.421785,1217627.602134,17.180349
701,3,10,What is the probability that the weather will be  not normal and not typical on a random day in England?, not normal and not typical,notAandnotB,70,1217627.788435,1217632.874039,5.085603
701,3,11,What is the probability that the weather will be  not icy and not frosty on a random day in England?, not icy and not frosty,notAandnotB,40,1217633.205091,1217642.617894,9.412804
701,3,12,What is the probability that the weather will be  icy or frosty on a random day in England?, icy or frosty,AorB,80,1217642.905102,1217656.689680,13.784577
701,3,13,What is the probability that the weather will be  not normal or not typical on a random day in England?, not normal or not typical,notAornotB,70,1217656.855055,1217673.041440,16.186384
701,3,14,What is the probability that the weather will be  typical and not normal on a random day in England?, typical and not normal,notAandB,30,1217673.205404,1217678.233335,5.027931
701,3,15,If the weather in England is typical on a random daywhat is the probability that the weather will also be normal on the same day?, normal given typical,AgB,3,1217678.488351,1217683.465474,4.977123
701,3,16,What is the probability that the weather will be  not typical on a random day in England?, not typical,notB,40,1217683.755002,1217687.889205,4.134203
701,3,17,What is the probability that the weather will be  typical on a random day in England?, typical,B,40,1217688.055013,1217690.889448,2.834435
701,3,18,If the weather in England is not typical on a random daywhat is the probability that the weather will also be normal on the same day?, normal given not typical,AgnotB,50,1217690.988337,1217693.121132,2.132795
701,3,19,What is the probability that the weather will be  not icy or not frosty on a random day in England?, not icy or not frosty,notAornotB,30,1217693.288332,1217699.009031,5.720698
701,3,20,If the weather in England is normal on a random daywhat is the probability that the weather will also be typical on the same day?, typical given normal,BgA,50,1217699.304979,1217704.656916,5.351937
701,3,21,What is the probability that the weather will be  frosty and not icy on a random day in England?, frosty and not icy,notAandB,40,1217704.938321,1217721.016688,16.078366
701,3,22,If the weather in England is typical on a random daywhat is the probability that the weather will also be not normal on the same day?, not normal given typical,notAgB,90,1217721.221617,1217726.576590,5.354973
701,3,23,What is the probability that the weather will be  not frosty on a random day in England?, not frosty,notB,50,1217726.688288,1217730.720582,4.032295
701,3,24,If the weather in England is frosty on a random daywhat is the probability that the weather will also be icy on the same day?, icy given frosty,AgB,50,1217730.988686,1217732.080540,1.091854
701,3,25,What is the probability that the weather will be  not normal on a random day in England?, not normal,notA,70,1217732.371615,1217738.032429,5.660814
701,3,26,What is the probability that the weather will be  frosty or not icy on a random day in England?, frosty or not icy,notAorB,34,1217738.321598,1217746.488307,8.166710
701,3,27,What is the probability that the weather will be  frosty on a random day in England?, frosty,B,40,1217746.721579,1217751.680429,4.958850
701,3,28,What is the probability that the weather will be  icy on a random day in England?, icy,A,70,1217752.038595,1217757.496373,5.457778
701,3,29,What is the probability that the weather will be  not icy on a random day in England?, not icy,notA,30,1217757.804908,1217763.928034,6.123126
701,3,30,If the weather in England is icy on a random daywhat is the probability that the weather will also be not frosty on the same day?, not frosty given icy,notBgA,50,1217764.188238,1217771.250648,7.062411
701,3,31,If the weather in England is not frosty on a random daywhat is the probability that the weather will also be icy on the same day?, icy given not frosty,AgnotB,50,1217771.538206,1217773.538298,2.000092
701,3,32,If the weather in England is normal on a random daywhat is the probability that the weather will also be not typical on the same day?, not typical given normal,notBgA,40,1217773.788210,1217777.959789,4.171579
701,3,33,If the weather in England is frosty on a random daywhat is the probability that the weather will also be not icy on the same day?, not icy given frosty,notAgB,50,1217778.204875,1217782.178267,3.973392
701,3,34,What is the probability that the weather will be  icy and frosty on a random day in England?, icy and frosty,AandB,60,1217782.455229,1217785.015710,2.560481
701,3,35,What is the probability that the weather will be  icy and not frosty on a random day in England?, icy and not frosty,AandnotB,50,1217785.255220,1217788.359622,3.104402
701,3,36,What is the probability that the weather will be  normal or not typical on a random day in England?, normal or not typical,AornotB,50,1217788.638537,1217789.471657,0.833120
701,3,37,If the weather in England is not icy on a random daywhat is the probability that the weather will also be not frosty on the same day?, not frosty given not icy,notBgnotA,50,1217789.738187,1217795.823541,6.085354
701,3,38,If the weather in England is not normal on a random daywhat is the probability that the weather will also be not typical on the same day?, not typical given not normal,notBgnotA,50,1217796.071499,1217799.023481,2.951983
701,3,39,What is the probability that the weather will be  typical or not normal on a random day in England?, typical or not normal,notAorB,60,1217799.238185,1217802.039407,2.801222
701,3,40,What is the probability that the weather will be  normal on a random day in England?, normal,A,20,1217802.304840,1217808.266521,5.961681
