ID,block,trial,query,querydetail,querytype,estimate,starttime,endtime,RT
4,1,1,What is the probability that the weather will be  typical and not normal on a random day in England?, typical and not normal,notAandB,30,89401.294097,89485.482949,84.188852
4,1,2,If the weather in England is not normal on a random daywhat is the probability that the weather will also be typical on the same day?, typical given not normal,BgnotA,10,89485.677739,89552.080541,66.402802
4,1,3,What is the probability that the weather will be  frosty and not icy on a random day in England?, frosty and not icy,notAandB,40,89552.194539,89580.113077,27.918538
4,1,4,What is the probability that the weather will be  icy and not frosty on a random day in England?, icy and not frosty,AandnotB,15,89580.294583,89594.344489,14.049906
4,1,5,What is the probability that the weather will be  not normal and not typical on a random day in England?, not normal and not typical,notAandnotB,5,89594.494346,89618.357562,23.863216
4,1,6,What is the probability that the weather will be  icy or not frosty on a random day in England?, icy or not frosty,AornotB,80,89618.477862,89662.463468,43.985606
4,1,7,What is the probability that the weather will be  normal or not typical on a random day in England?, normal or not typical,AornotB,75,89662.644406,89673.558062,10.913656
4,1,8,What is the probability that the weather will be  normal and typical on a random day in England?, normal and typical,AandB,85,89673.710721,89700.885543,27.174822
4,1,9,What is the probability that the weather will be  not normal or not typical on a random day in England?, not normal or not typical,notAornotB,50,89701.044102,89723.436995,22.392893
4,1,10,What is the probability that the weather will be  frosty or not icy on a random day in England?, frosty or not icy,notAorB,20,89723.560801,89762.580033,39.019233
4,1,11,What is the probability that the weather will be  not icy or not frosty on a random day in England?, not icy or not frosty,notAornotB,80,89762.777522,89777.379693,14.602170
4,1,12,If the weather in England is not typical on a random daywhat is the probability that the weather will also be normal on the same day?, normal given not typical,AgnotB,30,89777.544646,89799.451245,21.906598
4,1,13,What is the probability that the weather will be  not typical on a random day in England?, not typical,notB,10,89799.544224,89819.810797,20.266574
4,1,14,What is the probability that the weather will be  not icy on a random day in England?, not icy,notA,10,89819.944240,89841.370259,21.426019
4,1,15,What is the probability that the weather will be  not frosty on a random day in England?, not frosty,notB,70,89841.727590,89857.913766,16.186176
4,1,16,If the weather in England is normal on a random daywhat is the probability that the weather will also be not typical on the same day?, not typical given normal,notBgA,1,89858.027739,89891.769170,33.741431
4,1,17,What is the probability that the weather will be  icy or frosty on a random day in England?, icy or frosty,AorB,15,89891.911015,89900.065000,8.153986
4,1,18,If the weather in England is not frosty on a random daywhat is the probability that the weather will also be icy on the same day?, icy given not frosty,AgnotB,6,89900.794329,89914.179178,13.384849
4,1,19,What is the probability that the weather will be  normal and not typical on a random day in England?, normal and not typical,AandnotB,2,89914.344364,89956.871425,42.527061
4,1,20,What is the probability that the weather will be  icy and frosty on a random day in England?, icy and frosty,AandB,10,89957.027747,89996.726458,39.698710
4,1,21,If the weather in England is not icy on a random daywhat is the probability that the weather will also be not frosty on the same day?, not frosty given not icy,notBgnotA,70,89996.861733,90021.997731,25.135998
4,1,22,What is the probability that the weather will be  normal on a random day in England?, normal,A,85,90022.261636,90049.029398,26.767762
4,1,23,If the weather in England is not normal on a random daywhat is the probability that the weather will also be not typical on the same day?, not typical given not normal,notBgnotA,5,90049.161844,90082.140260,32.978415
4,1,24,If the weather in England is normal on a random daywhat is the probability that the weather will also be typical on the same day?, typical given normal,BgA,90,90082.294616,90094.292160,11.997545
4,1,25,If the weather in England is typical on a random daywhat is the probability that the weather will also be normal on the same day?, normal given typical,AgB,90,90094.444579,90100.395838,5.951259
4,1,26,If the weather in England is icy on a random daywhat is the probability that the weather will also be frosty on the same day?, frosty given icy,BgA,60,90100.544590,90111.619617,11.075027
4,1,27,If the weather in England is typical on a random daywhat is the probability that the weather will also be not normal on the same day?, not normal given typical,notAgB,10,90111.794625,90116.643573,4.848949
4,1,28,If the weather in England is not typical on a random daywhat is the probability that the weather will also be not normal on the same day?, not normal given not typical,notAgnotB,30,90116.827955,90149.554699,32.726744
4,1,29,If the weather in England is not frosty on a random daywhat is the probability that the weather will also be not icy on the same day?, not icy given not frosty,notAgnotB,40,90149.694662,90154.226549,4.531887
4,1,30,What is the probability that the weather will be  typical or not normal on a random day in England?, typical or not normal,notAorB,80,90154.361333,90183.753898,29.392565
4,1,31,If the weather in England is frosty on a random daywhat is the probability that the weather will also be icy on the same day?, icy given frosty,AgB,40,90183.944707,90192.113896,8.169189
4,1,32,What is the probability that the weather will be  normal or typical on a random day in England?, normal or typical,AorB,90,90192.244725,90226.032859,33.788134
4,1,33,What is the probability that the weather will be  frosty on a random day in England?, frosty,B,15,90226.178093,90247.736624,21.558531
4,1,34,What is the probability that the weather will be  not normal on a random day in England?, not normal,notA,10,90247.961454,90253.912200,5.950746
4,1,35,If the weather in England is icy on a random daywhat is the probability that the weather will also be not frosty on the same day?, not frosty given icy,notBgA,5,90254.111505,90262.152086,8.040581
4,1,36,What is the probability that the weather will be  typical on a random day in England?, typical,B,85,90262.394801,90268.871884,6.477083
4,1,37,If the weather in England is frosty on a random daywhat is the probability that the weather will also be not icy on the same day?, not icy given frosty,notAgB,15,90269.044818,90276.135631,7.090813
4,1,38,If the weather in England is not icy on a random daywhat is the probability that the weather will also be frosty on the same day?, frosty given not icy,BgnotA,20,90276.378146,90307.535598,31.157452
4,1,39,What is the probability that the weather will be  icy on a random day in England?, icy,A,10,90307.712130,90314.718824,7.006694
4,1,40,What is the probability that the weather will be  not icy and not frosty on a random day in England?, not icy and not frosty,notAandnotB,60,90314.795476,90335.678052,20.882576
4,2,1,What is the probability that the weather will be  normal and not typical on a random day in England?, normal and not typical,AandnotB,6,90335.811722,90351.389958,15.578236
4,2,2,What is the probability that the weather will be  frosty and not icy on a random day in England?, frosty and not icy,notAandB,7,90351.628250,90388.381722,36.753472
4,2,3,What is the probability that the weather will be  typical and not normal on a random day in England?, typical and not normal,notAandB,8,90388.511631,90397.068779,8.557149
4,2,4,If the weather in England is icy on a random daywhat is the probability that the weather will also be frosty on the same day?, frosty given icy,BgA,40,90397.178707,90429.619988,32.441281
4,2,5,If the weather in England is icy on a random daywhat is the probability that the weather will also be not frosty on the same day?, not frosty given icy,notBgA,10,90429.845007,90438.939798,9.094791
4,2,6,What is the probability that the weather will be  normal on a random day in England?, normal,A,90,90439.078356,90445.627697,6.549341
4,2,7,What is the probability that the weather will be  not icy on a random day in England?, not icy,notA,80,90445.761758,90452.531480,6.769722
4,2,8,If the weather in England is not frosty on a random daywhat is the probability that the weather will also be not icy on the same day?, not icy given not frosty,notAgnotB,70,90452.695181,90457.851218,5.156036
4,2,9,What is the probability that the weather will be  not normal and not typical on a random day in England?, not normal and not typical,notAandnotB,10,90458.011688,90467.515123,9.503435
4,2,10,What is the probability that the weather will be  icy or not frosty on a random day in England?, icy or not frosty,AornotB,60,90467.645049,90476.290754,8.645705
4,2,11,If the weather in England is not normal on a random daywhat is the probability that the weather will also be typical on the same day?, typical given not normal,BgnotA,10,90476.511814,90487.466576,10.954761
4,2,12,What is the probability that the weather will be  not icy and not frosty on a random day in England?, not icy and not frosty,notAandnotB,50,90487.595070,90514.321892,26.726822
4,2,13,What is the probability that the weather will be  frosty or not icy on a random day in England?, frosty or not icy,notAorB,40,90514.479048,90526.833550,12.354502
4,2,14,If the weather in England is normal on a random daywhat is the probability that the weather will also be typical on the same day?, typical given normal,BgA,70,90526.945720,90537.689325,10.743605
4,2,15,If the weather in England is not typical on a random daywhat is the probability that the weather will also be normal on the same day?, normal given not typical,AgnotB,10,90537.845755,90542.713154,4.867399
4,2,16,What is the probability that the weather will be  typical or not normal on a random day in England?, typical or not normal,notAorB,80,90542.829092,90560.968881,18.139788
4,2,17,What is the probability that the weather will be  normal or typical on a random day in England?, normal or typical,AorB,90,90561.212212,90568.824689,7.612476
4,2,18,What is the probability that the weather will be  not normal on a random day in England?, not normal,notA,10,90569.028516,90575.728464,6.699948
4,2,19,What is the probability that the weather will be  not normal or not typical on a random day in England?, not normal or not typical,notAornotB,20,90575.895198,90594.927864,19.032666
4,2,20,What is the probability that the weather will be  icy or frosty on a random day in England?, icy or frosty,AorB,20,90595.095211,90601.375651,6.280441
4,2,21,If the weather in England is not icy on a random daywhat is the probability that the weather will also be not frosty on the same day?, not frosty given not icy,notBgnotA,70,90601.545222,90626.127072,24.581851
4,2,22,If the weather in England is not frosty on a random daywhat is the probability that the weather will also be icy on the same day?, icy given not frosty,AgnotB,10,90626.278593,90634.767037,8.488444
4,2,23,If the weather in England is normal on a random daywhat is the probability that the weather will also be not typical on the same day?, not typical given normal,notBgA,10,90634.928972,90643.558670,8.629698
4,2,24,What is the probability that the weather will be  frosty on a random day in England?, frosty,B,10,90643.811947,90651.446928,7.634981
4,2,25,If the weather in England is typical on a random daywhat is the probability that the weather will also be normal on the same day?, normal given typical,AgB,70,90651.628923,90661.206286,9.577363
4,2,26,What is the probability that the weather will be  icy on a random day in England?, icy,A,10,90661.379249,90673.790178,12.410929
4,2,27,If the weather in England is typical on a random daywhat is the probability that the weather will also be not normal on the same day?, not normal given typical,notAgB,15,90673.912583,90685.709675,11.797092
4,2,28,If the weather in England is frosty on a random daywhat is the probability that the weather will also be not icy on the same day?, not icy given frosty,notAgB,10,90685.812006,90691.565491,5.753485
4,2,29,What is the probability that the weather will be  typical on a random day in England?, typical,B,85,90691.695351,90697.472654,5.777303
4,2,30,If the weather in England is not icy on a random daywhat is the probability that the weather will also be frosty on the same day?, frosty given not icy,BgnotA,10,90697.662029,90708.133170,10.471140
4,2,31,What is the probability that the weather will be  not typical on a random day in England?, not typical,notB,5,90708.262046,90717.797393,9.535347
4,2,32,What is the probability that the weather will be  normal and typical on a random day in England?, normal and typical,AandB,90,90717.962053,90725.332272,7.370219
4,2,33,If the weather in England is not normal on a random daywhat is the probability that the weather will also be not typical on the same day?, not typical given not normal,notBgnotA,20,90725.495388,90742.044261,16.548874
4,2,34,What is the probability that the weather will be  not frosty on a random day in England?, not frosty,notB,70,90742.212096,90746.852186,4.640090
4,2,35,If the weather in England is frosty on a random daywhat is the probability that the weather will also be icy on the same day?, icy given frosty,AgB,20,90747.028759,90756.595938,9.567179
4,2,36,What is the probability that the weather will be  icy and not frosty on a random day in England?, icy and not frosty,AandnotB,6,90756.828778,90761.699812,4.871034
4,2,37,If the weather in England is not typical on a random daywhat is the probability that the weather will also be not normal on the same day?, not normal given not typical,notAgnotB,10,90761.862733,90774.155527,12.292794
4,2,38,What is the probability that the weather will be  normal or not typical on a random day in England?, normal or not typical,AornotB,8,90774.295465,90779.131410,4.835945
4,2,39,What is the probability that the weather will be  icy and frosty on a random day in England?, icy and frosty,AandB,10,90779.245468,90788.187202,8.941733
4,2,40,What is the probability that the weather will be  not icy or not frosty on a random day in England?, not icy or not frosty,notAornotB,80,90788.295476,90795.466979,7.171503
4,3,1,If the weather in England is icy on a random daywhat is the probability that the weather will also be not frosty on the same day?, not frosty given icy,notBgA,10,90795.595678,90806.930798,11.335121
4,3,2,If the weather in England is normal on a random daywhat is the probability that the weather will also be typical on the same day?, typical given normal,BgA,80,90807.062748,90812.162567,5.099819
4,3,3,What is the probability that the weather will be  icy or frosty on a random day in England?, icy or frosty,AorB,25,90812.395502,90818.914078,6.518576
4,3,4,If the weather in England is typical on a random daywhat is the probability that the weather will also be not normal on the same day?, not normal given typical,notAgB,10,90819.028844,90825.450261,6.421417
4,3,5,If the weather in England is not icy on a random daywhat is the probability that the weather will also be frosty on the same day?, frosty given not icy,BgnotA,10,90825.628851,90828.802175,3.173325
4,3,6,What is the probability that the weather will be  icy and not frosty on a random day in England?, icy and not frosty,AandnotB,10,90828.945528,90832.242100,3.296573
4,3,7,What is the probability that the weather will be  typical or not normal on a random day in England?, typical or not normal,notAorB,50,90832.378871,90857.497554,25.118683
4,3,8,What is the probability that the weather will be  normal or not typical on a random day in England?, normal or not typical,AornotB,60,90857.595569,90861.513370,3.917801
4,3,9,What is the probability that the weather will be  not normal or not typical on a random day in England?, not normal or not typical,notAornotB,20,90861.628903,90865.265287,3.636383
4,3,10,What is the probability that the weather will be  not icy or not frosty on a random day in England?, not icy or not frosty,notAornotB,70,90865.412256,90869.697221,4.284965
4,3,11,What is the probability that the weather will be  icy or not frosty on a random day in England?, icy or not frosty,AornotB,30,90869.812252,90877.920993,8.108741
4,3,12,What is the probability that the weather will be  normal on a random day in England?, normal,A,85,90878.045599,90885.489645,7.444045
4,3,13,What is the probability that the weather will be  normal and typical on a random day in England?, normal and typical,AandB,80,90885.678946,90902.304443,16.625498
4,3,14,If the weather in England is normal on a random daywhat is the probability that the weather will also be not typical on the same day?, not typical given normal,notBgA,34,90902.462287,90908.360317,5.898030
4,3,15,What is the probability that the weather will be  not normal and not typical on a random day in England?, not normal and not typical,notAandnotB,10,90908.629396,90922.967913,14.338518
4,3,16,If the weather in England is typical on a random daywhat is the probability that the weather will also be normal on the same day?, normal given typical,AgB,50,90923.112304,90928.247798,5.135495
4,3,17,What is the probability that the weather will be  frosty or not icy on a random day in England?, frosty or not icy,notAorB,20,90928.512337,90932.879324,4.366987
4,3,18,What is the probability that the weather will be  normal and not typical on a random day in England?, normal and not typical,AandnotB,8,90933.029004,90939.623725,6.594721
4,3,19,What is the probability that the weather will be  normal or typical on a random day in England?, normal or typical,AorB,90,90939.779586,90943.567465,3.787879
4,3,20,What is the probability that the weather will be  typical and not normal on a random day in England?, typical and not normal,notAandB,10,90943.662943,90950.815247,7.152305
4,3,21,If the weather in England is not typical on a random daywhat is the probability that the weather will also be not normal on the same day?, not normal given not typical,notAgnotB,30,90950.946133,90958.511152,7.565019
4,3,22,If the weather in England is not normal on a random daywhat is the probability that the weather will also be not typical on the same day?, not typical given not normal,notBgnotA,10,90958.629462,90964.206940,5.577478
4,3,23,What is the probability that the weather will be  icy and frosty on a random day in England?, icy and frosty,AandB,15,90964.312339,90973.670694,9.358355
4,3,24,What is the probability that the weather will be  icy on a random day in England?, icy,A,10,90973.795709,90977.830869,4.035160
4,3,25,If the weather in England is not icy on a random daywhat is the probability that the weather will also be not frosty on the same day?, not frosty given not icy,notBgnotA,70,90977.995703,90982.599021,4.603317
4,3,26,What is the probability that the weather will be  typical on a random day in England?, typical,B,85,90982.745732,90986.558926,3.813193
4,3,27,What is the probability that the weather will be  not icy and not frosty on a random day in England?, not icy and not frosty,notAandnotB,40,90986.679064,91014.901690,28.222625
4,3,28,What is the probability that the weather will be  frosty and not icy on a random day in England?, frosty and not icy,notAandB,20,91015.045766,91018.797607,3.751841
4,3,29,If the weather in England is not frosty on a random daywhat is the probability that the weather will also be icy on the same day?, icy given not frosty,AgnotB,10,91018.962437,91024.077612,5.115176
4,3,30,If the weather in England is not typical on a random daywhat is the probability that the weather will also be normal on the same day?, normal given not typical,AgnotB,10,91024.262437,91033.200898,8.938462
4,3,31,If the weather in England is not frosty on a random daywhat is the probability that the weather will also be not icy on the same day?, not icy given not frosty,notAgnotB,8,91033.362480,91041.453321,8.090841
4,3,32,If the weather in England is frosty on a random daywhat is the probability that the weather will also be not icy on the same day?, not icy given frosty,notAgB,6,91041.645795,91047.221267,5.575472
4,3,33,What is the probability that the weather will be  not icy on a random day in England?, not icy,notA,70,91047.362480,91055.436794,8.074314
4,3,34,If the weather in England is frosty on a random daywhat is the probability that the weather will also be icy on the same day?, icy given frosty,AgB,30,91055.546393,91062.868580,7.322187
4,3,35,If the weather in England is not normal on a random daywhat is the probability that the weather will also be typical on the same day?, typical given not normal,BgnotA,10,91063.079150,91068.828393,5.749243
4,3,36,What is the probability that the weather will be  not frosty on a random day in England?, not frosty,notB,70,91068.995850,91078.988170,9.992320
4,3,37,If the weather in England is icy on a random daywhat is the probability that the weather will also be frosty on the same day?, frosty given icy,BgA,15,91079.129802,91088.715919,9.586116
4,3,38,What is the probability that the weather will be  not normal on a random day in England?, not normal,notA,15,91088.829215,91094.275849,5.446634
4,3,39,What is the probability that the weather will be  frosty on a random day in England?, frosty,B,15,91094.379204,91104.876009,10.496805
4,3,40,What is the probability that the weather will be  not typical on a random day in England?, not typical,notB,15,91104.979215,91114.131332,9.152117
