ID,block,trial,query,querydetail,querytype,estimate,starttime,endtime,RT
201,1,1,If the weather in England is not typical on a random daywhat is the probability that the weather will also be not normal on the same day?, not normal given not typical,notAgnotB,75,1128608.884788,1128624.160306,15.275518
201,1,2,If the weather in England is typical on a random daywhat is the probability that the weather will also be normal on the same day?, normal given typical,AgB,21,1128624.334759,1128644.185000,19.850241
201,1,3,What is the probability that the weather will be  not normal on a random day in England?, not normal,notA,12,1128644.351359,1128662.674883,18.323524
201,1,4,If the weather in England is normal on a random daywhat is the probability that the weather will also be typical on the same day?, typical given normal,BgA,30,1128662.801061,1128680.418561,17.617500
201,1,5,What is the probability that the weather will be  frosty on a random day in England?, frosty,B,50,1128680.584638,1128689.530361,8.945723
201,1,6,What is the probability that the weather will be  frosty or not icy on a random day in England?, frosty or not icy,notAorB,50,1128689.667972,1128695.290294,5.622322
201,1,7,What is the probability that the weather will be  not icy on a random day in England?, not icy,notA,50,1128695.384362,1128703.306148,7.921786
201,1,8,What is the probability that the weather will be  icy and not frosty on a random day in England?, icy and not frosty,AandnotB,45,1128703.434307,1128710.418099,6.983792
201,1,9,What is the probability that the weather will be  typical or not normal on a random day in England?, typical or not normal,notAorB,60,1128710.517976,1128717.761874,7.243899
201,1,10,What is the probability that the weather will be  not frosty on a random day in England?, not frosty,notB,50,1128717.884316,1128723.857865,5.973550
201,1,11,What is the probability that the weather will be  typical on a random day in England?, typical,B,45,1128723.951223,1128729.385890,5.434666
201,1,12,If the weather in England is frosty on a random daywhat is the probability that the weather will also be icy on the same day?, icy given frosty,AgB,2,1128729.551249,1128740.766816,11.215567
201,1,13,If the weather in England is not frosty on a random daywhat is the probability that the weather will also be not icy on the same day?, not icy given not frosty,notAgnotB,25,1128740.901234,1128751.497486,10.596251
201,1,14,What is the probability that the weather will be  not icy or not frosty on a random day in England?, not icy or not frosty,notAornotB,50,1128751.584244,1128757.537244,5.953001
201,1,15,What is the probability that the weather will be  not normal or not typical on a random day in England?, not normal or not typical,notAornotB,50,1128757.617560,1128764.817255,7.199695
201,1,16,What is the probability that the weather will be  icy and frosty on a random day in England?, icy and frosty,AandB,21,1128764.917870,1128771.625057,6.707186
201,1,17,What is the probability that the weather will be  not typical on a random day in England?, not typical,notB,60,1128771.734496,1128784.512929,12.778433
201,1,18,If the weather in England is icy on a random daywhat is the probability that the weather will also be not frosty on the same day?, not frosty given icy,notBgA,50,1128784.634466,1128791.560749,6.926283
201,1,19,What is the probability that the weather will be  not normal and not typical on a random day in England?, not normal and not typical,notAandnotB,50,1128791.684499,1128796.145002,4.460503
201,1,20,What is the probability that the weather will be  typical and not normal on a random day in England?, typical and not normal,notAandB,70,1128796.250886,1128801.352626,5.101740
201,1,21,What is the probability that the weather will be  icy or frosty on a random day in England?, icy or frosty,AorB,30,1128801.484422,1128810.696508,9.212086
201,1,22,If the weather in England is not normal on a random daywhat is the probability that the weather will also be not typical on the same day?, not typical given not normal,notBgnotA,50,1128810.951079,1128818.880396,7.929317
201,1,23,What is the probability that the weather will be  normal on a random day in England?, normal,A,25,1128819.001079,1128828.520627,9.519548
201,1,24,What is the probability that the weather will be  not icy and not frosty on a random day in England?, not icy and not frosty,notAandnotB,60,1128828.617507,1128833.152271,4.534764
201,1,25,If the weather in England is normal on a random daywhat is the probability that the weather will also be not typical on the same day?, not typical given normal,notBgA,75,1128833.250825,1128839.472059,6.221234
201,1,26,What is the probability that the weather will be  normal or not typical on a random day in England?, normal or not typical,AornotB,50,1128839.551066,1128844.912240,5.361174
201,1,27,If the weather in England is not icy on a random daywhat is the probability that the weather will also be not frosty on the same day?, not frosty given not icy,notBgnotA,50,1128844.983910,1128854.463867,9.479957
201,1,28,If the weather in England is not typical on a random daywhat is the probability that the weather will also be normal on the same day?, normal given not typical,AgnotB,30,1128854.600790,1128858.031832,3.431043
201,1,29,What is the probability that the weather will be  icy on a random day in England?, icy,A,45,1128858.184339,1128863.008036,4.823697
201,1,30,If the weather in England is not normal on a random daywhat is the probability that the weather will also be typical on the same day?, typical given not normal,BgnotA,12,1128863.134372,1128868.959601,5.825229
201,1,31,What is the probability that the weather will be  normal or typical on a random day in England?, normal or typical,AorB,50,1128869.050773,1128873.895611,4.844838
201,1,32,What is the probability that the weather will be  normal and not typical on a random day in England?, normal and not typical,AandnotB,50,1128874.017436,1128878.815468,4.798033
201,1,33,If the weather in England is not frosty on a random daywhat is the probability that the weather will also be icy on the same day?, icy given not frosty,AgnotB,2,1128878.917677,1128884.303780,5.386103
201,1,34,What is the probability that the weather will be  frosty and not icy on a random day in England?, frosty and not icy,notAandB,12,1128884.400739,1128890.895404,6.494665
201,1,35,If the weather in England is frosty on a random daywhat is the probability that the weather will also be not icy on the same day?, not icy given frosty,notAgB,12,1128890.950940,1128897.759169,6.808229
201,1,36,If the weather in England is icy on a random daywhat is the probability that the weather will also be frosty on the same day?, frosty given icy,BgA,50,1128897.934281,1128904.551152,6.616871
201,1,37,What is the probability that the weather will be  normal and typical on a random day in England?, normal and typical,AandB,50,1128904.634065,1128910.263098,5.629033
201,1,38,If the weather in England is not icy on a random daywhat is the probability that the weather will also be frosty on the same day?, frosty given not icy,BgnotA,45,1128910.367352,1128915.382892,5.015540
201,1,39,What is the probability that the weather will be  icy or not frosty on a random day in England?, icy or not frosty,AornotB,25,1128915.484230,1128919.886908,4.402678
201,1,40,If the weather in England is typical on a random daywhat is the probability that the weather will also be not normal on the same day?, not normal given typical,notAgB,12,1128920.017341,1128927.166730,7.149389
201,2,1,What is the probability that the weather will be  not icy or not frosty on a random day in England?, not icy or not frosty,notAornotB,40,1128927.317507,1128932.966653,5.649147
201,2,2,What is the probability that the weather will be  icy and frosty on a random day in England?, icy and frosty,AandB,60,1128933.067522,1128937.854583,4.787061
201,2,3,What is the probability that the weather will be  not icy on a random day in England?, not icy,notA,50,1128937.983998,1128943.030344,5.046345
201,2,4,If the weather in England is not normal on a random daywhat is the probability that the weather will also be typical on the same day?, typical given not normal,BgnotA,50,1128943.117534,1128948.206259,5.088725
201,2,5,If the weather in England is frosty on a random daywhat is the probability that the weather will also be not icy on the same day?, not icy given frosty,notAgB,50,1128948.317305,1128954.022430,5.705126
201,2,6,What is the probability that the weather will be  normal or typical on a random day in England?, normal or typical,AorB,60,1128954.150630,1128960.358298,6.207668
201,2,7,If the weather in England is frosty on a random daywhat is the probability that the weather will also be icy on the same day?, icy given frosty,AgB,35,1128960.450614,1128966.661995,6.211381
201,2,8,What is the probability that the weather will be  icy or frosty on a random day in England?, icy or frosty,AorB,50,1128966.750877,1128976.229940,9.479063
201,2,9,What is the probability that the weather will be  normal and not typical on a random day in England?, normal and not typical,AandnotB,50,1128976.317255,1128988.037650,11.720396
201,2,10,If the weather in England is not frosty on a random daywhat is the probability that the weather will also be not icy on the same day?, not icy given not frosty,notAgnotB,50,1128988.133884,1128994.765558,6.631675
201,2,11,What is the probability that the weather will be  not normal and not typical on a random day in England?, not normal and not typical,notAandnotB,50,1128994.850550,1129016.229329,21.378779
201,2,12,What is the probability that the weather will be  typical or not normal on a random day in England?, typical or not normal,notAorB,50,1129016.350515,1129020.053135,3.702621
201,2,13,If the weather in England is not normal on a random daywhat is the probability that the weather will also be not typical on the same day?, not typical given not normal,notBgnotA,45,1129020.167152,1129026.005066,5.837914
201,2,14,If the weather in England is typical on a random daywhat is the probability that the weather will also be not normal on the same day?, not normal given typical,notAgB,30,1129026.100492,1129030.717127,4.616635
201,2,15,What is the probability that the weather will be  not frosty on a random day in England?, not frosty,notB,50,1129030.850721,1129033.709079,2.858358
201,2,16,What is the probability that the weather will be  frosty and not icy on a random day in England?, frosty and not icy,notAandB,50,1129033.800494,1129037.204905,3.404412
201,2,17,What is the probability that the weather will be  normal or not typical on a random day in England?, normal or not typical,AornotB,50,1129037.367356,1129041.524830,4.157475
201,2,18,What is the probability that the weather will be  icy or not frosty on a random day in England?, icy or not frosty,AornotB,45,1129041.617154,1129045.212777,3.595624
201,2,19,What is the probability that the weather will be  icy on a random day in England?, icy,A,25,1129045.317134,1129048.957172,3.640038
201,2,20,If the weather in England is normal on a random daywhat is the probability that the weather will also be typical on the same day?, typical given normal,BgA,45,1129049.084023,1129056.612592,7.528570
201,2,21,If the weather in England is not typical on a random daywhat is the probability that the weather will also be normal on the same day?, normal given not typical,AgnotB,25,1129056.684043,1129064.556475,7.872432
201,2,22,What is the probability that the weather will be  not icy and not frosty on a random day in England?, not icy and not frosty,notAandnotB,50,1129064.650658,1129069.908379,5.257721
201,2,23,What is the probability that the weather will be  normal and typical on a random day in England?, normal and typical,AandB,45,1129069.983989,1129071.708356,1.724368
201,2,24,What is the probability that the weather will be  not typical on a random day in England?, not typical,notB,62,1129071.800628,1129075.060322,3.259694
201,2,25,What is the probability that the weather will be  typical and not normal on a random day in England?, typical and not normal,notAandB,50,1129075.150679,1129078.532245,3.381566
201,2,26,If the weather in England is icy on a random daywhat is the probability that the weather will also be frosty on the same day?, frosty given icy,BgA,55,1129078.633743,1129081.412256,2.778512
201,2,27,What is the probability that the weather will be  typical on a random day in England?, typical,B,80,1129081.500636,1129086.188447,4.687811
201,2,28,If the weather in England is not typical on a random daywhat is the probability that the weather will also be not normal on the same day?, not normal given not typical,notAgnotB,70,1129086.300647,1129088.676165,2.375518
201,2,29,If the weather in England is normal on a random daywhat is the probability that the weather will also be not typical on the same day?, not typical given normal,notBgA,50,1129088.750390,1129091.964049,3.213659
201,2,30,What is the probability that the weather will be  frosty on a random day in England?, frosty,B,67,1129092.050389,1129095.068307,3.017918
201,2,31,If the weather in England is not icy on a random daywhat is the probability that the weather will also be not frosty on the same day?, not frosty given not icy,notBgnotA,50,1129095.167257,1129099.467990,4.300732
201,2,32,If the weather in England is not icy on a random daywhat is the probability that the weather will also be frosty on the same day?, frosty given not icy,BgnotA,50,1129099.550592,1129103.051890,3.501298
201,2,33,If the weather in England is not frosty on a random daywhat is the probability that the weather will also be icy on the same day?, icy given not frosty,AgnotB,25,1129103.167253,1129108.715827,5.548574
201,2,34,If the weather in England is typical on a random daywhat is the probability that the weather will also be normal on the same day?, normal given typical,AgB,50,1129108.800588,1129111.467766,2.667178
201,2,35,What is the probability that the weather will be  frosty or not icy on a random day in England?, frosty or not icy,notAorB,65,1129111.567026,1129113.483743,1.916717
201,2,36,What is the probability that the weather will be  not normal on a random day in England?, not normal,notA,80,1129113.567029,1129119.363650,5.796620
201,2,37,What is the probability that the weather will be  icy and not frosty on a random day in England?, icy and not frosty,AandnotB,80,1129119.467002,1129123.827569,4.360567
201,2,38,If the weather in England is icy on a random daywhat is the probability that the weather will also be not frosty on the same day?, not frosty given icy,notBgA,65,1129123.933894,1129133.883428,9.949534
201,2,39,What is the probability that the weather will be  not normal or not typical on a random day in England?, not normal or not typical,notAornotB,85,1129133.983895,1129139.515361,5.531467
201,2,40,What is the probability that the weather will be  normal on a random day in England?, normal,A,50,1129139.600310,1129143.795697,4.195387
201,3,1,If the weather in England is frosty on a random daywhat is the probability that the weather will also be icy on the same day?, icy given frosty,AgB,56,1129143.917170,1129150.795173,6.878003
201,3,2,What is the probability that the weather will be  icy and not frosty on a random day in England?, icy and not frosty,AandnotB,70,1129150.883858,1129153.107130,2.223272
201,3,3,If the weather in England is not normal on a random daywhat is the probability that the weather will also be typical on the same day?, typical given not normal,BgnotA,30,1129153.200500,1129156.699077,3.498576
201,3,4,What is the probability that the weather will be  not typical on a random day in England?, not typical,notB,50,1129156.767183,1129159.291038,2.523855
201,3,5,What is the probability that the weather will be  icy and frosty on a random day in England?, icy and frosty,AandB,70,1129159.383613,1129167.090933,7.707320
201,3,6,If the weather in England is not typical on a random daywhat is the probability that the weather will also be not normal on the same day?, not normal given not typical,notAgnotB,50,1129167.167149,1129173.490815,6.323665
201,3,7,If the weather in England is not frosty on a random daywhat is the probability that the weather will also be not icy on the same day?, not icy given not frosty,notAgnotB,50,1129173.566918,1129178.850734,5.283816
201,3,8,What is the probability that the weather will be  typical and not normal on a random day in England?, typical and not normal,notAandB,50,1129178.933800,1129182.714688,3.780888
201,3,9,What is the probability that the weather will be  frosty or not icy on a random day in England?, frosty or not icy,notAorB,50,1129182.817172,1129186.634611,3.817439
201,3,10,If the weather in England is not frosty on a random daywhat is the probability that the weather will also be icy on the same day?, icy given not frosty,AgnotB,25,1129186.750437,1129195.266542,8.516105
201,3,11,If the weather in England is normal on a random daywhat is the probability that the weather will also be not typical on the same day?, not typical given normal,notBgA,25,1129195.333765,1129204.050364,8.716599
201,3,12,What is the probability that the weather will be  typical or not normal on a random day in England?, typical or not normal,notAorB,50,1129204.133760,1129207.418305,3.284545
201,3,13,What is the probability that the weather will be  not normal or not typical on a random day in England?, not normal or not typical,notAornotB,50,1129207.500412,1129211.138286,3.637874
201,3,14,If the weather in England is typical on a random daywhat is the probability that the weather will also be not normal on the same day?, not normal given typical,notAgB,64,1129211.233532,1129212.642213,1.408681
201,3,15,If the weather in England is normal on a random daywhat is the probability that the weather will also be typical on the same day?, typical given normal,BgA,75,1129212.733514,1129214.346225,1.612711
201,3,16,What is the probability that the weather will be  not normal and not typical on a random day in England?, not normal and not typical,notAandnotB,50,1129214.433525,1129218.906147,4.472622
201,3,17,What is the probability that the weather will be  frosty and not icy on a random day in England?, frosty and not icy,notAandB,54,1129219.016845,1129222.194116,3.177271
201,3,18,What is the probability that the weather will be  not icy or not frosty on a random day in England?, not icy or not frosty,notAornotB,45,1129222.283511,1129223.586094,1.302583
201,3,19,What is the probability that the weather will be  not normal on a random day in England?, not normal,notA,50,1129223.700169,1129229.033945,5.333775
201,3,20,What is the probability that the weather will be  normal or typical on a random day in England?, normal or typical,AorB,50,1129229.133488,1129236.409957,7.276468
201,3,21,What is the probability that the weather will be  normal and typical on a random day in England?, normal and typical,AandB,50,1129236.533486,1129240.681816,4.148331
201,3,22,If the weather in England is typical on a random daywhat is the probability that the weather will also be normal on the same day?, normal given typical,AgB,21,1129240.800392,1129247.843679,7.043288
201,3,23,What is the probability that the weather will be  normal on a random day in England?, normal,A,25,1129247.967005,1129251.321942,3.354938
201,3,24,If the weather in England is icy on a random daywhat is the probability that the weather will also be frosty on the same day?, frosty given icy,BgA,50,1129251.483441,1129255.393566,3.910125
201,3,25,What is the probability that the weather will be  icy on a random day in England?, icy,A,50,1129255.466998,1129258.985796,3.518798
201,3,26,If the weather in England is frosty on a random daywhat is the probability that the weather will also be not icy on the same day?, not icy given frosty,notAgB,50,1129259.083243,1129264.137423,5.054180
201,3,27,If the weather in England is not typical on a random daywhat is the probability that the weather will also be normal on the same day?, normal given not typical,AgnotB,64,1129264.233643,1129267.833395,3.599752
201,3,28,What is the probability that the weather will be  not icy on a random day in England?, not icy,notA,75,1129267.933630,1129269.353363,1.419733
201,3,29,What is the probability that the weather will be  normal and not typical on a random day in England?, normal and not typical,AandnotB,50,1129269.433648,1129271.417304,1.983657
201,3,30,What is the probability that the weather will be  normal or not typical on a random day in England?, normal or not typical,AornotB,75,1129271.500309,1129273.497314,1.997006
201,3,31,If the weather in England is icy on a random daywhat is the probability that the weather will also be not frosty on the same day?, not frosty given icy,notBgA,21,1129273.600279,1129276.505277,2.904998
201,3,32,What is the probability that the weather will be  frosty on a random day in England?, frosty,B,50,1129276.583419,1129283.857327,7.273908
201,3,33,What is the probability that the weather will be  icy or frosty on a random day in England?, icy or frosty,AorB,50,1129283.916967,1129290.465064,6.548098
201,3,34,If the weather in England is not icy on a random daywhat is the probability that the weather will also be frosty on the same day?, frosty given not icy,BgnotA,25,1129290.566710,1129297.672918,7.106208
201,3,35,What is the probability that the weather will be  not icy and not frosty on a random day in England?, not icy and not frosty,notAandnotB,75,1129297.783381,1129305.280808,7.497426
201,3,36,If the weather in England is not normal on a random daywhat is the probability that the weather will also be not typical on the same day?, not typical given not normal,notBgnotA,70,1129305.400252,1129312.176704,6.776451
201,3,37,What is the probability that the weather will be  icy or not frosty on a random day in England?, icy or not frosty,AornotB,80,1129312.250258,1129315.768662,3.518404
201,3,38,If the weather in England is not icy on a random daywhat is the probability that the weather will also be not frosty on the same day?, not frosty given not icy,notBgnotA,60,1129315.866671,1129320.408605,4.541934
201,3,39,What is the probability that the weather will be  not frosty on a random day in England?, not frosty,notB,50,1129320.499989,1129325.736493,5.236504
201,3,40,What is the probability that the weather will be  typical on a random day in England?, typical,B,50,1129325.833326,1129330.585029,4.751702
