ID,block,trial,query,querydetail,querytype,estimate,starttime,endtime,RT
207,1,1,What is the probability that the weather will be  icy and not frosty on a random day in England?, icy and not frosty,AandnotB,0,1893152.261937,1893174.977608,22.715671
207,1,2,What is the probability that the weather will be  normal and typical on a random day in England?, normal and typical,AandB,100,1893175.161858,1893183.156801,7.994943
207,1,3,If the weather in England is icy on a random daywhat is the probability that the weather will also be frosty on the same day?, frosty given icy,BgA,100,1893183.378503,1893195.365839,11.987335
207,1,4,What is the probability that the weather will be  not frosty on a random day in England?, not frosty,notB,30,1893195.561847,1893209.485465,13.923618
207,1,5,What is the probability that the weather will be  not normal and not typical on a random day in England?, not normal and not typical,notAandnotB,10,1893209.728420,1893224.365140,14.636720
207,1,6,If the weather in England is typical on a random daywhat is the probability that the weather will also be normal on the same day?, normal given typical,AgB,100,1893224.561710,1893237.420951,12.859240
207,1,7,If the weather in England is typical on a random daywhat is the probability that the weather will also be not normal on the same day?, not normal given typical,notAgB,0,1893237.611726,1893245.391827,7.780100
207,1,8,If the weather in England is not typical on a random daywhat is the probability that the weather will also be not normal on the same day?, not normal given not typical,notAgnotB,100,1893245.561663,1893251.340557,5.778894
207,1,9,What is the probability that the weather will be  frosty or not icy on a random day in England?, frosty or not icy,notAorB,0,1893251.494969,1893259.764383,8.269414
207,1,10,If the weather in England is not frosty on a random daywhat is the probability that the weather will also be icy on the same day?, icy given not frosty,AgnotB,0,1893259.928321,1893266.676171,6.747850
207,1,11,If the weather in England is not frosty on a random daywhat is the probability that the weather will also be not icy on the same day?, not icy given not frosty,notAgnotB,100,1893266.844931,1893275.188082,8.343151
207,1,12,What is the probability that the weather will be  frosty and not icy on a random day in England?, frosty and not icy,notAandB,0,1893275.411613,1893280.387852,4.976239
207,1,13,If the weather in England is normal on a random daywhat is the probability that the weather will also be typical on the same day?, typical given normal,BgA,100,1893280.578230,1893289.803761,9.225530
207,1,14,If the weather in England is frosty on a random daywhat is the probability that the weather will also be icy on the same day?, icy given frosty,AgB,100,1893289.944862,1893294.923600,4.978739
207,1,15,If the weather in England is not typical on a random daywhat is the probability that the weather will also be normal on the same day?, normal given not typical,AgnotB,0,1893295.094839,1893299.299564,4.204725
207,1,16,If the weather in England is not normal on a random daywhat is the probability that the weather will also be not typical on the same day?, not typical given not normal,notBgnotA,100,1893299.461502,1893307.075455,7.613953
207,1,17,What is the probability that the weather will be  icy or not frosty on a random day in England?, icy or not frosty,AornotB,0,1893307.278144,1893319.323174,12.045030
207,1,18,What is the probability that the weather will be  typical on a random day in England?, typical,B,90,1893319.511457,1893328.011039,8.499582
207,1,19,What is the probability that the weather will be  not icy and not frosty on a random day in England?, not icy and not frosty,notAandnotB,50,1893328.194728,1893343.770739,15.576011
207,1,20,What is the probability that the weather will be  not icy or not frosty on a random day in England?, not icy or not frosty,notAornotB,50,1893343.961347,1893347.250491,3.289144
207,1,21,What is the probability that the weather will be  icy and frosty on a random day in England?, icy and frosty,AandB,50,1893347.444669,1893353.970371,6.525702
207,1,22,What is the probability that the weather will be  not icy on a random day in England?, not icy,notA,60,1893354.144675,1893363.642212,9.497537
207,1,23,If the weather in England is not normal on a random daywhat is the probability that the weather will also be typical on the same day?, typical given not normal,BgnotA,0,1893363.844642,1893371.361978,7.517336
207,1,24,What is the probability that the weather will be  frosty on a random day in England?, frosty,B,40,1893371.544625,1893384.113974,12.569349
207,1,25,What is the probability that the weather will be  typical or not normal on a random day in England?, typical or not normal,notAorB,0,1893384.277915,1893387.929508,3.651593
207,1,26,What is the probability that the weather will be  normal on a random day in England?, normal,A,80,1893388.127900,1893399.209567,11.081667
207,1,27,What is the probability that the weather will be  normal or not typical on a random day in England?, normal or not typical,AornotB,0,1893399.377863,1893404.532136,5.154272
207,1,28,If the weather in England is normal on a random daywhat is the probability that the weather will also be not typical on the same day?, not typical given normal,notBgA,0,1893404.711190,1893414.097062,9.385872
207,1,29,What is the probability that the weather will be  typical and not normal on a random day in England?, typical and not normal,notAandB,0,1893414.294499,1893417.993136,3.698637
207,1,30,What is the probability that the weather will be  icy or frosty on a random day in England?, icy or frosty,AorB,40,1893418.194494,1893426.632955,8.438461
207,1,31,What is the probability that the weather will be  icy on a random day in England?, icy,A,40,1893426.777794,1893429.600969,2.823175
207,1,32,What is the probability that the weather will be  normal or typical on a random day in England?, normal or typical,AorB,80,1893429.777783,1893441.248527,11.470745
207,1,33,What is the probability that the weather will be  normal and not typical on a random day in England?, normal and not typical,AandnotB,0,1893441.427743,1893444.520434,3.092691
207,1,34,If the weather in England is icy on a random daywhat is the probability that the weather will also be not frosty on the same day?, not frosty given icy,notBgA,0,1893444.694407,1893452.232284,7.537877
207,1,35,What is the probability that the weather will be  not normal or not typical on a random day in England?, not normal or not typical,notAornotB,20,1893452.411048,1893466.136759,13.725711
207,1,36,If the weather in England is not icy on a random daywhat is the probability that the weather will also be not frosty on the same day?, not frosty given not icy,notBgnotA,100,1893466.377678,1893484.671751,18.294073
207,1,37,What is the probability that the weather will be  not normal on a random day in England?, not normal,notA,20,1893484.860952,1893489.447111,4.586159
207,1,38,If the weather in England is not icy on a random daywhat is the probability that the weather will also be frosty on the same day?, frosty given not icy,BgnotA,0,1893489.560936,1893494.983394,5.422458
207,1,39,What is the probability that the weather will be  not typical on a random day in England?, not typical,notB,20,1893495.177558,1893505.991284,10.813726
207,1,40,If the weather in England is frosty on a random daywhat is the probability that the weather will also be not icy on the same day?, not icy given frosty,notAgB,0,1893506.194211,1893510.399141,4.204930
207,2,1,If the weather in England is icy on a random daywhat is the probability that the weather will also be frosty on the same day?, frosty given icy,BgA,100,1893510.577548,1893515.447052,4.869504
207,2,2,If the weather in England is frosty on a random daywhat is the probability that the weather will also be icy on the same day?, icy given frosty,AgB,100,1893515.627502,1893524.742852,9.115350
207,2,3,What is the probability that the weather will be  typical on a random day in England?, typical,B,80,1893524.944169,1893529.687312,4.743143
207,2,4,What is the probability that the weather will be  normal or typical on a random day in England?, normal or typical,AorB,80,1893529.860818,1893533.414742,3.553924
207,2,5,What is the probability that the weather will be  icy or not frosty on a random day in England?, icy or not frosty,AornotB,0,1893533.577471,1893537.278523,3.701052
207,2,6,What is the probability that the weather will be  not normal and not typical on a random day in England?, not normal and not typical,notAandnotB,20,1893537.444132,1893542.566540,5.122408
207,2,7,What is the probability that the weather will be  not icy on a random day in England?, not icy,notA,50,1893542.727448,1893549.646291,6.918843
207,2,8,If the weather in England is typical on a random daywhat is the probability that the weather will also be normal on the same day?, normal given typical,AgB,100,1893549.827429,1893553.982110,4.154681
207,2,9,If the weather in England is normal on a random daywhat is the probability that the weather will also be typical on the same day?, typical given normal,BgA,100,1893554.160751,1893560.150035,5.989284
207,2,10,What is the probability that the weather will be  not icy or not frosty on a random day in England?, not icy or not frosty,notAornotB,60,1893560.310734,1893571.957771,11.647037
207,2,11,What is the probability that the weather will be  not typical on a random day in England?, not typical,notB,20,1893572.110667,1893576.093720,3.983053
207,2,12,If the weather in England is typical on a random daywhat is the probability that the weather will also be not normal on the same day?, not normal given typical,notAgB,0,1893576.260688,1893579.757656,3.496967
207,2,13,What is the probability that the weather will be  normal and not typical on a random day in England?, normal and not typical,AandnotB,0,1893579.927334,1893586.605998,6.678665
207,2,14,If the weather in England is not icy on a random daywhat is the probability that the weather will also be frosty on the same day?, frosty given not icy,BgnotA,0,1893586.760643,1893599.589324,12.828681
207,2,15,What is the probability that the weather will be  frosty on a random day in England?, frosty,B,40,1893599.760625,1893605.357489,5.596865
207,2,16,What is the probability that the weather will be  icy and not frosty on a random day in England?, icy and not frosty,AandnotB,0,1893605.527266,1893608.022086,2.494820
207,2,17,What is the probability that the weather will be  icy on a random day in England?, icy,A,40,1893608.193919,1893612.685371,4.491453
207,2,18,What is the probability that the weather will be  not frosty on a random day in England?, not frosty,notB,60,1893612.843904,1893617.348855,4.504951
207,2,19,What is the probability that the weather will be  typical and not normal on a random day in England?, typical and not normal,notAandB,0,1893617.510567,1893639.212498,21.701931
207,2,20,If the weather in England is icy on a random daywhat is the probability that the weather will also be not frosty on the same day?, not frosty given icy,notBgA,0,1893639.393811,1893652.748037,13.354226
207,2,21,What is the probability that the weather will be  normal on a random day in England?, normal,A,80,1893652.927123,1893659.972155,7.045032
207,2,22,What is the probability that the weather will be  normal and typical on a random day in England?, normal and typical,AandB,80,1893660.143771,1893663.003881,2.860110
207,2,23,What is the probability that the weather will be  typical or not normal on a random day in England?, typical or not normal,notAorB,0,1893663.160401,1893665.595747,2.435346
207,2,24,What is the probability that the weather will be  icy or frosty on a random day in England?, icy or frosty,AorB,20,1893665.793758,1893680.971411,15.177653
207,2,25,If the weather in England is not normal on a random daywhat is the probability that the weather will also be typical on the same day?, typical given not normal,BgnotA,0,1893681.160370,1893691.203194,10.042824
207,2,26,If the weather in England is not typical on a random daywhat is the probability that the weather will also be normal on the same day?, normal given not typical,AgnotB,0,1893691.393684,1893694.995415,3.601731
207,2,27,What is the probability that the weather will be  not icy and not frosty on a random day in England?, not icy and not frosty,notAandnotB,80,1893695.176991,1893711.507069,16.330078
207,2,28,What is the probability that the weather will be  frosty and not icy on a random day in England?, frosty and not icy,notAandB,0,1893711.676958,1893719.546655,7.869697
207,2,29,If the weather in England is not normal on a random daywhat is the probability that the weather will also be not typical on the same day?, not typical given not normal,notBgnotA,100,1893719.710279,1893725.050450,5.340171
207,2,30,If the weather in England is not typical on a random daywhat is the probability that the weather will also be not normal on the same day?, not normal given not typical,notAgnotB,100,1893725.226916,1893731.850409,6.623493
207,2,31,If the weather in England is not frosty on a random daywhat is the probability that the weather will also be icy on the same day?, icy given not frosty,AgnotB,0,1893732.026898,1893736.194339,4.167441
207,2,32,If the weather in England is frosty on a random daywhat is the probability that the weather will also be not icy on the same day?, not icy given frosty,notAgB,0,1893736.376877,1893739.522215,3.145338
207,2,33,If the weather in England is not icy on a random daywhat is the probability that the weather will also be not frosty on the same day?, not frosty given not icy,notBgnotA,100,1893739.693514,1893744.714227,5.020713
207,2,34,What is the probability that the weather will be  normal or not typical on a random day in England?, normal or not typical,AornotB,0,1893744.876821,1893748.482020,3.605199
207,2,35,If the weather in England is normal on a random daywhat is the probability that the weather will also be not typical on the same day?, not typical given normal,notBgA,0,1893748.643514,1893752.441815,3.798300
207,2,36,What is the probability that the weather will be  not normal or not typical on a random day in England?, not normal or not typical,notAornotB,20,1893752.610163,1893758.305893,5.695730
207,2,37,What is the probability that the weather will be  icy and frosty on a random day in England?, icy and frosty,AandB,20,1893758.476814,1893764.649653,6.172839
207,2,38,What is the probability that the weather will be  not normal on a random day in England?, not normal,notA,20,1893764.843505,1893769.113568,4.270063
207,2,39,What is the probability that the weather will be  frosty or not icy on a random day in England?, frosty or not icy,notAorB,0,1893769.310116,1893782.489171,13.179056
207,2,40,If the weather in England is not frosty on a random daywhat is the probability that the weather will also be not icy on the same day?, not icy given not frosty,notAgnotB,100,1893782.660072,1893791.473001,8.812929
207,3,1,What is the probability that the weather will be  normal and typical on a random day in England?, normal and typical,AandB,80,1893791.643361,1893796.529142,4.885781
207,3,2,What is the probability that the weather will be  typical on a random day in England?, typical,B,80,1893796.676708,1893799.705395,3.028687
207,3,3,What is the probability that the weather will be  normal or typical on a random day in England?, normal or typical,AorB,80,1893799.843337,1893803.768817,3.925480
207,3,4,What is the probability that the weather will be  normal on a random day in England?, normal,A,80,1893803.926648,1893807.112898,3.186250
207,3,5,What is the probability that the weather will be  icy and not frosty on a random day in England?, icy and not frosty,AandnotB,0,1893807.226668,1893812.520595,5.293927
207,3,6,What is the probability that the weather will be  icy and frosty on a random day in England?, icy and frosty,AandB,20,1893812.676689,1893821.769487,9.092799
207,3,7,What is the probability that the weather will be  not typical on a random day in England?, not typical,notB,20,1893821.893281,1893828.456254,6.562972
207,3,8,If the weather in England is typical on a random daywhat is the probability that the weather will also be normal on the same day?, normal given typical,AgB,100,1893828.593287,1893840.048028,11.454741
207,3,9,What is the probability that the weather will be  icy on a random day in England?, icy,A,20,1893840.243212,1893844.208563,3.965350
207,3,10,What is the probability that the weather will be  not icy and not frosty on a random day in England?, not icy and not frosty,notAandnotB,80,1893844.376541,1893856.095695,11.719154
207,3,11,What is the probability that the weather will be  icy or not frosty on a random day in England?, icy or not frosty,AornotB,0,1893856.243192,1893859.247569,3.004377
207,3,12,If the weather in England is icy on a random daywhat is the probability that the weather will also be not frosty on the same day?, not frosty given icy,notBgA,0,1893859.393156,1893863.607474,4.214319
207,3,13,If the weather in England is normal on a random daywhat is the probability that the weather will also be not typical on the same day?, not typical given normal,notBgA,0,1893863.776472,1893867.319636,3.543164
207,3,14,If the weather in England is normal on a random daywhat is the probability that the weather will also be typical on the same day?, typical given normal,BgA,100,1893867.493149,1893871.879543,4.386394
207,3,15,If the weather in England is icy on a random daywhat is the probability that the weather will also be frosty on the same day?, frosty given icy,BgA,100,1893872.026516,1893883.807243,11.780727
207,3,16,If the weather in England is not normal on a random daywhat is the probability that the weather will also be typical on the same day?, typical given not normal,BgnotA,0,1893883.976447,1893892.135041,8.158594
207,3,17,What is the probability that the weather will be  typical or not normal on a random day in England?, typical or not normal,notAorB,0,1893892.293094,1893896.582935,4.289841
207,3,18,What is the probability that the weather will be  frosty on a random day in England?, frosty,B,20,1893896.743039,1893899.103147,2.360108
207,3,19,What is the probability that the weather will be  not normal and not typical on a random day in England?, not normal and not typical,notAandnotB,20,1893899.309714,1893902.806677,3.496963
207,3,20,What is the probability that the weather will be  icy or frosty on a random day in England?, icy or frosty,AorB,20,1893902.976364,1893905.278609,2.302244
207,3,21,If the weather in England is frosty on a random daywhat is the probability that the weather will also be icy on the same day?, icy given frosty,AgB,100,1893905.509691,1893909.366549,3.856859
207,3,22,If the weather in England is not typical on a random daywhat is the probability that the weather will also be normal on the same day?, normal given not typical,AgnotB,0,1893909.526382,1893913.678571,4.152189
207,3,23,What is the probability that the weather will be  frosty and not icy on a random day in England?, frosty and not icy,notAandB,0,1893913.843001,1893917.630506,3.787505
207,3,24,If the weather in England is not frosty on a random daywhat is the probability that the weather will also be not icy on the same day?, not icy given not frosty,notAgnotB,100,1893917.809665,1893921.998291,4.188626
207,3,25,If the weather in England is not icy on a random daywhat is the probability that the weather will also be frosty on the same day?, frosty given not icy,BgnotA,0,1893922.142995,1893926.246311,4.103316
207,3,26,If the weather in England is not normal on a random daywhat is the probability that the weather will also be not typical on the same day?, not typical given not normal,notBgnotA,100,1893926.426343,1893929.726328,3.299985
207,3,27,What is the probability that the weather will be  not frosty on a random day in England?, not frosty,notB,80,1893929.859647,1893935.198019,5.338371
207,3,28,If the weather in England is not typical on a random daywhat is the probability that the weather will also be not normal on the same day?, not normal given not typical,notAgnotB,100,1893935.359530,1893939.445945,4.086415
207,3,29,If the weather in England is frosty on a random daywhat is the probability that the weather will also be not icy on the same day?, not icy given frosty,notAgB,0,1893939.609615,1893943.165924,3.556309
207,3,30,What is the probability that the weather will be  normal and not typical on a random day in England?, normal and not typical,AandnotB,0,1893943.326245,1893952.461749,9.135504
207,3,31,What is the probability that the weather will be  typical and not normal on a random day in England?, typical and not normal,notAandB,0,1893952.609575,1893955.885567,3.275993
207,3,32,What is the probability that the weather will be  not icy on a random day in England?, not icy,notA,80,1893956.026252,1893959.893495,3.867242
207,3,33,What is the probability that the weather will be  normal or not typical on a random day in England?, normal or not typical,AornotB,0,1893960.042879,1893963.973422,3.930543
207,3,34,What is the probability that the weather will be  not normal or not typical on a random day in England?, not normal or not typical,notAornotB,20,1893964.142855,1893971.933253,7.790398
207,3,35,If the weather in England is not frosty on a random daywhat is the probability that the weather will also be icy on the same day?, icy given not frosty,AgnotB,0,1893972.109500,1893976.637161,4.527660
207,3,36,What is the probability that the weather will be  not icy or not frosty on a random day in England?, not icy or not frosty,notAornotB,80,1893976.842857,1893982.685047,5.842190
207,3,37,What is the probability that the weather will be  frosty or not icy on a random day in England?, frosty or not icy,notAorB,0,1893982.892824,1893986.316872,3.424047
207,3,38,If the weather in England is not icy on a random daywhat is the probability that the weather will also be not frosty on the same day?, not frosty given not icy,notBgnotA,100,1893986.492739,1893994.844821,8.352081
207,3,39,If the weather in England is typical on a random daywhat is the probability that the weather will also be not normal on the same day?, not normal given typical,notAgB,0,1893995.009499,1894000.260633,5.251133
207,3,40,What is the probability that the weather will be  not normal on a random day in England?, not normal,notA,20,1894000.409439,1894005.644575,5.235136
