ID,block,trial,query,querydetail,querytype,estimate,starttime,endtime,RT
502,1,1,What is the probability that the weather will be  not icy on a random day in England?, not icy,notA,80,2455693.534450,2455702.365053,8.830604
502,1,2,What is the probability that the weather will be  icy or not frosty on a random day in England?, icy or not frosty,AornotB,60,2455702.501005,2455720.978965,18.477961
502,1,3,If the weather in England is typical on a random daywhat is the probability that the weather will also be normal on the same day?, normal given typical,AgB,44,2455721.100816,2455743.236418,22.135602
502,1,4,What is the probability that the weather will be  normal on a random day in England?, normal,A,60,2455743.350678,2455752.468103,9.117425
502,1,5,What is the probability that the weather will be  not typical on a random day in England?, not typical,notB,40,2455752.583383,2455764.491702,11.908319
502,1,6,If the weather in England is not typical on a random daywhat is the probability that the weather will also be not normal on the same day?, not normal given not typical,notAgnotB,55,2455764.567163,2455779.923297,15.356134
502,1,7,If the weather in England is icy on a random daywhat is the probability that the weather will also be frosty on the same day?, frosty given icy,BgA,100,2455780.016995,2455788.011173,7.994178
502,1,8,If the weather in England is not icy on a random daywhat is the probability that the weather will also be frosty on the same day?, frosty given not icy,BgnotA,80,2455788.100267,2455797.178789,9.078522
502,1,9,If the weather in England is normal on a random daywhat is the probability that the weather will also be typical on the same day?, typical given normal,BgA,100,2455797.333502,2455806.050614,8.717112
502,1,10,What is the probability that the weather will be  not icy and not frosty on a random day in England?, not icy and not frosty,notAandnotB,70,2455806.166761,2455815.218417,9.051656
502,1,11,What is the probability that the weather will be  normal and typical on a random day in England?, normal and typical,AandB,70,2455815.333327,2455819.754305,4.420978
502,1,12,If the weather in England is not typical on a random daywhat is the probability that the weather will also be normal on the same day?, normal given not typical,AgnotB,0,2455819.866673,2455827.766470,7.899797
502,1,13,What is the probability that the weather will be  normal and not typical on a random day in England?, normal and not typical,AandnotB,0,2455827.883214,2455834.562803,6.679589
502,1,14,What is the probability that the weather will be  not frosty on a random day in England?, not frosty,notB,4,2455834.666502,2455841.617648,6.951146
502,1,15,If the weather in England is not normal on a random daywhat is the probability that the weather will also be not typical on the same day?, not typical given not normal,notBgnotA,45,2455841.749782,2455851.265492,9.515710
502,1,16,What is the probability that the weather will be  icy or frosty on a random day in England?, icy or frosty,AorB,70,2455851.383041,2455861.713296,10.330254
502,1,17,What is the probability that the weather will be  normal or typical on a random day in England?, normal or typical,AorB,80,2455861.816314,2455867.113026,5.296712
502,1,18,What is the probability that the weather will be  icy and frosty on a random day in England?, icy and frosty,AandB,20,2455867.316208,2455872.160777,4.844569
502,1,19,What is the probability that the weather will be  not icy or not frosty on a random day in England?, not icy or not frosty,notAornotB,33,2455872.366170,2455878.776683,6.410513
502,1,20,What is the probability that the weather will be  typical and not normal on a random day in England?, typical and not normal,notAandB,0,2455878.949442,2455888.400539,9.451097
502,1,21,What is the probability that the weather will be  typical or not normal on a random day in England?, typical or not normal,notAorB,0,2455888.582689,2455890.768234,2.185545
502,1,22,What is the probability that the weather will be  icy and not frosty on a random day in England?, icy and not frosty,AandnotB,0,2455890.932684,2455895.504302,4.571618
502,1,23,What is the probability that the weather will be  not normal or not typical on a random day in England?, not normal or not typical,notAornotB,30,2455895.682599,2455908.207917,12.525318
502,1,24,What is the probability that the weather will be  frosty or not icy on a random day in England?, frosty or not icy,notAorB,40,2455908.349157,2455912.727767,4.378610
502,1,25,What is the probability that the weather will be  frosty and not icy on a random day in England?, frosty and not icy,notAandB,0,2455912.849127,2455919.119591,6.270464
502,1,26,If the weather in England is typical on a random daywhat is the probability that the weather will also be not normal on the same day?, not normal given typical,notAgB,100,2455919.365731,2455926.631404,7.265674
502,1,27,If the weather in England is frosty on a random daywhat is the probability that the weather will also be not icy on the same day?, not icy given frosty,notAgB,0,2455926.849006,2455929.719703,2.870697
502,1,28,What is the probability that the weather will be  icy on a random day in England?, icy,A,24,2455929.882307,2455935.703515,5.821209
502,1,29,What is the probability that the weather will be  typical on a random day in England?, typical,B,70,2455935.915599,2455948.950999,13.035400
502,1,30,If the weather in England is frosty on a random daywhat is the probability that the weather will also be icy on the same day?, icy given frosty,AgB,80,2455949.148819,2455954.126702,4.977883
502,1,31,If the weather in England is not icy on a random daywhat is the probability that the weather will also be not frosty on the same day?, not frosty given not icy,notBgnotA,0,2455954.298738,2455959.302679,5.003941
502,1,32,What is the probability that the weather will be  normal or not typical on a random day in England?, normal or not typical,AornotB,70,2455959.548733,2455965.423070,5.874338
502,1,33,If the weather in England is not frosty on a random daywhat is the probability that the weather will also be icy on the same day?, icy given not frosty,AgnotB,80,2455965.598664,2456000.469359,34.870696
502,1,34,What is the probability that the weather will be  frosty on a random day in England?, frosty,B,34,2456000.565021,2456004.413371,3.848350
502,1,35,If the weather in England is normal on a random daywhat is the probability that the weather will also be not typical on the same day?, not typical given normal,notBgA,0,2456004.548298,2456019.564825,15.016527
502,1,36,What is the probability that the weather will be  not normal on a random day in England?, not normal,notA,30,2456019.698198,2456024.676950,4.978752
502,1,37,What is the probability that the weather will be  not normal and not typical on a random day in England?, not normal and not typical,notAandnotB,20,2456024.831470,2456028.972550,4.141080
502,1,38,If the weather in England is not normal on a random daywhat is the probability that the weather will also be typical on the same day?, typical given not normal,BgnotA,100,2456029.114788,2456031.788533,2.673744
502,1,39,If the weather in England is not frosty on a random daywhat is the probability that the weather will also be not icy on the same day?, not icy given not frosty,notAgnotB,100,2456031.914748,2456038.876400,6.961651
502,1,40,If the weather in England is icy on a random daywhat is the probability that the weather will also be not frosty on the same day?, not frosty given icy,notBgA,0,2456039.014650,2456042.492231,3.477582
502,2,1,What is the probability that the weather will be  icy on a random day in England?, icy,A,20,2456042.631309,2456048.612256,5.980947
502,2,2,What is the probability that the weather will be  icy and not frosty on a random day in England?, icy and not frosty,AandnotB,0,2456048.764588,2456058.459737,9.695148
502,2,3,What is the probability that the weather will be  icy or not frosty on a random day in England?, icy or not frosty,AornotB,0,2456058.631177,2456065.531543,6.900366
502,2,4,What is the probability that the weather will be  not icy and not frosty on a random day in England?, not icy and not frosty,notAandnotB,20,2456065.681115,2456078.835249,13.154135
502,2,5,What is the probability that the weather will be  typical and not normal on a random day in England?, typical and not normal,notAandB,0,2456079.014318,2456083.251285,4.236967
502,2,6,If the weather in England is normal on a random daywhat is the probability that the weather will also be typical on the same day?, typical given normal,BgA,100,2456083.380944,2456090.946912,7.565968
502,2,7,If the weather in England is icy on a random daywhat is the probability that the weather will also be frosty on the same day?, frosty given icy,BgA,100,2456091.147544,2456093.642967,2.495423
502,2,8,If the weather in England is not typical on a random daywhat is the probability that the weather will also be not normal on the same day?, not normal given not typical,notAgnotB,100,2456093.830853,2456101.906755,8.075902
502,2,9,What is the probability that the weather will be  not frosty on a random day in England?, not frosty,notB,20,2456102.097453,2456110.010394,7.912940
502,2,10,If the weather in England is frosty on a random daywhat is the probability that the weather will also be icy on the same day?, icy given frosty,AgB,80,2456110.130704,2456114.946266,4.815562
502,2,11,What is the probability that the weather will be  typical on a random day in England?, typical,B,70,2456115.047327,2456120.138232,5.090905
502,2,12,If the weather in England is not icy on a random daywhat is the probability that the weather will also be frosty on the same day?, frosty given not icy,BgnotA,25,2456120.313958,2456130.697869,10.383911
502,2,13,What is the probability that the weather will be  frosty on a random day in England?, frosty,B,25,2456130.880518,2456134.458974,3.578456
502,2,14,If the weather in England is not frosty on a random daywhat is the probability that the weather will also be not icy on the same day?, not icy given not frosty,notAgnotB,100,2456134.597140,2456141.161671,6.564531
502,2,15,What is the probability that the weather will be  not normal on a random day in England?, not normal,notA,20,2456141.330407,2456145.393523,4.063115
502,2,16,What is the probability that the weather will be  normal and typical on a random day in England?, normal and typical,AandB,70,2456145.530389,2456152.897103,7.366713
502,2,17,If the weather in England is typical on a random daywhat is the probability that the weather will also be not normal on the same day?, not normal given typical,notAgB,0,2456153.030303,2456186.336421,33.306118
502,2,18,What is the probability that the weather will be  normal and not typical on a random day in England?, normal and not typical,AandnotB,0,2456186.513358,2456189.264275,2.750917
502,2,19,If the weather in England is typical on a random daywhat is the probability that the weather will also be normal on the same day?, normal given typical,AgB,100,2456189.463343,2456193.176002,3.712660
502,2,20,What is the probability that the weather will be  typical or not normal on a random day in England?, typical or not normal,notAorB,20,2456193.296604,2456197.408719,4.112115
502,2,21,What is the probability that the weather will be  not icy on a random day in England?, not icy,notA,20,2456197.596598,2456202.855759,5.259160
502,2,22,If the weather in England is not typical on a random daywhat is the probability that the weather will also be normal on the same day?, normal given not typical,AgnotB,0,2456203.029863,2456209.511695,6.481832
502,2,23,What is the probability that the weather will be  frosty or not icy on a random day in England?, frosty or not icy,notAorB,2,2456209.579821,2456210.495790,0.915969
502,2,24,If the weather in England is icy on a random daywhat is the probability that the weather will also be not frosty on the same day?, not frosty given icy,notBgA,40,2456210.629818,2456211.167492,0.537675
502,2,25,If the weather in England is not frosty on a random daywhat is the probability that the weather will also be icy on the same day?, icy given not frosty,AgnotB,0,2456211.346447,2456211.831513,0.485066
502,2,26,What is the probability that the weather will be  not normal and not typical on a random day in England?, not normal and not typical,notAandnotB,44,2456212.013111,2456212.666446,0.653335
502,2,27,If the weather in England is not icy on a random daywhat is the probability that the weather will also be not frosty on the same day?, not frosty given not icy,notBgnotA,5,2456212.879787,2456213.567403,0.687616
502,2,28,What is the probability that the weather will be  frosty and not icy on a random day in England?, frosty and not icy,notAandB,5,2456213.779778,2456214.271515,0.491737
502,2,29,What is the probability that the weather will be  normal or not typical on a random day in England?, normal or not typical,AornotB,100,2456214.446425,2456226.279129,11.832704
502,2,30,What is the probability that the weather will be  not icy or not frosty on a random day in England?, not icy or not frosty,notAornotB,1,2456226.429670,2456227.311196,0.881526
502,2,31,What is the probability that the weather will be  icy or frosty on a random day in England?, icy or frosty,AorB,32,2456227.479654,2456228.239033,0.759379
502,2,32,If the weather in England is not normal on a random daywhat is the probability that the weather will also be typical on the same day?, typical given not normal,BgnotA,54,2456228.413000,2456231.687021,3.274021
502,2,33,If the weather in England is frosty on a random daywhat is the probability that the weather will also be not icy on the same day?, not icy given frosty,notAgB,66,2456231.846307,2456232.711055,0.864748
502,2,34,What is the probability that the weather will be  normal or typical on a random day in England?, normal or typical,AorB,75,2456232.879615,2456235.886918,3.007304
502,2,35,What is the probability that the weather will be  not typical on a random day in England?, not typical,notB,76,2456235.996248,2456237.417753,1.421504
502,2,36,If the weather in England is not normal on a random daywhat is the probability that the weather will also be not typical on the same day?, not typical given not normal,notBgnotA,76,2456237.546252,2456238.230495,0.684242
502,2,37,What is the probability that the weather will be  normal on a random day in England?, normal,A,76,2456238.379533,2456239.122147,0.742614
502,2,38,What is the probability that the weather will be  icy and frosty on a random day in England?, icy and frosty,AandB,54,2456239.279548,2456239.814765,0.535217
502,2,39,What is the probability that the weather will be  not normal or not typical on a random day in England?, not normal or not typical,notAornotB,45,2456239.962855,2456240.919861,0.957006
502,2,40,If the weather in England is normal on a random daywhat is the probability that the weather will also be not typical on the same day?, not typical given normal,notBgA,99,2456241.062884,2456255.438363,14.375479
502,3,1,What is the probability that the weather will be  typical on a random day in England?, typical,B,76,2456255.612715,2456256.862501,1.249785
502,3,2,What is the probability that the weather will be  not normal on a random day in England?, not normal,notA,87,2456257.046050,2456258.182248,1.136197
502,3,3,What is the probability that the weather will be  typical or not normal on a random day in England?, typical or not normal,notAorB,65,2456258.329379,2456260.126182,1.796803
502,3,4,What is the probability that the weather will be  frosty and not icy on a random day in England?, frosty and not icy,notAandB,40,2456260.262680,2456328.340419,68.077739
502,3,5,What is the probability that the weather will be  frosty or not icy on a random day in England?, frosty or not icy,notAorB,40,2456328.428772,2456331.924247,3.495475
502,3,6,What is the probability that the weather will be  normal or not typical on a random day in England?, normal or not typical,AornotB,40,2456332.128728,2456451.497046,119.368318
502,3,7,If the weather in England is icy on a random daywhat is the probability that the weather will also be not frosty on the same day?, not frosty given icy,notBgA,0,2456451.677634,2456454.833042,3.155408
502,3,8,What is the probability that the weather will be  not normal or not typical on a random day in England?, not normal or not typical,notAornotB,40,2456455.027626,2456457.536961,2.509335
502,3,9,If the weather in England is not normal on a random daywhat is the probability that the weather will also be typical on the same day?, typical given not normal,BgnotA,0,2456457.710951,2456462.720807,5.009857
502,3,10,What is the probability that the weather will be  icy or frosty on a random day in England?, icy or frosty,AorB,24,2456462.877529,2456468.192674,5.315145
502,3,11,If the weather in England is typical on a random daywhat is the probability that the weather will also be not normal on the same day?, not normal given typical,notAgB,0,2456468.344173,2456476.984370,8.640197
502,3,12,If the weather in England is frosty on a random daywhat is the probability that the weather will also be icy on the same day?, icy given frosty,AgB,80,2456477.144097,2456483.736129,6.592032
502,3,13,If the weather in England is not icy on a random daywhat is the probability that the weather will also be frosty on the same day?, frosty given not icy,BgnotA,100,2456483.894030,2456509.031460,25.137431
502,3,14,If the weather in England is frosty on a random daywhat is the probability that the weather will also be not icy on the same day?, not icy given frosty,notAgB,5,2456509.193811,2456521.023257,11.829446
502,3,15,If the weather in England is not typical on a random daywhat is the probability that the weather will also be not normal on the same day?, not normal given not typical,notAgnotB,100,2456521.193699,2456531.489360,10.295662
502,3,16,What is the probability that the weather will be  not icy and not frosty on a random day in England?, not icy and not frosty,notAandnotB,80,2456531.643609,2456539.383469,7.739860
502,3,17,If the weather in England is normal on a random daywhat is the probability that the weather will also be typical on the same day?, typical given normal,BgA,100,2456539.560213,2456543.326506,3.766294
502,3,18,If the weather in England is not frosty on a random daywhat is the probability that the weather will also be not icy on the same day?, not icy given not frosty,notAgnotB,100,2456543.476832,2456546.670397,3.193565
502,3,19,What is the probability that the weather will be  not icy or not frosty on a random day in England?, not icy or not frosty,notAornotB,80,2456546.826812,2456551.502297,4.675486
502,3,20,If the weather in England is not normal on a random daywhat is the probability that the weather will also be not typical on the same day?, not typical given not normal,notBgnotA,100,2456551.643437,2456561.014040,9.370603
502,3,21,What is the probability that the weather will be  not icy on a random day in England?, not icy,notA,25,2456561.159997,2456565.885895,4.725898
502,3,22,What is the probability that the weather will be  icy and frosty on a random day in England?, icy and frosty,AandB,24,2456566.009968,2456572.333765,6.323798
502,3,23,What is the probability that the weather will be  normal and typical on a random day in England?, normal and typical,AandB,70,2456572.509913,2456577.509591,4.999679
502,3,24,What is the probability that the weather will be  normal or typical on a random day in England?, normal or typical,AorB,70,2456577.659840,2456579.941513,2.281673
502,3,25,If the weather in England is typical on a random daywhat is the probability that the weather will also be normal on the same day?, normal given typical,AgB,100,2456580.076509,2456586.685928,6.609420
502,3,26,If the weather in England is not frosty on a random daywhat is the probability that the weather will also be icy on the same day?, icy given not frosty,AgnotB,0,2456586.859768,2456591.933424,5.073656
502,3,27,If the weather in England is not typical on a random daywhat is the probability that the weather will also be normal on the same day?, normal given not typical,AgnotB,0,2456592.093062,2456595.197342,3.104280
502,3,28,What is the probability that the weather will be  not frosty on a random day in England?, not frosty,notB,80,2456595.326378,2456599.836964,4.510586
502,3,29,If the weather in England is normal on a random daywhat is the probability that the weather will also be not typical on the same day?, not typical given normal,notBgA,0,2456600.009649,2456616.036537,16.026888
502,3,30,What is the probability that the weather will be  icy on a random day in England?, icy,A,23,2456616.209528,2456621.612616,5.403088
502,3,31,What is the probability that the weather will be  not typical on a random day in England?, not typical,notB,20,2456621.742793,2456625.740264,3.997472
502,3,32,If the weather in England is not icy on a random daywhat is the probability that the weather will also be not frosty on the same day?, not frosty given not icy,notBgnotA,100,2456625.926087,2456653.267604,27.341517
502,3,33,What is the probability that the weather will be  typical and not normal on a random day in England?, typical and not normal,notAandB,0,2456653.659188,2456659.787562,6.128373
502,3,34,If the weather in England is icy on a random daywhat is the probability that the weather will also be frosty on the same day?, frosty given icy,BgA,100,2456659.875813,2456728.313586,68.437773
502,3,35,What is the probability that the weather will be  icy and not frosty on a random day in England?, icy and not frosty,AandnotB,0,2456728.408502,2456731.977613,3.569111
502,3,36,What is the probability that the weather will be  normal and not typical on a random day in England?, normal and not typical,AandnotB,0,2456732.108487,2456735.369314,3.260827
502,3,37,What is the probability that the weather will be  icy or not frosty on a random day in England?, icy or not frosty,AornotB,24,2456735.475123,2456740.481210,5.006087
502,3,38,What is the probability that the weather will be  frosty on a random day in England?, frosty,B,24,2456740.658411,2456744.650117,3.991706
502,3,39,What is the probability that the weather will be  normal on a random day in England?, normal,A,70,2456744.791709,2456747.097112,2.305403
502,3,40,What is the probability that the weather will be  not normal and not typical on a random day in England?, not normal and not typical,notAandnotB,20,2456747.241666,2456754.344803,7.103137
