ID,block,trial,query,querydetail,querytype,estimate,starttime,endtime,RT
603,1,1,What is the probability that the weather will be  normal and typical on a random day in England?, normal and typical,AandB,60,2934039.326538,2934067.313252,27.986714
603,1,2,What is the probability that the weather will be  typical on a random day in England?, typical,B,60,2934067.393558,2934075.068134,7.674575
603,1,3,If the weather in England is not normal on a random daywhat is the probability that the weather will also be typical on the same day?, typical given not normal,BgnotA,1,2934075.210321,2934090.050311,14.839989
603,1,4,What is the probability that the weather will be  normal or not typical on a random day in England?, normal or not typical,AornotB,40,2934090.176639,2934098.022129,7.845491
603,1,5,What is the probability that the weather will be  frosty and not icy on a random day in England?, frosty and not icy,notAandB,20,2934098.210604,2934106.277857,8.067253
603,1,6,What is the probability that the weather will be  typical and not normal on a random day in England?, typical and not normal,notAandB,40,2934106.444085,2934114.109825,7.665740
603,1,7,If the weather in England is not typical on a random daywhat is the probability that the weather will also be not normal on the same day?, not normal given not typical,notAgnotB,100,2934114.244188,2934132.469536,18.225348
603,1,8,What is the probability that the weather will be  icy or not frosty on a random day in England?, icy or not frosty,AornotB,5,2934132.577675,2934137.397614,4.819939
603,1,9,If the weather in England is normal on a random daywhat is the probability that the weather will also be typical on the same day?, typical given normal,BgA,10,2934137.494468,2934153.021311,15.526842
603,1,10,What is the probability that the weather will be  normal or typical on a random day in England?, normal or typical,AorB,90,2934153.144625,2934161.141239,7.996614
603,1,11,If the weather in England is not icy on a random daywhat is the probability that the weather will also be frosty on the same day?, frosty given not icy,BgnotA,20,2934161.311393,2934172.677124,11.365731
603,1,12,If the weather in England is normal on a random daywhat is the probability that the weather will also be not typical on the same day?, not typical given normal,notBgA,60,2934172.828202,2934193.468911,20.640710
603,1,13,What is the probability that the weather will be  not normal and not typical on a random day in England?, not normal and not typical,notAandnotB,0,2934193.595117,2934200.991793,7.396676
603,1,14,What is the probability that the weather will be  not normal on a random day in England?, not normal,notA,40,2934201.111875,2934207.884760,6.772885
603,1,15,What is the probability that the weather will be  icy and not frosty on a random day in England?, icy and not frosty,AandnotB,10,2934208.061974,2934212.940707,4.878733
603,1,16,What is the probability that the weather will be  not icy and not frosty on a random day in England?, not icy and not frosty,notAandnotB,90,2934213.095376,2934222.028534,8.933158
603,1,17,If the weather in England is not normal on a random daywhat is the probability that the weather will also be not typical on the same day?, not typical given not normal,notBgnotA,70,2934222.128818,2934231.076399,8.947581
603,1,18,What is the probability that the weather will be  frosty or not icy on a random day in England?, frosty or not icy,notAorB,30,2934231.178937,2934238.476608,7.297671
603,1,19,What is the probability that the weather will be  icy and frosty on a random day in England?, icy and frosty,AandB,5,2934238.595668,2934245.780279,7.184612
603,1,20,If the weather in England is icy on a random daywhat is the probability that the weather will also be not frosty on the same day?, not frosty given icy,notBgA,60,2934245.929109,2934259.227979,13.298870
603,1,21,If the weather in England is not frosty on a random daywhat is the probability that the weather will also be not icy on the same day?, not icy given not frosty,notAgnotB,90,2934259.312595,2934278.611924,19.299328
603,1,22,If the weather in England is not typical on a random daywhat is the probability that the weather will also be normal on the same day?, normal given not typical,AgnotB,20,2934278.696163,2934287.595617,8.899454
603,1,23,If the weather in England is typical on a random daywhat is the probability that the weather will also be not normal on the same day?, not normal given typical,notAgB,80,2934287.662947,2934297.563667,9.900720
603,1,24,What is the probability that the weather will be  normal and not typical on a random day in England?, normal and not typical,AandnotB,60,2934297.663100,2934305.459504,7.796404
603,1,25,If the weather in England is frosty on a random daywhat is the probability that the weather will also be icy on the same day?, icy given frosty,AgB,70,2934305.563190,2934318.891573,13.328383
603,1,26,If the weather in England is typical on a random daywhat is the probability that the weather will also be normal on the same day?, normal given typical,AgB,20,2934319.080002,2934330.715279,11.635277
603,1,27,If the weather in England is frosty on a random daywhat is the probability that the weather will also be not icy on the same day?, not icy given frosty,notAgB,40,2934330.830144,2934347.338927,16.508782
603,1,28,What is the probability that the weather will be  not icy on a random day in England?, not icy,notA,95,2934347.447039,2934355.282909,7.835870
603,1,29,What is the probability that the weather will be  not typical on a random day in England?, not typical,notB,40,2934355.430463,2934359.506890,4.076427
603,1,30,If the weather in England is icy on a random daywhat is the probability that the weather will also be frosty on the same day?, frosty given icy,BgA,70,2934359.647191,2934366.205748,6.558557
603,1,31,If the weather in England is not icy on a random daywhat is the probability that the weather will also be not frosty on the same day?, not frosty given not icy,notBgnotA,90,2934366.297302,2934378.682574,12.385272
603,1,32,What is the probability that the weather will be  not normal or not typical on a random day in England?, not normal or not typical,notAornotB,40,2934378.797457,2934385.419321,6.621864
603,1,33,What is the probability that the weather will be  not frosty on a random day in England?, not frosty,notB,90,2934385.530819,2934397.189145,11.658325
603,1,34,What is the probability that the weather will be  icy or frosty on a random day in England?, icy or frosty,AorB,20,2934397.380982,2934400.906254,3.525272
603,1,35,If the weather in England is not frosty on a random daywhat is the probability that the weather will also be icy on the same day?, icy given not frosty,AgnotB,2,2934401.064344,2934410.242289,9.177945
603,1,36,What is the probability that the weather will be  normal on a random day in England?, normal,A,60,2934410.364489,2934420.090594,9.726105
603,1,37,What is the probability that the weather will be  typical or not normal on a random day in England?, typical or not normal,notAorB,40,2934420.181289,2934428.481892,8.300603
603,1,38,What is the probability that the weather will be  not icy or not frosty on a random day in England?, not icy or not frosty,notAornotB,70,2934428.614719,2934433.393856,4.779136
603,1,39,What is the probability that the weather will be  frosty on a random day in England?, frosty,B,5,2934433.464778,2934436.969858,3.505080
603,1,40,What is the probability that the weather will be  icy on a random day in England?, icy,A,2,2934437.114830,2934440.642821,3.527992
603,2,1,What is the probability that the weather will be  frosty and not icy on a random day in England?, frosty and not icy,notAandB,10,2934440.848200,2934445.521759,4.673559
603,2,2,If the weather in England is normal on a random daywhat is the probability that the weather will also be not typical on the same day?, not typical given normal,notBgA,10,2934445.698263,2934452.225629,6.527365
603,2,3,What is the probability that the weather will be  not normal and not typical on a random day in England?, not normal and not typical,notAandnotB,0,2934452.331670,2934462.793419,10.461749
603,2,4,If the weather in England is not frosty on a random daywhat is the probability that the weather will also be icy on the same day?, icy given not frosty,AgnotB,10,2934462.965150,2934473.137371,10.172221
603,2,5,If the weather in England is not icy on a random daywhat is the probability that the weather will also be frosty on the same day?, frosty given not icy,BgnotA,10,2934473.265277,2934481.537271,8.271994
603,2,6,If the weather in England is not frosty on a random daywhat is the probability that the weather will also be not icy on the same day?, not icy given not frosty,notAgnotB,80,2934481.615349,2934492.057081,10.441731
603,2,7,What is the probability that the weather will be  not icy and not frosty on a random day in England?, not icy and not frosty,notAandnotB,70,2934492.198840,2934499.617059,7.418219
603,2,8,What is the probability that the weather will be  icy and not frosty on a random day in England?, icy and not frosty,AandnotB,10,2934499.748915,2934507.353648,7.604734
603,2,9,What is the probability that the weather will be  frosty on a random day in England?, frosty,B,20,2934507.482353,2934516.641148,9.158795
603,2,10,What is the probability that the weather will be  icy and frosty on a random day in England?, icy and frosty,AandB,15,2934516.732483,2934526.064605,9.332122
603,2,11,What is the probability that the weather will be  not typical on a random day in England?, not typical,notB,40,2934526.132590,2934534.104513,7.971923
603,2,12,If the weather in England is typical on a random daywhat is the probability that the weather will also be not normal on the same day?, not normal given typical,notAgB,100,2934534.199357,2934545.408375,11.209018
603,2,13,If the weather in England is not typical on a random daywhat is the probability that the weather will also be not normal on the same day?, not normal given not typical,notAgnotB,90,2934545.499511,2934551.896437,6.396926
603,2,14,What is the probability that the weather will be  icy on a random day in England?, icy,A,10,2934551.982911,2934561.288348,9.305437
603,2,15,What is the probability that the weather will be  not icy on a random day in England?, not icy,notA,90,2934561.483031,2934565.096116,3.613085
603,2,16,If the weather in England is normal on a random daywhat is the probability that the weather will also be typical on the same day?, typical given normal,BgA,90,2934565.249744,2934572.128019,6.878275
603,2,17,What is the probability that the weather will be  typical or not normal on a random day in England?, typical or not normal,notAorB,100,2934572.283167,2934579.056111,6.772943
603,2,18,If the weather in England is frosty on a random daywhat is the probability that the weather will also be icy on the same day?, icy given frosty,AgB,70,2934579.266579,2934595.039737,15.773158
603,2,19,If the weather in England is not icy on a random daywhat is the probability that the weather will also be not frosty on the same day?, not frosty given not icy,notBgnotA,80,2934595.150128,2934602.487657,7.337528
603,2,20,What is the probability that the weather will be  typical on a random day in England?, typical,B,40,2934602.566911,2934607.743902,5.176991
603,2,21,If the weather in England is icy on a random daywhat is the probability that the weather will also be frosty on the same day?, frosty given icy,BgA,70,2934607.883652,2934614.303482,6.419830
603,2,22,What is the probability that the weather will be  normal or not typical on a random day in England?, normal or not typical,AornotB,90,2934614.400357,2934622.239372,7.839015
603,2,23,What is the probability that the weather will be  not normal or not typical on a random day in England?, not normal or not typical,notAornotB,0,2934622.333787,2934629.831271,7.497484
603,2,24,If the weather in England is frosty on a random daywhat is the probability that the weather will also be not icy on the same day?, not icy given frosty,notAgB,30,2934630.033887,2934644.359145,14.325257
603,2,25,What is the probability that the weather will be  frosty or not icy on a random day in England?, frosty or not icy,notAorB,30,2934644.434069,2934652.359025,7.924956
603,2,26,What is the probability that the weather will be  not normal on a random day in England?, not normal,notA,40,2934652.434165,2934661.062941,8.628775
603,2,27,What is the probability that the weather will be  normal or typical on a random day in England?, normal or typical,AorB,60,2934661.134275,2934668.286866,7.152591
603,2,28,What is the probability that the weather will be  not frosty on a random day in England?, not frosty,notB,70,2934668.384370,2934676.502755,8.118385
603,2,29,If the weather in England is not normal on a random daywhat is the probability that the weather will also be typical on the same day?, typical given not normal,BgnotA,90,2934676.584440,2934685.430626,8.846186
603,2,30,If the weather in England is not typical on a random daywhat is the probability that the weather will also be normal on the same day?, normal given not typical,AgnotB,90,2934685.517908,2934692.486542,6.968635
603,2,31,What is the probability that the weather will be  icy or not frosty on a random day in England?, icy or not frosty,AornotB,5,2934692.584633,2934707.478400,14.893768
603,2,32,What is the probability that the weather will be  normal and not typical on a random day in England?, normal and not typical,AandnotB,90,2934707.618163,2934714.030284,6.412121
603,2,33,What is the probability that the weather will be  not icy or not frosty on a random day in England?, not icy or not frosty,notAornotB,70,2934714.134910,2934721.678194,7.543284
603,2,34,If the weather in England is not normal on a random daywhat is the probability that the weather will also be not typical on the same day?, not typical given not normal,notBgnotA,5,2934721.801690,2934731.078213,9.276523
603,2,35,What is the probability that the weather will be  typical and not normal on a random day in England?, typical and not normal,notAandB,10,2934731.168449,2934738.349970,7.181521
603,2,36,If the weather in England is icy on a random daywhat is the probability that the weather will also be not frosty on the same day?, not frosty given icy,notBgA,10,2934738.435234,2934745.965868,7.530634
603,2,37,What is the probability that the weather will be  normal and typical on a random day in England?, normal and typical,AandB,10,2934746.085328,2934752.581805,6.496477
603,2,38,If the weather in England is typical on a random daywhat is the probability that the weather will also be normal on the same day?, normal given typical,AgB,10,2934752.702088,2934761.669693,8.967605
603,2,39,What is the probability that the weather will be  normal on a random day in England?, normal,A,60,2934761.785510,2934767.869852,6.084342
603,2,40,What is the probability that the weather will be  icy or frosty on a random day in England?, icy or frosty,AorB,30,2934767.985604,2934771.069607,3.084003
603,3,1,What is the probability that the weather will be  frosty and not icy on a random day in England?, frosty and not icy,notAandB,20,2934771.185634,2934778.733498,7.547864
603,3,2,If the weather in England is icy on a random daywhat is the probability that the weather will also be not frosty on the same day?, not frosty given icy,notBgA,20,2934778.835744,2934786.341489,7.505745
603,3,3,What is the probability that the weather will be  icy and not frosty on a random day in England?, icy and not frosty,AandnotB,20,2934786.419156,2934792.949335,6.530179
603,3,4,What is the probability that the weather will be  normal or typical on a random day in England?, normal or typical,AorB,100,2934793.019245,2934801.925229,8.905984
603,3,5,What is the probability that the weather will be  normal and not typical on a random day in England?, normal and not typical,AandnotB,10,2934802.035994,2934812.261093,10.225099
603,3,6,If the weather in England is not typical on a random daywhat is the probability that the weather will also be normal on the same day?, normal given not typical,AgnotB,90,2934812.369499,2934821.397002,9.027502
603,3,7,If the weather in England is typical on a random daywhat is the probability that the weather will also be normal on the same day?, normal given typical,AgB,10,2934821.519588,2934831.868808,10.349220
603,3,8,What is the probability that the weather will be  normal or not typical on a random day in England?, normal or not typical,AornotB,10,2934831.986386,2934842.500690,10.514304
603,3,9,What is the probability that the weather will be  not normal on a random day in England?, not normal,notA,40,2934842.586520,2934849.020617,6.434097
603,3,10,What is the probability that the weather will be  frosty on a random day in England?, frosty,B,30,2934849.119936,2934863.436625,14.316690
603,3,11,What is the probability that the weather will be  icy or frosty on a random day in England?, icy or frosty,AorB,20,2934863.536784,2934868.148371,4.611586
603,3,12,If the weather in England is not normal on a random daywhat is the probability that the weather will also be typical on the same day?, typical given not normal,BgnotA,90,2934868.303485,2934878.356264,10.052779
603,3,13,If the weather in England is frosty on a random daywhat is the probability that the weather will also be not icy on the same day?, not icy given frosty,notAgB,40,2934878.436936,2934893.036087,14.599151
603,3,14,If the weather in England is typical on a random daywhat is the probability that the weather will also be not normal on the same day?, not normal given typical,notAgB,90,2934893.153805,2934899.836076,6.682271
603,3,15,If the weather in England is not frosty on a random daywhat is the probability that the weather will also be not icy on the same day?, not icy given not frosty,notAgnotB,80,2934899.937231,2934909.499850,9.562618
603,3,16,What is the probability that the weather will be  normal on a random day in England?, normal,A,60,2934909.587358,2934914.083978,4.496620
603,3,17,What is the probability that the weather will be  not typical on a random day in England?, not typical,notB,40,2934914.170757,2934919.891755,5.720998
603,3,18,If the weather in England is not typical on a random daywhat is the probability that the weather will also be not normal on the same day?, not normal given not typical,notAgnotB,10,2934920.004151,2934930.859625,10.855474
603,3,19,If the weather in England is not normal on a random daywhat is the probability that the weather will also be not typical on the same day?, not typical given not normal,notBgnotA,10,2934930.954287,2934936.563542,5.609255
603,3,20,What is the probability that the weather will be  icy and frosty on a random day in England?, icy and frosty,AandB,20,2934936.671010,2934940.267465,3.596454
603,3,21,If the weather in England is not icy on a random daywhat is the probability that the weather will also be not frosty on the same day?, not frosty given not icy,notBgnotA,70,2934940.387787,2934954.963350,14.575563
603,3,22,What is the probability that the weather will be  icy or not frosty on a random day in England?, icy or not frosty,AornotB,20,2934955.121260,2934960.307248,5.185988
603,3,23,What is the probability that the weather will be  not normal or not typical on a random day in England?, not normal or not typical,notAornotB,0,2934960.387984,2934967.739319,7.351336
603,3,24,If the weather in England is normal on a random daywhat is the probability that the weather will also be not typical on the same day?, not typical given normal,notBgA,90,2934967.904794,2934983.450965,15.546171
603,3,25,What is the probability that the weather will be  not frosty on a random day in England?, not frosty,notB,80,2934983.538280,2934990.874872,7.336592
603,3,26,What is the probability that the weather will be  frosty or not icy on a random day in England?, frosty or not icy,notAorB,70,2934990.988379,2934995.594822,4.606443
603,3,27,What is the probability that the weather will be  typical and not normal on a random day in England?, typical and not normal,notAandB,90,2934995.721762,2935001.730755,6.008993
603,3,28,If the weather in England is not icy on a random daywhat is the probability that the weather will also be frosty on the same day?, frosty given not icy,BgnotA,30,2935001.821809,2935014.355864,12.534054
603,3,29,What is the probability that the weather will be  not icy on a random day in England?, not icy,notA,90,2935014.438667,2935020.442531,6.003864
603,3,30,What is the probability that the weather will be  normal and typical on a random day in England?, normal and typical,AandB,5,2935020.538721,2935036.490447,15.951725
603,3,31,If the weather in England is icy on a random daywhat is the probability that the weather will also be frosty on the same day?, frosty given icy,BgA,80,2935036.588939,2935041.770239,5.181300
603,3,32,What is the probability that the weather will be  not normal and not typical on a random day in England?, not normal and not typical,notAandnotB,5,2935041.872335,2935047.898539,6.026204
603,3,33,What is the probability that the weather will be  typical or not normal on a random day in England?, typical or not normal,notAorB,90,2935048.005727,2935052.730096,4.724369
603,3,34,What is the probability that the weather will be  icy on a random day in England?, icy,A,20,2935052.872475,2935057.234327,4.361852
603,3,35,What is the probability that the weather will be  not icy and not frosty on a random day in England?, not icy and not frosty,notAandnotB,70,2935057.355853,2935064.689757,7.333904
603,3,36,If the weather in England is frosty on a random daywhat is the probability that the weather will also be icy on the same day?, icy given frosty,AgB,70,2935064.872629,2935082.761778,17.889149
603,3,37,If the weather in England is normal on a random daywhat is the probability that the weather will also be typical on the same day?, typical given normal,BgA,5,2935082.839543,2935092.249818,9.410274
603,3,38,What is the probability that the weather will be  not icy or not frosty on a random day in England?, not icy or not frosty,notAornotB,80,2935092.389623,2935108.121457,15.731835
603,3,39,If the weather in England is not frosty on a random daywhat is the probability that the weather will also be icy on the same day?, icy given not frosty,AgnotB,70,2935108.206480,2935113.553347,5.346867
603,3,40,What is the probability that the weather will be  typical on a random day in England?, typical,B,40,2935113.689866,2935118.945498,5.255632
