ID,block,trial,query,querydetail,querytype,estimate,starttime,endtime,RT
806,1,1,What is the probability that the weather will be  not typical on a random day in England?, not typical,notB,25,2547466.337339,2547475.537889,9.200549
806,1,2,What is the probability that the weather will be  icy and frosty on a random day in England?, icy and frosty,AandB,15,2547475.637444,2547484.363567,8.726123
806,1,3,If the weather in England is icy on a random daywhat is the probability that the weather will also be not frosty on the same day?, not frosty given icy,notBgA,70,2547484.487490,2547493.981495,9.494005
806,1,4,What is the probability that the weather will be  not frosty on a random day in England?, not frosty,notB,65,2547494.087564,2547505.078228,10.990664
806,1,5,What is the probability that the weather will be  not normal and not typical on a random day in England?, not normal and not typical,notAandnotB,30,2547505.204266,2547527.308764,22.104498
806,1,6,What is the probability that the weather will be  normal on a random day in England?, normal,A,70,2547527.437706,2547535.956524,8.518818
806,1,7,If the weather in England is typical on a random daywhat is the probability that the weather will also be normal on the same day?, normal given typical,AgB,35,2547536.087728,2547544.932307,8.844578
806,1,8,What is the probability that the weather will be  normal and typical on a random day in England?, normal and typical,AandB,65,2547545.037785,2547553.036274,7.998489
806,1,9,If the weather in England is icy on a random daywhat is the probability that the weather will also be frosty on the same day?, frosty given icy,BgA,60,2547553.137801,2547562.475888,9.338087
806,1,10,What is the probability that the weather will be  normal or typical on a random day in England?, normal or typical,AorB,65,2547562.554490,2547569.635739,7.081250
806,1,11,If the weather in England is not normal on a random daywhat is the probability that the weather will also be typical on the same day?, typical given not normal,BgnotA,70,2547569.754568,2547576.971649,7.217081
806,1,12,What is the probability that the weather will be  not icy on a random day in England?, not icy,notA,65,2547577.087978,2547593.731331,16.643353
806,1,13,If the weather in England is not normal on a random daywhat is the probability that the weather will also be not typical on the same day?, not typical given not normal,notBgnotA,60,2547593.854699,2547603.019125,9.164426
806,1,14,What is the probability that the weather will be  icy and not frosty on a random day in England?, icy and not frosty,AandnotB,70,2547603.104735,2547609.795003,6.690268
806,1,15,What is the probability that the weather will be  icy or frosty on a random day in England?, icy or frosty,AorB,25,2547609.904779,2547614.402868,4.498089
806,1,16,What is the probability that the weather will be  frosty and not icy on a random day in England?, frosty and not icy,notAandB,45,2547614.538123,2547622.210657,7.672534
806,1,17,What is the probability that the weather will be  icy or not frosty on a random day in England?, icy or not frosty,AornotB,65,2547622.321489,2547627.378565,5.057076
806,1,18,If the weather in England is not icy on a random daywhat is the probability that the weather will also be frosty on the same day?, frosty given not icy,BgnotA,35,2547627.488195,2547641.210241,13.722046
806,1,19,What is the probability that the weather will be  frosty or not icy on a random day in England?, frosty or not icy,notAorB,65,2547641.371567,2547647.546433,6.174866
806,1,20,What is the probability that the weather will be  normal or not typical on a random day in England?, normal or not typical,AornotB,20,2547647.654958,2547661.177878,13.522920
806,1,21,If the weather in England is not frosty on a random daywhat is the probability that the weather will also be icy on the same day?, icy given not frosty,AgnotB,30,2547661.271696,2547680.625453,19.353757
806,1,22,If the weather in England is not icy on a random daywhat is the probability that the weather will also be not frosty on the same day?, not frosty given not icy,notBgnotA,20,2547680.705155,2547688.593547,7.888392
806,1,23,If the weather in England is not typical on a random daywhat is the probability that the weather will also be not normal on the same day?, not normal given not typical,notAgnotB,60,2547688.688504,2547695.529242,6.840738
806,1,24,What is the probability that the weather will be  typical and not normal on a random day in England?, typical and not normal,notAandB,20,2547695.621854,2547711.024869,15.403015
806,1,25,What is the probability that the weather will be  not icy and not frosty on a random day in England?, not icy and not frosty,notAandnotB,65,2547711.138620,2547718.792839,7.654219
806,1,26,What is the probability that the weather will be  typical on a random day in England?, typical,B,70,2547718.955298,2547725.681028,6.725730
806,1,27,If the weather in England is not frosty on a random daywhat is the probability that the weather will also be not icy on the same day?, not icy given not frosty,notAgnotB,45,2547725.772043,2547741.368137,15.596095
806,1,28,What is the probability that the weather will be  normal and not typical on a random day in England?, normal and not typical,AandnotB,40,2547741.522072,2547755.952012,14.429940
806,1,29,If the weather in England is frosty on a random daywhat is the probability that the weather will also be not icy on the same day?, not icy given frosty,notAgB,30,2547756.122150,2547772.815507,16.693357
806,1,30,What is the probability that the weather will be  frosty on a random day in England?, frosty,B,20,2547772.955567,2547778.191729,5.236161
806,1,31,What is the probability that the weather will be  icy on a random day in England?, icy,A,15,2547778.338918,2547781.599460,3.260543
806,1,32,If the weather in England is typical on a random daywhat is the probability that the weather will also be not normal on the same day?, not normal given typical,notAgB,20,2547781.738922,2547791.543155,9.804234
806,1,33,What is the probability that the weather will be  not icy or not frosty on a random day in England?, not icy or not frosty,notAornotB,70,2547791.655655,2547800.383250,8.727596
806,1,34,What is the probability that the weather will be  not normal on a random day in England?, not normal,notA,20,2547800.522354,2547814.710644,14.188290
806,1,35,If the weather in England is normal on a random daywhat is the probability that the weather will also be typical on the same day?, typical given normal,BgA,75,2547814.872434,2547820.438526,5.566093
806,1,36,If the weather in England is normal on a random daywhat is the probability that the weather will also be not typical on the same day?, not typical given normal,notBgA,30,2547820.589059,2547826.558552,5.969493
806,1,37,If the weather in England is not typical on a random daywhat is the probability that the weather will also be normal on the same day?, normal given not typical,AgnotB,15,2547826.705812,2547842.870091,16.164280
806,1,38,If the weather in England is frosty on a random daywhat is the probability that the weather will also be icy on the same day?, icy given frosty,AgB,30,2547843.039239,2547852.853939,9.814701
806,1,39,What is the probability that the weather will be  typical or not normal on a random day in England?, typical or not normal,notAorB,15,2547853.072593,2547857.749739,4.677146
806,1,40,What is the probability that the weather will be  not normal or not typical on a random day in England?, not normal or not typical,notAornotB,15,2547857.972624,2547861.941627,3.969003
806,2,1,If the weather in England is not typical on a random daywhat is the probability that the weather will also be not normal on the same day?, not normal given not typical,notAgnotB,40,2547862.172650,2547873.733359,11.560709
806,2,2,What is the probability that the weather will be  icy on a random day in England?, icy,A,15,2547873.956039,2547879.493596,5.537556
806,2,3,What is the probability that the weather will be  not icy or not frosty on a random day in England?, not icy or not frosty,notAornotB,70,2547879.706077,2547888.085114,8.379037
806,2,4,If the weather in England is normal on a random daywhat is the probability that the weather will also be typical on the same day?, typical given normal,BgA,45,2547888.272788,2547897.348964,9.076176
806,2,5,What is the probability that the weather will be  not frosty on a random day in England?, not frosty,notB,70,2547897.489494,2547904.300773,6.811279
806,2,6,What is the probability that the weather will be  normal and typical on a random day in England?, normal and typical,AandB,65,2547904.472873,2547913.172447,8.699575
806,2,7,What is the probability that the weather will be  not icy and not frosty on a random day in England?, not icy and not frosty,notAandnotB,70,2547913.356232,2547919.180299,5.824068
806,2,8,What is the probability that the weather will be  not normal on a random day in England?, not normal,notA,15,2547919.272939,2547927.748141,8.475202
806,2,9,What is the probability that the weather will be  typical or not normal on a random day in England?, typical or not normal,notAorB,12,2547927.922970,2547933.163968,5.240999
806,2,10,If the weather in England is not icy on a random daywhat is the probability that the weather will also be frosty on the same day?, frosty given not icy,BgnotA,30,2547933.356335,2547941.771826,8.415491
806,2,11,If the weather in England is typical on a random daywhat is the probability that the weather will also be not normal on the same day?, not normal given typical,notAgB,20,2547941.989683,2547949.228495,7.238811
806,2,12,If the weather in England is frosty on a random daywhat is the probability that the weather will also be not icy on the same day?, not icy given frosty,notAgB,40,2547949.473085,2547972.563372,23.090287
806,2,13,If the weather in England is not frosty on a random daywhat is the probability that the weather will also be not icy on the same day?, not icy given not frosty,notAgnotB,50,2547972.656541,2547979.395083,6.738542
806,2,14,What is the probability that the weather will be  frosty and not icy on a random day in England?, frosty and not icy,notAandB,75,2547979.506543,2547985.058941,5.552398
806,2,15,What is the probability that the weather will be  typical and not normal on a random day in England?, typical and not normal,notAandB,25,2547985.223236,2547991.722766,6.499530
806,2,16,What is the probability that the weather will be  not normal or not typical on a random day in England?, not normal or not typical,notAornotB,15,2547991.873288,2547995.794658,3.921370
806,2,17,If the weather in England is icy on a random daywhat is the probability that the weather will also be not frosty on the same day?, not frosty given icy,notBgA,30,2547995.973313,2548004.570507,8.597193
806,2,18,What is the probability that the weather will be  normal and not typical on a random day in England?, normal and not typical,AandnotB,25,2548004.706650,2548013.866276,9.159626
806,2,19,If the weather in England is typical on a random daywhat is the probability that the weather will also be normal on the same day?, normal given typical,AgB,75,2548013.973405,2548020.465907,6.492502
806,2,20,If the weather in England is icy on a random daywhat is the probability that the weather will also be frosty on the same day?, frosty given icy,BgA,40,2548020.590098,2548027.754004,7.163906
806,2,21,What is the probability that the weather will be  normal or not typical on a random day in England?, normal or not typical,AornotB,70,2548027.923466,2548042.361741,14.438274
806,2,22,What is the probability that the weather will be  icy or frosty on a random day in England?, icy or frosty,AorB,20,2548042.456871,2548051.177512,8.720640
806,2,23,What is the probability that the weather will be  normal or typical on a random day in England?, normal or typical,AorB,80,2548051.340245,2548060.209398,8.869152
806,2,24,What is the probability that the weather will be  icy and frosty on a random day in England?, icy and frosty,AandB,15,2548060.356961,2548068.553181,8.196220
806,2,25,If the weather in England is not frosty on a random daywhat is the probability that the weather will also be icy on the same day?, icy given not frosty,AgnotB,20,2548068.757002,2548082.544851,13.787849
806,2,26,What is the probability that the weather will be  normal on a random day in England?, normal,A,75,2548082.757073,2548086.537081,3.780008
806,2,27,What is the probability that the weather will be  icy or not frosty on a random day in England?, icy or not frosty,AornotB,15,2548086.690397,2548100.024562,13.334166
806,2,28,If the weather in England is frosty on a random daywhat is the probability that the weather will also be icy on the same day?, icy given frosty,AgB,40,2548100.223810,2548106.960335,6.736524
806,2,29,If the weather in England is not typical on a random daywhat is the probability that the weather will also be normal on the same day?, normal given not typical,AgnotB,20,2548107.173860,2548112.992207,5.818348
806,2,30,What is the probability that the weather will be  typical on a random day in England?, typical,B,74,2548113.223875,2548126.946096,13.722221
806,2,31,What is the probability that the weather will be  frosty on a random day in England?, frosty,B,15,2548127.123922,2548132.472354,5.348432
806,2,32,If the weather in England is not icy on a random daywhat is the probability that the weather will also be not frosty on the same day?, not frosty given not icy,notBgnotA,40,2548132.690643,2548143.191621,10.500977
806,2,33,If the weather in England is normal on a random daywhat is the probability that the weather will also be not typical on the same day?, not typical given normal,notBgA,25,2548143.407355,2548159.055242,15.647887
806,2,34,If the weather in England is not normal on a random daywhat is the probability that the weather will also be not typical on the same day?, not typical given not normal,notBgnotA,75,2548159.224083,2548163.983142,4.759059
806,2,35,What is the probability that the weather will be  frosty or not icy on a random day in England?, frosty or not icy,notAorB,30,2548164.074053,2548173.862955,9.788901
806,2,36,If the weather in England is not normal on a random daywhat is the probability that the weather will also be typical on the same day?, typical given not normal,BgnotA,25,2548174.040814,2548182.062761,8.021947
806,2,37,What is the probability that the weather will be  icy and not frosty on a random day in England?, icy and not frosty,AandnotB,15,2548182.257548,2548193.710541,11.452992
806,2,38,What is the probability that the weather will be  not icy on a random day in England?, not icy,notA,80,2548193.874265,2548205.494272,11.620007
806,2,39,What is the probability that the weather will be  not normal and not typical on a random day in England?, not normal and not typical,notAandnotB,20,2548205.674335,2548217.494070,11.819735
806,2,40,What is the probability that the weather will be  not typical on a random day in England?, not typical,notB,20,2548217.674389,2548226.125844,8.451455
806,3,1,If the weather in England is typical on a random daywhat is the probability that the weather will also be not normal on the same day?, not normal given typical,notAgB,40,2548226.291089,2548234.085666,7.794577
806,3,2,What is the probability that the weather will be  icy or frosty on a random day in England?, icy or frosty,AorB,15,2548234.191111,2548238.637577,4.446466
806,3,3,What is the probability that the weather will be  normal and typical on a random day in England?, normal and typical,AandB,75,2548238.807799,2548243.645480,4.837681
806,3,4,What is the probability that the weather will be  icy and frosty on a random day in England?, icy and frosty,AandB,40,2548243.841182,2548247.653393,3.812211
806,3,5,If the weather in England is normal on a random daywhat is the probability that the weather will also be not typical on the same day?, not typical given normal,notBgA,15,2548247.757851,2548252.453258,4.695407
806,3,6,If the weather in England is not typical on a random daywhat is the probability that the weather will also be not normal on the same day?, not normal given not typical,notAgnotB,70,2548252.591194,2548257.781193,5.189999
806,3,7,What is the probability that the weather will be  icy on a random day in England?, icy,A,15,2548257.874560,2548262.133204,4.258644
806,3,8,If the weather in England is icy on a random daywhat is the probability that the weather will also be frosty on the same day?, frosty given icy,BgA,40,2548262.257916,2548269.076947,6.819031
806,3,9,What is the probability that the weather will be  not icy and not frosty on a random day in England?, not icy and not frosty,notAandnotB,75,2548269.174644,2548274.444815,5.270171
806,3,10,What is the probability that the weather will be  normal or not typical on a random day in England?, normal or not typical,AornotB,20,2548274.557995,2548283.060678,8.502682
806,3,11,What is the probability that the weather will be  typical or not normal on a random day in England?, typical or not normal,notAorB,20,2548283.158029,2548286.588564,3.430535
806,3,12,What is the probability that the weather will be  frosty on a random day in England?, frosty,B,15,2548286.708040,2548290.420975,3.712935
806,3,13,What is the probability that the weather will be  normal and not typical on a random day in England?, normal and not typical,AandnotB,20,2548290.574673,2548294.284426,3.709753
806,3,14,What is the probability that the weather will be  not frosty on a random day in England?, not frosty,notB,15,2548294.408103,2548297.260320,2.852217
806,3,15,What is the probability that the weather will be  not typical on a random day in England?, not typical,notB,20,2548297.391448,2548301.468294,4.076846
806,3,16,What is the probability that the weather will be  frosty and not icy on a random day in England?, frosty and not icy,notAandB,20,2548301.608167,2548306.340201,4.732033
806,3,17,What is the probability that the weather will be  not icy or not frosty on a random day in England?, not icy or not frosty,notAornotB,75,2548306.491462,2548310.716079,4.224617
806,3,18,What is the probability that the weather will be  not normal on a random day in England?, not normal,notA,20,2548310.808179,2548316.083969,5.275789
806,3,19,If the weather in England is typical on a random daywhat is the probability that the weather will also be normal on the same day?, normal given typical,AgB,75,2548316.191547,2548321.139837,4.948290
806,3,20,If the weather in England is not icy on a random daywhat is the probability that the weather will also be frosty on the same day?, frosty given not icy,BgnotA,20,2548321.258194,2548326.771734,5.513540
806,3,21,If the weather in England is not normal on a random daywhat is the probability that the weather will also be typical on the same day?, typical given not normal,BgnotA,15,2548326.874894,2548337.275543,10.400649
806,3,22,If the weather in England is not frosty on a random daywhat is the probability that the weather will also be not icy on the same day?, not icy given not frosty,notAgnotB,60,2548337.424975,2548347.515297,10.090323
806,3,23,What is the probability that the weather will be  not normal and not typical on a random day in England?, not normal and not typical,notAandnotB,20,2548347.625021,2548352.595182,4.970160
806,3,24,What is the probability that the weather will be  not icy on a random day in England?, not icy,notA,70,2548352.691707,2548357.011086,4.319379
806,3,25,If the weather in England is not normal on a random daywhat is the probability that the weather will also be not typical on the same day?, not typical given not normal,notBgnotA,75,2548357.108394,2548365.482607,8.374213
806,3,26,What is the probability that the weather will be  typical on a random day in England?, typical,B,80,2548365.575087,2548371.027020,5.451933
806,3,27,If the weather in England is not frosty on a random daywhat is the probability that the weather will also be icy on the same day?, icy given not frosty,AgnotB,15,2548371.141767,2548378.906656,7.764889
806,3,28,What is the probability that the weather will be  icy or not frosty on a random day in England?, icy or not frosty,AornotB,20,2548379.058500,2548386.394530,7.336030
806,3,29,What is the probability that the weather will be  not normal or not typical on a random day in England?, not normal or not typical,notAornotB,20,2548386.491854,2548394.362334,7.870480
806,3,30,If the weather in England is frosty on a random daywhat is the probability that the weather will also be not icy on the same day?, not icy given frosty,notAgB,20,2548394.508552,2548401.074152,6.565600
806,3,31,If the weather in England is frosty on a random daywhat is the probability that the weather will also be icy on the same day?, icy given frosty,AgB,40,2548401.225283,2548406.498045,5.272762
806,3,32,What is the probability that the weather will be  normal or typical on a random day in England?, normal or typical,AorB,80,2548406.608615,2548412.913951,6.305335
806,3,33,What is the probability that the weather will be  typical and not normal on a random day in England?, typical and not normal,notAandB,20,2548413.025334,2548416.841813,3.816479
806,3,34,If the weather in England is not icy on a random daywhat is the probability that the weather will also be not frosty on the same day?, not frosty given not icy,notBgnotA,40,2548416.942015,2548420.897748,3.955733
806,3,35,If the weather in England is normal on a random daywhat is the probability that the weather will also be typical on the same day?, typical given normal,BgA,70,2548421.008706,2548425.761664,4.752957
806,3,36,What is the probability that the weather will be  icy and not frosty on a random day in England?, icy and not frosty,AandnotB,15,2548425.858708,2548430.833547,4.974840
806,3,37,If the weather in England is icy on a random daywhat is the probability that the weather will also be not frosty on the same day?, not frosty given icy,notBgA,15,2548430.992063,2548440.033362,9.041299
806,3,38,What is the probability that the weather will be  normal on a random day in England?, normal,A,80,2548440.142124,2548443.353448,3.211324
806,3,39,If the weather in England is not typical on a random daywhat is the probability that the weather will also be normal on the same day?, normal given not typical,AgnotB,15,2548443.458795,2548452.953150,9.494354
806,3,40,What is the probability that the weather will be  frosty or not icy on a random day in England?, frosty or not icy,notAorB,20,2548453.175513,2548459.264930,6.089417
