ID,block,trial,query,querydetail,querytype,estimate,starttime,endtime,RT
107,1,1,What is the probability that the weather will be  normal and typical on a random day in England?, normal and typical,AandB,50,1891324.883503,1891338.045585,13.162082
107,1,2,If the weather in England is typical on a random daywhat is the probability that the weather will also be normal on the same day?, normal given typical,AgB,50,1891338.200620,1891361.907014,23.706394
107,1,3,If the weather in England is not frosty on a random daywhat is the probability that the weather will also be not icy on the same day?, not icy given not frosty,notAgnotB,60,1891362.100433,1891371.941116,9.840682
107,1,4,What is the probability that the weather will be  normal or not typical on a random day in England?, normal or not typical,AornotB,50,1891372.200416,1891381.220267,9.019851
107,1,5,If the weather in England is not frosty on a random daywhat is the probability that the weather will also be icy on the same day?, icy given not frosty,AgnotB,60,1891381.433566,1891396.941949,15.508383
107,1,6,If the weather in England is icy on a random daywhat is the probability that the weather will also be not frosty on the same day?, not frosty given icy,notBgA,30,1891397.200196,1891412.203253,15.003057
107,1,7,What is the probability that the weather will be  not frosty on a random day in England?, not frosty,notB,30,1891412.416964,1891428.570854,16.153889
107,1,8,What is the probability that the weather will be  normal and not typical on a random day in England?, normal and not typical,AandnotB,20,1891428.800291,1891435.554680,6.754390
107,1,9,What is the probability that the weather will be  icy or frosty on a random day in England?, icy or frosty,AorB,20,1891435.766957,1891439.250537,3.483580
107,1,10,What is the probability that the weather will be  normal on a random day in England?, normal,A,5,1891439.483563,1891445.839250,6.355687
107,1,11,If the weather in England is not normal on a random daywhat is the probability that the weather will also be not typical on the same day?, not typical given not normal,notBgnotA,70,1891446.016811,1891468.170041,22.153231
107,1,12,What is the probability that the weather will be  not icy on a random day in England?, not icy,notA,75,1891468.350182,1891478.177841,9.827659
107,1,13,What is the probability that the weather will be  icy and not frosty on a random day in England?, icy and not frosty,AandnotB,70,1891478.333514,1891488.521607,10.188093
107,1,14,If the weather in England is frosty on a random daywhat is the probability that the weather will also be not icy on the same day?, not icy given frosty,notAgB,60,1891488.683281,1891496.441475,7.758194
107,1,15,If the weather in England is not icy on a random daywhat is the probability that the weather will also be not frosty on the same day?, not frosty given not icy,notBgnotA,60,1891496.600118,1891502.185479,5.585361
107,1,16,If the weather in England is normal on a random daywhat is the probability that the weather will also be typical on the same day?, typical given normal,BgA,70,1891502.333436,1891510.185243,7.851807
107,1,17,If the weather in England is normal on a random daywhat is the probability that the weather will also be not typical on the same day?, not typical given normal,notBgA,70,1891510.333436,1891514.577821,4.244384
107,1,18,What is the probability that the weather will be  not typical on a random day in England?, not typical,notB,70,1891514.766710,1891525.008877,10.242167
107,1,19,What is the probability that the weather will be  not normal and not typical on a random day in England?, not normal and not typical,notAandnotB,70,1891525.200059,1891533.912855,8.712796
107,1,20,What is the probability that the weather will be  frosty and not icy on a random day in England?, frosty and not icy,notAandB,70,1891534.083364,1891538.256558,4.173194
107,1,21,What is the probability that the weather will be  frosty or not icy on a random day in England?, frosty or not icy,notAorB,70,1891538.433349,1891542.232532,3.799183
107,1,22,If the weather in England is not typical on a random daywhat is the probability that the weather will also be not normal on the same day?, not normal given not typical,notAgnotB,60,1891542.583332,1891552.328320,9.744988
107,1,23,What is the probability that the weather will be  not icy and not frosty on a random day in England?, not icy and not frosty,notAandnotB,60,1891552.516638,1891556.344410,3.827773
107,1,24,What is the probability that the weather will be  typical or not normal on a random day in England?, typical or not normal,notAorB,60,1891556.516636,1891559.224121,2.707485
107,1,25,If the weather in England is not icy on a random daywhat is the probability that the weather will also be frosty on the same day?, frosty given not icy,BgnotA,70,1891559.416601,1891574.375779,14.959178
107,1,26,If the weather in England is not normal on a random daywhat is the probability that the weather will also be typical on the same day?, typical given not normal,BgnotA,79,1891574.483239,1891578.360020,3.876781
107,1,27,What is the probability that the weather will be  frosty on a random day in England?, frosty,B,20,1891578.466556,1891582.720075,4.253518
107,1,28,What is the probability that the weather will be  normal or typical on a random day in England?, normal or typical,AorB,50,1891582.833217,1891587.447514,4.614297
107,1,29,What is the probability that the weather will be  typical on a random day in England?, typical,B,50,1891587.599861,1891591.103648,3.503787
107,1,30,If the weather in England is typical on a random daywhat is the probability that the weather will also be not normal on the same day?, not normal given typical,notAgB,50,1891591.283180,1891595.415384,4.132204
107,1,31,What is the probability that the weather will be  typical and not normal on a random day in England?, typical and not normal,notAandB,50,1891595.533155,1891598.311337,2.778182
107,1,32,If the weather in England is icy on a random daywhat is the probability that the weather will also be frosty on the same day?, frosty given icy,BgA,59,1891598.566419,1891601.079200,2.512781
107,1,33,What is the probability that the weather will be  icy or not frosty on a random day in England?, icy or not frosty,AornotB,50,1891601.249783,1891604.023286,2.773503
107,1,34,What is the probability that the weather will be  not normal or not typical on a random day in England?, not normal or not typical,notAornotB,50,1891604.199783,1891605.607086,1.407303
107,1,35,What is the probability that the weather will be  not normal on a random day in England?, not normal,notA,60,1891605.783113,1891610.071046,4.287933
107,1,36,If the weather in England is not typical on a random daywhat is the probability that the weather will also be normal on the same day?, normal given not typical,AgnotB,30,1891610.266429,1891613.686954,3.420525
107,1,37,What is the probability that the weather will be  icy and frosty on a random day in England?, icy and frosty,AandB,20,1891615.616397,1891619.366937,3.750540
107,1,38,What is the probability that the weather will be  not icy or not frosty on a random day in England?, not icy or not frosty,notAornotB,30,1891619.533073,1891627.038684,7.505611
107,1,39,What is the probability that the weather will be  icy on a random day in England?, icy,A,20,1891627.233048,1891630.630747,3.397700
107,1,40,If the weather in England is frosty on a random daywhat is the probability that the weather will also be icy on the same day?, icy given frosty,AgB,20,1891630.849703,1891633.998541,3.148839
107,2,1,What is the probability that the weather will be  not icy or not frosty on a random day in England?, not icy or not frosty,notAornotB,20,1891634.199168,1891652.542270,18.343102
107,2,2,If the weather in England is normal on a random daywhat is the probability that the weather will also be typical on the same day?, typical given normal,BgA,50,1891653.466273,1891665.453883,11.987610
107,2,3,What is the probability that the weather will be  not normal on a random day in England?, not normal,notA,50,1891665.599653,1891668.845867,3.246214
107,2,4,If the weather in England is not icy on a random daywhat is the probability that the weather will also be frosty on the same day?, frosty given not icy,BgnotA,80,1891668.999627,1891684.285473,15.285846
107,2,5,What is the probability that the weather will be  icy or not frosty on a random day in England?, icy or not frosty,AornotB,20,1891684.482910,1891688.517369,4.034459
107,2,6,What is the probability that the weather will be  typical or not normal on a random day in England?, typical or not normal,notAorB,70,1891688.699577,1891697.189085,8.489509
107,2,7,If the weather in England is not normal on a random daywhat is the probability that the weather will also be typical on the same day?, typical given not normal,BgnotA,50,1891697.382882,1891704.204925,6.822043
107,2,8,What is the probability that the weather will be  frosty on a random day in England?, frosty,B,20,1891704.432848,1891709.373315,4.940467
107,2,9,If the weather in England is typical on a random daywhat is the probability that the weather will also be normal on the same day?, normal given typical,AgB,50,1891709.549485,1891717.316656,7.767171
107,2,10,What is the probability that the weather will be  not frosty on a random day in England?, not frosty,notB,20,1891717.499498,1891721.396681,3.897184
107,2,11,What is the probability that the weather will be  normal or typical on a random day in England?, normal or typical,AorB,5,1891721.549476,1891728.368906,6.819429
107,2,12,What is the probability that the weather will be  not normal or not typical on a random day in England?, not normal or not typical,notAornotB,50,1891728.599427,1891734.364278,5.764851
107,2,13,What is the probability that the weather will be  normal or not typical on a random day in England?, normal or not typical,AornotB,50,1891734.532764,1891737.956230,3.423466
107,2,14,What is the probability that the weather will be  not icy on a random day in England?, not icy,notA,80,1891738.115958,1891744.844093,6.728135
107,2,15,What is the probability that the weather will be  typical on a random day in England?, typical,B,50,1891745.016080,1891748.244354,3.228273
107,2,16,If the weather in England is not frosty on a random daywhat is the probability that the weather will also be not icy on the same day?, not icy given not frosty,notAgnotB,70,1891748.416043,1891777.195383,28.779339
107,2,17,If the weather in England is not icy on a random daywhat is the probability that the weather will also be not frosty on the same day?, not frosty given not icy,notBgnotA,70,1891777.365964,1891785.923331,8.557368
107,2,18,What is the probability that the weather will be  icy and frosty on a random day in England?, icy and frosty,AandB,20,1891786.065955,1891788.987302,2.921347
107,2,19,If the weather in England is frosty on a random daywhat is the probability that the weather will also be icy on the same day?, icy given frosty,AgB,70,1891789.115930,1891792.875027,3.759098
107,2,20,What is the probability that the weather will be  typical and not normal on a random day in England?, typical and not normal,notAandB,50,1891793.015917,1891797.275201,4.259284
107,2,21,If the weather in England is typical on a random daywhat is the probability that the weather will also be not normal on the same day?, not normal given typical,notAgB,70,1891797.449084,1891824.522354,27.073269
107,2,22,What is the probability that the weather will be  not typical on a random day in England?, not typical,notB,70,1891824.682517,1891828.970310,4.287793
107,2,23,If the weather in England is not frosty on a random daywhat is the probability that the weather will also be icy on the same day?, icy given not frosty,AgnotB,70,1891829.115819,1891833.762235,4.646416
107,2,24,If the weather in England is not normal on a random daywhat is the probability that the weather will also be not typical on the same day?, not typical given not normal,notBgnotA,70,1891833.915793,1891839.466067,5.550274
107,2,25,What is the probability that the weather will be  icy on a random day in England?, icy,A,20,1891839.615774,1891842.386332,2.770557
107,2,26,What is the probability that the weather will be  normal and not typical on a random day in England?, normal and not typical,AandnotB,70,1891842.565773,1891847.521923,4.956150
107,2,27,If the weather in England is frosty on a random daywhat is the probability that the weather will also be not icy on the same day?, not icy given frosty,notAgB,30,1891847.665755,1891864.657569,16.991814
107,2,28,If the weather in England is not typical on a random daywhat is the probability that the weather will also be not normal on the same day?, not normal given not typical,notAgnotB,70,1891864.782374,1891871.609414,6.827041
107,2,29,If the weather in England is not typical on a random daywhat is the probability that the weather will also be normal on the same day?, normal given not typical,AgnotB,30,1891871.715266,1891879.009244,7.293978
107,2,30,What is the probability that the weather will be  normal on a random day in England?, normal,A,50,1891879.165678,1891883.217415,4.051738
107,2,31,What is the probability that the weather will be  icy and not frosty on a random day in England?, icy and not frosty,AandnotB,80,1891883.365661,1891890.105049,6.739388
107,2,32,What is the probability that the weather will be  not icy and not frosty on a random day in England?, not icy and not frosty,notAandnotB,50,1891890.298970,1891893.906307,3.607337
107,2,33,If the weather in England is icy on a random daywhat is the probability that the weather will also be frosty on the same day?, frosty given icy,BgA,80,1891894.048955,1891916.952456,22.903501
107,2,34,What is the probability that the weather will be  icy or frosty on a random day in England?, icy or frosty,AorB,20,1891917.132234,1891920.344383,3.212149
107,2,35,What is the probability that the weather will be  frosty or not icy on a random day in England?, frosty or not icy,notAorB,30,1891920.498892,1891939.815959,19.317068
107,2,36,What is the probability that the weather will be  not normal and not typical on a random day in England?, not normal and not typical,notAandnotB,50,1891939.981938,1891943.631884,3.649946
107,2,37,What is the probability that the weather will be  frosty and not icy on a random day in England?, frosty and not icy,notAandB,20,1891943.798454,1891947.895820,4.097366
107,2,38,What is the probability that the weather will be  normal and typical on a random day in England?, normal and typical,AandB,20,1891948.082137,1891951.135745,3.053608
107,2,39,If the weather in England is normal on a random daywhat is the probability that the weather will also be not typical on the same day?, not typical given normal,notBgA,50,1891951.298791,1891954.255647,2.956856
107,2,40,If the weather in England is icy on a random daywhat is the probability that the weather will also be not frosty on the same day?, not frosty given icy,notBgA,50,1891954.415436,1891956.143682,1.728246
107,3,1,What is the probability that the weather will be  not normal and not typical on a random day in England?, not normal and not typical,notAandnotB,50,1891956.281599,1891958.799606,2.518007
107,3,2,If the weather in England is not frosty on a random daywhat is the probability that the weather will also be not icy on the same day?, not icy given not frosty,notAgnotB,80,1891958.932083,1891964.895432,5.963349
107,3,3,What is the probability that the weather will be  frosty on a random day in England?, frosty,B,20,1891965.065403,1891969.231606,4.166203
107,3,4,What is the probability that the weather will be  normal on a random day in England?, normal,A,50,1891969.365379,1891972.287773,2.922394
107,3,5,What is the probability that the weather will be  typical or not normal on a random day in England?, typical or not normal,notAorB,50,1891972.415322,1891975.039211,2.623890
107,3,6,If the weather in England is icy on a random daywhat is the probability that the weather will also be frosty on the same day?, frosty given icy,BgA,70,1891975.182056,1891989.510901,14.328845
107,3,7,If the weather in England is frosty on a random daywhat is the probability that the weather will also be not icy on the same day?, not icy given frosty,notAgB,70,1891989.632012,1892006.006585,16.374573
107,3,8,If the weather in England is not normal on a random daywhat is the probability that the weather will also be not typical on the same day?, not typical given not normal,notBgnotA,70,1892006.165274,1892009.470501,3.305227
107,3,9,If the weather in England is frosty on a random daywhat is the probability that the weather will also be icy on the same day?, icy given frosty,AgB,70,1892009.631958,1892013.390388,3.758430
107,3,10,What is the probability that the weather will be  not normal or not typical on a random day in England?, not normal or not typical,notAornotB,20,1892013.515285,1892016.726346,3.211061
107,3,11,What is the probability that the weather will be  typical on a random day in England?, typical,B,50,1892016.881942,1892020.166456,3.284514
107,3,12,If the weather in England is icy on a random daywhat is the probability that the weather will also be not frosty on the same day?, not frosty given icy,notBgA,60,1892020.315234,1892023.510199,3.194966
107,3,13,What is the probability that the weather will be  normal or typical on a random day in England?, normal or typical,AorB,50,1892023.665259,1892032.734022,9.068763
107,3,14,What is the probability that the weather will be  not icy and not frosty on a random day in England?, not icy and not frosty,notAandnotB,80,1892032.881899,1892037.309917,4.428017
107,3,15,If the weather in England is not typical on a random daywhat is the probability that the weather will also be normal on the same day?, normal given not typical,AgnotB,60,1892037.465195,1892041.477826,4.012631
107,3,16,What is the probability that the weather will be  not typical on a random day in England?, not typical,notB,50,1892041.631871,1892046.965719,5.333848
107,3,17,What is the probability that the weather will be  frosty and not icy on a random day in England?, frosty and not icy,notAandB,30,1892047.115193,1892064.173361,17.058167
107,3,18,What is the probability that the weather will be  not icy or not frosty on a random day in England?, not icy or not frosty,notAornotB,80,1892064.331736,1892072.885152,8.553416
107,3,19,What is the probability that the weather will be  normal or not typical on a random day in England?, normal or not typical,AornotB,50,1892073.065111,1892080.365008,7.299898
107,3,20,What is the probability that the weather will be  icy and not frosty on a random day in England?, icy and not frosty,AandnotB,50,1892080.531758,1892082.916986,2.385227
107,3,21,If the weather in England is not normal on a random daywhat is the probability that the weather will also be typical on the same day?, typical given not normal,BgnotA,60,1892083.115067,1892087.716877,4.601811
107,3,22,If the weather in England is not icy on a random daywhat is the probability that the weather will also be not frosty on the same day?, not frosty given not icy,notBgnotA,60,1892087.948354,1892111.252386,23.304032
107,3,23,What is the probability that the weather will be  not normal on a random day in England?, not normal,notA,50,1892111.414995,1892114.380287,2.965292
107,3,24,If the weather in England is normal on a random daywhat is the probability that the weather will also be typical on the same day?, typical given normal,BgA,50,1892114.564976,1892119.364201,4.799225
107,3,25,If the weather in England is typical on a random daywhat is the probability that the weather will also be not normal on the same day?, not normal given typical,notAgB,50,1892119.514960,1892122.500129,2.985169
107,3,26,What is the probability that the weather will be  icy or not frosty on a random day in England?, icy or not frosty,AornotB,80,1892122.648127,1892128.044051,5.395924
107,3,27,If the weather in England is not typical on a random daywhat is the probability that the weather will also be not normal on the same day?, not normal given not typical,notAgnotB,50,1892128.198268,1892141.203769,13.005501
107,3,28,What is the probability that the weather will be  normal and not typical on a random day in England?, normal and not typical,AandnotB,50,1892141.381566,1892144.763631,3.382065
107,3,29,What is the probability that the weather will be  not frosty on a random day in England?, not frosty,notB,80,1892144.898262,1892149.579578,4.681316
107,3,30,What is the probability that the weather will be  icy on a random day in England?, icy,A,20,1892149.714858,1892153.659835,3.944977
107,3,31,What is the probability that the weather will be  normal and typical on a random day in England?, normal and typical,AandB,50,1892153.831041,1892163.571284,9.740243
107,3,32,What is the probability that the weather will be  typical and not normal on a random day in England?, typical and not normal,notAandB,50,1892163.748154,1892173.699026,9.950872
107,3,33,If the weather in England is normal on a random daywhat is the probability that the weather will also be not typical on the same day?, not typical given normal,notBgA,60,1892173.864792,1892182.154952,8.290160
107,3,34,What is the probability that the weather will be  icy or frosty on a random day in England?, icy or frosty,AorB,30,1892182.314773,1892194.218665,11.903892
107,3,35,If the weather in England is not icy on a random daywhat is the probability that the weather will also be frosty on the same day?, frosty given not icy,BgnotA,30,1892194.364710,1892198.874631,4.509921
107,3,36,What is the probability that the weather will be  icy and frosty on a random day in England?, icy and frosty,AandB,20,1892199.014704,1892202.722499,3.707795
107,3,37,If the weather in England is not frosty on a random daywhat is the probability that the weather will also be icy on the same day?, icy given not frosty,AgnotB,70,1892202.881360,1892207.746335,4.864975
107,3,38,If the weather in England is typical on a random daywhat is the probability that the weather will also be normal on the same day?, normal given typical,AgB,50,1892207.914669,1892210.994264,3.079595
107,3,39,What is the probability that the weather will be  not icy on a random day in England?, not icy,notA,80,1892211.148008,1892214.194201,3.046193
107,3,40,What is the probability that the weather will be  frosty or not icy on a random day in England?, frosty or not icy,notAorB,20,1892214.331330,1892217.130143,2.798813
