ID,block,trial,query,querydetail,querytype,estimate,starttime,endtime,RT
409,1,1,What is the probability that the weather will be  not frosty on a random day in England?, not frosty,notB,75,2454908.124707,2454922.758315,14.633609
409,1,2,If the weather in England is not normal on a random daywhat is the probability that the weather will also be not typical on the same day?, not typical given not normal,notBgnotA,90,2454922.891238,2454943.094717,20.203479
409,1,3,What is the probability that the weather will be  not typical on a random day in England?, not typical,notB,10,2454943.241024,2454958.120733,14.879709
409,1,4,If the weather in England is not normal on a random daywhat is the probability that the weather will also be typical on the same day?, typical given not normal,BgnotA,0,2454958.274298,2454968.366455,10.092156
409,1,5,If the weather in England is not icy on a random daywhat is the probability that the weather will also be frosty on the same day?, frosty given not icy,BgnotA,100,2454968.524159,2454987.440114,18.915956
409,1,6,If the weather in England is normal on a random daywhat is the probability that the weather will also be typical on the same day?, typical given normal,BgA,100,2454987.590671,2454996.759941,9.169270
409,1,7,What is the probability that the weather will be  typical or not normal on a random day in England?, typical or not normal,notAorB,100,2454996.873906,2455018.223551,21.349644
409,1,8,What is the probability that the weather will be  normal or not typical on a random day in England?, normal or not typical,AornotB,100,2455018.407039,2455026.239387,7.832348
409,1,9,What is the probability that the weather will be  icy or frosty on a random day in England?, icy or frosty,AorB,20,2455026.373618,2455044.335070,17.961452
409,1,10,If the weather in England is not frosty on a random daywhat is the probability that the weather will also be icy on the same day?, icy given not frosty,AgnotB,0,2455044.473472,2455057.166991,12.693519
409,1,11,What is the probability that the weather will be  normal or typical on a random day in England?, normal or typical,AorB,90,2455057.273358,2455070.438666,13.165308
409,1,12,What is the probability that the weather will be  typical and not normal on a random day in England?, typical and not normal,notAandB,0,2455070.573286,2455078.622530,8.049244
409,1,13,If the weather in England is normal on a random daywhat is the probability that the weather will also be not typical on the same day?, not typical given normal,notBgA,0,2455078.806473,2455091.086228,12.279755
409,1,14,If the weather in England is typical on a random daywhat is the probability that the weather will also be normal on the same day?, normal given typical,AgB,100,2455091.256391,2455109.909946,18.653555
409,1,15,What is the probability that the weather will be  icy or not frosty on a random day in England?, icy or not frosty,AornotB,100,2455110.022886,2455125.213730,15.190843
409,1,16,What is the probability that the weather will be  frosty or not icy on a random day in England?, frosty or not icy,notAorB,100,2455125.472753,2455131.981698,6.508945
409,1,17,If the weather in England is frosty on a random daywhat is the probability that the weather will also be icy on the same day?, icy given frosty,AgB,100,2455132.122694,2455139.453385,7.330691
409,1,18,What is the probability that the weather will be  normal and typical on a random day in England?, normal and typical,AandB,90,2455139.589318,2455150.685262,11.095944
409,1,19,What is the probability that the weather will be  normal and not typical on a random day in England?, normal and not typical,AandnotB,0,2455150.805847,2455165.924881,15.119034
409,1,20,What is the probability that the weather will be  not normal or not typical on a random day in England?, not normal or not typical,notAornotB,10,2455166.022369,2455177.156780,11.134411
409,1,21,What is the probability that the weather will be  frosty on a random day in England?, frosty,B,10,2455177.288979,2455189.188908,11.899929
409,1,22,What is the probability that the weather will be  not icy and not frosty on a random day in England?, not icy and not frosty,notAandnotB,90,2455189.322143,2455194.476312,5.154169
409,1,23,What is the probability that the weather will be  icy and not frosty on a random day in England?, icy and not frosty,AandnotB,0,2455194.605461,2455202.932249,8.326788
409,1,24,What is the probability that the weather will be  normal on a random day in England?, normal,A,90,2455203.005377,2455212.612089,9.606712
409,1,25,What is the probability that the weather will be  not normal and not typical on a random day in England?, not normal and not typical,notAandnotB,10,2455212.755291,2455217.787865,5.032574
409,1,26,What is the probability that the weather will be  not icy on a random day in England?, not icy,notA,90,2455217.905246,2455228.163661,10.258415
409,1,27,What is the probability that the weather will be  typical on a random day in England?, typical,B,90,2455228.271801,2455234.723646,6.451845
409,1,28,If the weather in England is not typical on a random daywhat is the probability that the weather will also be normal on the same day?, normal given not typical,AgnotB,0,2455234.855112,2455250.179339,15.324227
409,1,29,If the weather in England is not icy on a random daywhat is the probability that the weather will also be not frosty on the same day?, not frosty given not icy,notBgnotA,100,2455250.371623,2455257.227513,6.855890
409,1,30,What is the probability that the weather will be  icy on a random day in England?, icy,A,10,2455257.354891,2455263.739187,6.384296
409,1,31,If the weather in England is icy on a random daywhat is the probability that the weather will also be not frosty on the same day?, not frosty given icy,notBgA,0,2455263.854831,2455274.826959,10.972128
409,1,32,What is the probability that the weather will be  not normal on a random day in England?, not normal,notA,10,2455274.954716,2455279.850767,4.896051
409,1,33,If the weather in England is frosty on a random daywhat is the probability that the weather will also be not icy on the same day?, not icy given frosty,notAgB,0,2455279.988005,2455295.306542,15.318537
409,1,34,If the weather in England is not frosty on a random daywhat is the probability that the weather will also be not icy on the same day?, not icy given not frosty,notAgnotB,0,2455295.404529,2455302.170804,6.766275
409,1,35,If the weather in England is icy on a random daywhat is the probability that the weather will also be frosty on the same day?, frosty given icy,BgA,100,2455302.287749,2455307.970291,5.682542
409,1,36,What is the probability that the weather will be  not icy or not frosty on a random day in England?, not icy or not frosty,notAornotB,90,2455308.071106,2455316.370108,8.299002
409,1,37,If the weather in England is typical on a random daywhat is the probability that the weather will also be not normal on the same day?, not normal given typical,notAgB,0,2455316.487708,2455331.337839,14.850131
409,1,38,What is the probability that the weather will be  icy and frosty on a random day in England?, icy and frosty,AandB,10,2455331.487560,2455343.161526,11.673965
409,1,39,If the weather in England is not typical on a random daywhat is the probability that the weather will also be not normal on the same day?, not normal given not typical,notAgnotB,100,2455343.270805,2455356.313391,13.042586
409,1,40,What is the probability that the weather will be  frosty and not icy on a random day in England?, frosty and not icy,notAandB,0,2455356.404002,2455362.953351,6.549349
409,2,1,If the weather in England is not icy on a random daywhat is the probability that the weather will also be frosty on the same day?, frosty given not icy,BgnotA,0,2455363.103928,2455375.760904,12.656977
409,2,2,If the weather in England is not typical on a random daywhat is the probability that the weather will also be normal on the same day?, normal given not typical,AgnotB,0,2455375.870482,2455382.656953,6.786471
409,2,3,What is the probability that the weather will be  not frosty on a random day in England?, not frosty,notB,90,2455382.770435,2455391.792685,9.022250
409,2,4,What is the probability that the weather will be  not normal and not typical on a random day in England?, not normal and not typical,notAandnotB,10,2455391.903660,2455398.408611,6.504951
409,2,5,If the weather in England is not frosty on a random daywhat is the probability that the weather will also be not icy on the same day?, not icy given not frosty,notAgnotB,100,2455398.503624,2455405.808381,7.304758
409,2,6,If the weather in England is icy on a random daywhat is the probability that the weather will also be frosty on the same day?, frosty given icy,BgA,100,2455405.886893,2455412.072278,6.185384
409,2,7,If the weather in England is normal on a random daywhat is the probability that the weather will also be not typical on the same day?, not typical given normal,notBgA,0,2455412.170185,2455421.200221,9.030036
409,2,8,If the weather in England is typical on a random daywhat is the probability that the weather will also be normal on the same day?, normal given typical,AgB,100,2455421.336749,2455427.296027,5.959278
409,2,9,If the weather in England is not frosty on a random daywhat is the probability that the weather will also be icy on the same day?, icy given not frosty,AgnotB,0,2455427.403368,2455434.632007,7.228639
409,2,10,What is the probability that the weather will be  normal or typical on a random day in England?, normal or typical,AorB,90,2455434.753296,2455441.999789,7.246493
409,2,11,What is the probability that the weather will be  typical or not normal on a random day in England?, typical or not normal,notAorB,100,2455442.136573,2455451.471594,9.335021
409,2,12,What is the probability that the weather will be  normal and typical on a random day in England?, normal and typical,AandB,90,2455451.603148,2455457.815514,6.212366
409,2,13,What is the probability that the weather will be  not typical on a random day in England?, not typical,notB,10,2455457.936398,2455469.415275,11.478877
409,2,14,If the weather in England is typical on a random daywhat is the probability that the weather will also be not normal on the same day?, not normal given typical,notAgB,0,2455469.536291,2455483.399095,13.862804
409,2,15,If the weather in England is frosty on a random daywhat is the probability that the weather will also be icy on the same day?, icy given frosty,AgB,100,2455483.552871,2455489.822838,6.269967
409,2,16,What is the probability that the weather will be  icy and frosty on a random day in England?, icy and frosty,AandB,10,2455489.936131,2455493.526827,3.590696
409,2,17,What is the probability that the weather will be  frosty and not icy on a random day in England?, frosty and not icy,notAandB,0,2455493.636084,2455502.262724,8.626639
409,2,18,What is the probability that the weather will be  frosty or not icy on a random day in England?, frosty or not icy,notAorB,100,2455502.386015,2455509.222521,6.836506
409,2,19,If the weather in England is icy on a random daywhat is the probability that the weather will also be not frosty on the same day?, not frosty given icy,notBgA,0,2455509.385960,2455525.494227,16.108267
409,2,20,If the weather in England is not typical on a random daywhat is the probability that the weather will also be not normal on the same day?, not normal given not typical,notAgnotB,100,2455525.585817,2455532.822105,7.236288
409,2,21,If the weather in England is not normal on a random daywhat is the probability that the weather will also be typical on the same day?, typical given not normal,BgnotA,0,2455532.919081,2455542.478064,9.558983
409,2,22,What is the probability that the weather will be  icy and not frosty on a random day in England?, icy and not frosty,AandnotB,0,2455542.585662,2455560.277672,17.692010
409,2,23,If the weather in England is not icy on a random daywhat is the probability that the weather will also be not frosty on the same day?, not frosty given not icy,notBgnotA,100,2455560.368816,2455566.421498,6.052682
409,2,24,What is the probability that the weather will be  icy or frosty on a random day in England?, icy or frosty,AorB,10,2455566.552112,2455571.541420,4.989308
409,2,25,What is the probability that the weather will be  normal and not typical on a random day in England?, normal and not typical,AandnotB,0,2455571.652081,2455576.725248,5.073167
409,2,26,What is the probability that the weather will be  typical on a random day in England?, typical,B,90,2455576.835328,2455583.085409,6.250082
409,2,27,What is the probability that the weather will be  icy or not frosty on a random day in England?, icy or not frosty,AornotB,100,2455583.218638,2455587.669092,4.450455
409,2,28,What is the probability that the weather will be  normal on a random day in England?, normal,A,90,2455587.768599,2455594.581138,6.812539
409,2,29,What is the probability that the weather will be  icy on a random day in England?, icy,A,10,2455594.701912,2455599.556986,4.855075
409,2,30,What is the probability that the weather will be  not icy and not frosty on a random day in England?, not icy and not frosty,notAandnotB,90,2455599.668474,2455604.788828,5.120354
409,2,31,What is the probability that the weather will be  not icy on a random day in England?, not icy,notA,90,2455604.935108,2455614.356669,9.421562
409,2,32,If the weather in England is normal on a random daywhat is the probability that the weather will also be typical on the same day?, typical given normal,BgA,100,2455614.451678,2455620.548382,6.096704
409,2,33,What is the probability that the weather will be  not normal or not typical on a random day in England?, not normal or not typical,notAornotB,10,2455620.651604,2455625.556452,4.904848
409,2,34,What is the probability that the weather will be  normal or not typical on a random day in England?, normal or not typical,AornotB,100,2455625.651601,2455634.148127,8.496526
409,2,35,If the weather in England is frosty on a random daywhat is the probability that the weather will also be not icy on the same day?, not icy given frosty,notAgB,100,2455634.251509,2455644.291932,10.040424
409,2,36,What is the probability that the weather will be  not icy or not frosty on a random day in England?, not icy or not frosty,notAornotB,90,2455644.384748,2455650.123819,5.739071
409,2,37,What is the probability that the weather will be  not normal on a random day in England?, not normal,notA,10,2455650.234707,2455656.995688,6.760981
409,2,38,If the weather in England is not normal on a random daywhat is the probability that the weather will also be not typical on the same day?, not typical given not normal,notBgnotA,100,2455657.101305,2455661.571632,4.470326
409,2,39,What is the probability that the weather will be  typical and not normal on a random day in England?, typical and not normal,notAandB,0,2455661.667939,2455669.835711,8.167772
409,2,40,What is the probability that the weather will be  frosty on a random day in England?, frosty,B,10,2455669.951184,2455673.835733,3.884549
409,3,1,If the weather in England is icy on a random daywhat is the probability that the weather will also be not frosty on the same day?, not frosty given icy,notBgA,0,2455673.967812,2455683.115274,9.147463
409,3,2,What is the probability that the weather will be  not frosty on a random day in England?, not frosty,notB,90,2455683.201068,2455687.171104,3.970036
409,3,3,What is the probability that the weather will be  not icy or not frosty on a random day in England?, not icy or not frosty,notAornotB,90,2455687.267679,2455692.667051,5.399372
409,3,4,If the weather in England is not normal on a random daywhat is the probability that the weather will also be not typical on the same day?, not typical given not normal,notBgnotA,100,2455692.751020,2455699.330899,6.579879
409,3,5,What is the probability that the weather will be  normal on a random day in England?, normal,A,90,2455699.467557,2455711.851125,12.383568
409,3,6,What is the probability that the weather will be  not typical on a random day in England?, not typical,notB,90,2455711.934148,2455716.834611,4.900463
409,3,7,What is the probability that the weather will be  not normal and not typical on a random day in England?, not normal and not typical,notAandnotB,90,2455716.934099,2455721.306505,4.372406
409,3,8,If the weather in England is icy on a random daywhat is the probability that the weather will also be frosty on the same day?, frosty given icy,BgA,10,2455721.400729,2455729.218358,7.817629
409,3,9,What is the probability that the weather will be  icy or not frosty on a random day in England?, icy or not frosty,AornotB,100,2455729.317321,2455745.514075,16.196755
409,3,10,What is the probability that the weather will be  typical on a random day in England?, typical,B,90,2455745.617152,2455750.050343,4.433191
409,3,11,What is the probability that the weather will be  typical or not normal on a random day in England?, typical or not normal,notAorB,100,2455750.133802,2455756.633871,6.500069
409,3,12,If the weather in England is frosty on a random daywhat is the probability that the weather will also be icy on the same day?, icy given frosty,AgB,100,2455756.750458,2455764.049728,7.299270
409,3,13,What is the probability that the weather will be  frosty or not icy on a random day in England?, frosty or not icy,notAorB,100,2455764.166937,2455769.193638,5.026701
409,3,14,What is the probability that the weather will be  icy or frosty on a random day in England?, icy or frosty,AorB,10,2455769.316950,2455776.401512,7.084562
409,3,15,If the weather in England is not frosty on a random daywhat is the probability that the weather will also be icy on the same day?, icy given not frosty,AgnotB,0,2455776.533571,2455787.585436,11.051865
409,3,16,What is the probability that the weather will be  frosty and not icy on a random day in England?, frosty and not icy,notAandB,0,2455787.683454,2455792.809461,5.126007
409,3,17,What is the probability that the weather will be  normal or not typical on a random day in England?, normal or not typical,AornotB,100,2455792.900058,2455798.345103,5.445045
409,3,18,What is the probability that the weather will be  normal and typical on a random day in England?, normal and typical,AandB,100,2455798.466694,2455806.106114,7.639420
409,3,19,What is the probability that the weather will be  not normal on a random day in England?, not normal,notA,10,2455806.233299,2455811.384844,5.151544
409,3,20,If the weather in England is not icy on a random daywhat is the probability that the weather will also be not frosty on the same day?, not frosty given not icy,notBgnotA,0,2455811.516582,2455816.664820,5.148238
409,3,21,If the weather in England is normal on a random daywhat is the probability that the weather will also be not typical on the same day?, not typical given normal,notBgA,0,2455816.766515,2455821.944881,5.178366
409,3,22,What is the probability that the weather will be  normal and not typical on a random day in England?, normal and not typical,AandnotB,90,2455822.049804,2455835.168435,13.118631
409,3,23,If the weather in England is typical on a random daywhat is the probability that the weather will also be not normal on the same day?, not normal given typical,notAgB,0,2455835.316354,2455847.912121,12.595767
409,3,24,What is the probability that the weather will be  not icy on a random day in England?, not icy,notA,90,2455848.032897,2455853.952032,5.919135
409,3,25,What is the probability that the weather will be  normal or typical on a random day in England?, normal or typical,AorB,90,2455854.082843,2455860.119944,6.037101
409,3,26,What is the probability that the weather will be  not normal or not typical on a random day in England?, not normal or not typical,notAornotB,90,2455860.232787,2455867.871820,7.639033
409,3,27,What is the probability that the weather will be  typical and not normal on a random day in England?, typical and not normal,notAandB,0,2455867.949405,2455874.383669,6.434264
409,3,28,What is the probability that the weather will be  icy and not frosty on a random day in England?, icy and not frosty,AandnotB,0,2455874.499351,2455879.711589,5.212237
409,3,29,If the weather in England is normal on a random daywhat is the probability that the weather will also be typical on the same day?, typical given normal,BgA,100,2455879.832641,2455886.663496,6.830855
409,3,30,If the weather in England is not frosty on a random daywhat is the probability that the weather will also be not icy on the same day?, not icy given not frosty,notAgnotB,100,2455886.765884,2455891.583373,4.817489
409,3,31,If the weather in England is not typical on a random daywhat is the probability that the weather will also be not normal on the same day?, not normal given not typical,notAgnotB,100,2455891.682520,2455898.279235,6.596714
409,3,32,What is the probability that the weather will be  frosty on a random day in England?, frosty,B,10,2455898.382450,2455916.431444,18.048994
409,3,33,What is the probability that the weather will be  not icy and not frosty on a random day in England?, not icy and not frosty,notAandnotB,90,2455916.515637,2455938.974545,22.458908
409,3,34,What is the probability that the weather will be  icy and frosty on a random day in England?, icy and frosty,AandB,10,2455939.148741,2455944.150457,5.001716
409,3,35,What is the probability that the weather will be  icy on a random day in England?, icy,A,10,2455944.282057,2455949.246588,4.964531
409,3,36,If the weather in England is frosty on a random daywhat is the probability that the weather will also be not icy on the same day?, not icy given frosty,notAgB,0,2455949.382015,2455958.614211,9.232195
409,3,37,If the weather in England is not icy on a random daywhat is the probability that the weather will also be frosty on the same day?, frosty given not icy,BgnotA,0,2455958.715272,2455963.974347,5.259075
409,3,38,If the weather in England is not normal on a random daywhat is the probability that the weather will also be typical on the same day?, typical given not normal,BgnotA,0,2455964.081853,2455984.341983,20.260131
409,3,39,If the weather in England is typical on a random daywhat is the probability that the weather will also be normal on the same day?, normal given typical,AgB,100,2455984.431692,2455991.541572,7.109880
409,3,40,If the weather in England is not typical on a random daywhat is the probability that the weather will also be normal on the same day?, normal given not typical,AgnotB,0,2455991.648342,2456001.070378,9.422036
