ID,block,trial,query,querydetail,querytype,estimate,starttime,endtime,RT
808,1,1,If the weather in England is icy on a random daywhat is the probability that the weather will also be frosty on the same day?, frosty given icy,BgA,50,268872.011878,268888.933454,16.921577
808,1,2,If the weather in England is frosty on a random daywhat is the probability that the weather will also be icy on the same day?, icy given frosty,AgB,50,268889.128565,268894.270117,5.141551
808,1,3,What is the probability that the weather will be  icy and frosty on a random day in England?, icy and frosty,AandB,50,268894.411890,268904.872285,10.460395
808,1,4,What is the probability that the weather will be  icy or not frosty on a random day in England?, icy or not frosty,AornotB,50,268905.061393,268910.760061,5.698667
808,1,5,If the weather in England is not frosty on a random daywhat is the probability that the weather will also be not icy on the same day?, not icy given not frosty,notAgnotB,50,268910.978602,268919.351908,8.373306
808,1,6,What is the probability that the weather will be  frosty and not icy on a random day in England?, frosty and not icy,notAandB,50,268919.545283,268922.367820,2.822538
808,1,7,What is the probability that the weather will be  typical or not normal on a random day in England?, typical or not normal,notAorB,50,268922.578597,268928.682556,6.103960
808,1,8,What is the probability that the weather will be  not normal on a random day in England?, not normal,notA,50,268928.861963,268935.639559,6.777597
808,1,9,What is the probability that the weather will be  not typical on a random day in England?, not typical,notB,50,268935.778618,269000.293878,64.515261
808,1,10,What is the probability that the weather will be  normal or typical on a random day in England?, normal or typical,AorB,50,269000.478717,269003.189878,2.711161
808,1,11,If the weather in England is not normal on a random daywhat is the probability that the weather will also be typical on the same day?, typical given not normal,BgnotA,50,269003.395373,269009.149775,5.754402
808,1,12,If the weather in England is icy on a random daywhat is the probability that the weather will also be not frosty on the same day?, not frosty given icy,notBgA,50,269009.345391,269011.941713,2.596321
808,1,13,What is the probability that the weather will be  typical and not normal on a random day in England?, typical and not normal,notAandB,50,269012.128717,269014.557503,2.428786
808,1,14,What is the probability that the weather will be  frosty on a random day in England?, frosty,B,50,269014.728741,269017.661662,2.932921
808,1,15,What is the probability that the weather will be  icy on a random day in England?, icy,A,50,269017.878728,269029.333112,11.454384
808,1,16,What is the probability that the weather will be  not icy or not frosty on a random day in England?, not icy or not frosty,notAornotB,50,269029.562092,269036.653072,7.090980
808,1,17,If the weather in England is frosty on a random daywhat is the probability that the weather will also be not icy on the same day?, not icy given frosty,notAgB,50,269036.862082,269042.276884,5.414802
808,1,18,What is the probability that the weather will be  normal or not typical on a random day in England?, normal or not typical,AornotB,50,269042.495434,269047.780971,5.285538
808,1,19,If the weather in England is typical on a random daywhat is the probability that the weather will also be not normal on the same day?, not normal given typical,notAgB,50,269048.045416,269051.732647,3.687231
808,1,20,If the weather in England is not icy on a random daywhat is the probability that the weather will also be frosty on the same day?, frosty given not icy,BgnotA,50,269051.978779,269054.308756,2.329976
808,1,21,What is the probability that the weather will be  not normal or not typical on a random day in England?, not normal or not typical,notAornotB,50,269054.512113,269056.679872,2.167760
808,1,22,What is the probability that the weather will be  icy and not frosty on a random day in England?, icy and not frosty,AandnotB,50,269056.878754,269058.508693,1.629939
808,1,23,If the weather in England is not typical on a random daywhat is the probability that the weather will also be normal on the same day?, normal given not typical,AgnotB,50,269058.728784,269059.348481,0.619698
808,1,24,What is the probability that the weather will be  normal and not typical on a random day in England?, normal and not typical,AandnotB,50,269059.562100,269060.084673,0.522573
808,1,25,What is the probability that the weather will be  typical on a random day in England?, typical,B,50,269060.328775,269067.804702,7.475926
808,1,26,What is the probability that the weather will be  not normal and not typical on a random day in England?, not normal and not typical,notAandnotB,0,269068.045466,269073.922853,5.877386
808,1,27,What is the probability that the weather will be  normal on a random day in England?, normal,A,50,269074.112136,269077.436066,3.323930
808,1,28,What is the probability that the weather will be  not frosty on a random day in England?, not frosty,notB,50,269077.695474,269081.475901,3.780428
808,1,29,What is the probability that the weather will be  normal and typical on a random day in England?, normal and typical,AandB,50,269081.728810,269085.267858,3.539048
808,1,30,If the weather in England is normal on a random daywhat is the probability that the weather will also be typical on the same day?, typical given normal,BgA,50,269085.528818,269087.723587,2.194769
808,1,31,What is the probability that the weather will be  icy or frosty on a random day in England?, icy or frosty,AorB,50,269087.912200,269089.675851,1.763651
808,1,32,If the weather in England is not normal on a random daywhat is the probability that the weather will also be not typical on the same day?, not typical given not normal,notBgnotA,50,269089.895491,269095.099541,5.204050
808,1,33,If the weather in England is not frosty on a random daywhat is the probability that the weather will also be icy on the same day?, icy given not frosty,AgnotB,50,269095.328837,269097.003502,1.674665
808,1,34,If the weather in England is typical on a random daywhat is the probability that the weather will also be normal on the same day?, normal given typical,AgB,50,269097.262170,269100.523589,3.261419
808,1,35,What is the probability that the weather will be  not icy and not frosty on a random day in England?, not icy and not frosty,notAandnotB,50,269100.762161,269108.347373,7.585212
808,1,36,What is the probability that the weather will be  frosty or not icy on a random day in England?, frosty or not icy,notAorB,50,269108.628836,269119.582324,10.953488
808,1,37,What is the probability that the weather will be  not icy on a random day in England?, not icy,notA,50,269119.845526,269121.362973,1.517447
808,1,38,If the weather in England is normal on a random daywhat is the probability that the weather will also be not typical on the same day?, not typical given normal,notBgA,50,269121.662177,269122.634971,0.972795
808,1,39,If the weather in England is not typical on a random daywhat is the probability that the weather will also be not normal on the same day?, not normal given not typical,notAgnotB,50,269122.928850,269123.610982,0.682132
808,1,40,If the weather in England is not icy on a random daywhat is the probability that the weather will also be not frosty on the same day?, not frosty given not icy,notBgnotA,50,269123.878862,269124.467070,0.588208
808,2,1,What is the probability that the weather will be  typical or not normal on a random day in England?, typical or not normal,notAorB,50,269124.745525,269125.234883,0.489359
808,2,2,What is the probability that the weather will be  icy or frosty on a random day in England?, icy or frosty,AorB,50,269125.462178,269125.930871,0.468693
808,2,3,What is the probability that the weather will be  frosty and not icy on a random day in England?, frosty and not icy,notAandB,50,269126.178858,269126.650857,0.471999
808,2,4,What is the probability that the weather will be  icy or not frosty on a random day in England?, icy or not frosty,AornotB,50,269126.878863,269127.454096,0.575233
808,2,5,What is the probability that the weather will be  icy and not frosty on a random day in England?, icy and not frosty,AandnotB,50,269127.695538,269128.394793,0.699255
808,2,6,What is the probability that the weather will be  normal or typical on a random day in England?, normal or typical,AorB,50,269128.645534,269134.922655,6.277121
808,2,7,If the weather in England is not frosty on a random daywhat is the probability that the weather will also be not icy on the same day?, not icy given not frosty,notAgnotB,50,269135.212207,269139.818377,4.606170
808,2,8,If the weather in England is not icy on a random daywhat is the probability that the weather will also be frosty on the same day?, frosty given not icy,BgnotA,50,269140.062214,269140.682525,0.620312
808,2,9,What is the probability that the weather will be  not typical on a random day in England?, not typical,notB,5,269141.078894,269141.585042,0.506149
808,2,10,What is the probability that the weather will be  typical and not normal on a random day in England?, typical and not normal,notAandB,50,269141.828892,269145.978248,4.149356
808,2,11,If the weather in England is not frosty on a random daywhat is the probability that the weather will also be icy on the same day?, icy given not frosty,AgnotB,50,269146.212219,269148.290194,2.077975
808,2,12,What is the probability that the weather will be  not icy on a random day in England?, not icy,notA,50,269148.562211,269149.618296,1.056085
808,2,13,What is the probability that the weather will be  normal on a random day in England?, normal,A,50,269149.862234,269150.978558,1.116324
808,2,14,What is the probability that the weather will be  typical on a random day in England?, typical,B,50,269151.228874,269154.354460,3.125586
808,2,15,What is the probability that the weather will be  not icy and not frosty on a random day in England?, not icy and not frosty,notAandnotB,50,269154.595563,269156.549262,1.953699
808,2,16,If the weather in England is typical on a random daywhat is the probability that the weather will also be normal on the same day?, normal given typical,AgB,50,269156.795582,269157.362000,0.566418
808,2,17,If the weather in England is frosty on a random daywhat is the probability that the weather will also be icy on the same day?, icy given frosty,AgB,50,269157.628914,269158.146141,0.517228
808,2,18,If the weather in England is not typical on a random daywhat is the probability that the weather will also be not normal on the same day?, not normal given not typical,notAgnotB,50,269158.412239,269159.041961,0.629723
808,2,19,What is the probability that the weather will be  not normal or not typical on a random day in England?, not normal or not typical,notAornotB,50,269159.278889,269159.897921,0.619032
808,2,20,What is the probability that the weather will be  not normal on a random day in England?, not normal,notA,50,269160.128906,269160.753899,0.624994
808,2,21,What is the probability that the weather will be  not icy or not frosty on a random day in England?, not icy or not frosty,notAornotB,50,269160.995576,269161.721877,0.726300
808,2,22,If the weather in England is not typical on a random daywhat is the probability that the weather will also be normal on the same day?, normal given not typical,AgnotB,50,269161.962261,269164.553764,2.591502
808,2,23,If the weather in England is normal on a random daywhat is the probability that the weather will also be typical on the same day?, typical given normal,BgA,50,269164.895584,269165.585787,0.690203
808,2,24,If the weather in England is icy on a random daywhat is the probability that the weather will also be frosty on the same day?, frosty given icy,BgA,50,269165.812253,269166.393781,0.581528
808,2,25,What is the probability that the weather will be  normal or not typical on a random day in England?, normal or not typical,AornotB,50,269166.645571,269167.281770,0.636198
808,2,26,If the weather in England is normal on a random daywhat is the probability that the weather will also be not typical on the same day?, not typical given normal,notBgA,50,269167.545559,269168.233740,0.688181
808,2,27,What is the probability that the weather will be  not normal and not typical on a random day in England?, not normal and not typical,notAandnotB,50,269168.495586,269178.412764,9.917178
808,2,28,If the weather in England is icy on a random daywhat is the probability that the weather will also be not frosty on the same day?, not frosty given icy,notBgA,50,269178.628984,269191.481178,12.852194
808,2,29,What is the probability that the weather will be  icy on a random day in England?, icy,A,50,269191.745617,269201.225862,9.480245
808,2,30,If the weather in England is not normal on a random daywhat is the probability that the weather will also be typical on the same day?, typical given not normal,BgnotA,50,269201.445624,269211.504668,10.059044
808,2,31,If the weather in England is not normal on a random daywhat is the probability that the weather will also be not typical on the same day?, not typical given not normal,notBgnotA,50,269211.745621,269212.600710,0.855089
808,2,32,What is the probability that the weather will be  normal and typical on a random day in England?, normal and typical,AandB,50,269212.828905,269213.832633,1.003727
808,2,33,If the weather in England is frosty on a random daywhat is the probability that the weather will also be not icy on the same day?, not icy given frosty,notAgB,50,269214.045649,269224.504335,10.458686
808,2,34,What is the probability that the weather will be  icy and frosty on a random day in England?, icy and frosty,AandB,50,269224.695660,269227.227658,2.531998
808,2,35,If the weather in England is not icy on a random daywhat is the probability that the weather will also be not frosty on the same day?, not frosty given not icy,notBgnotA,50,269227.412335,269232.024130,4.611795
808,2,36,What is the probability that the weather will be  frosty or not icy on a random day in England?, frosty or not icy,notAorB,50,269232.245668,269233.904127,1.658459
808,2,37,What is the probability that the weather will be  frosty on a random day in England?, frosty,B,50,269234.078998,269235.376513,1.297514
808,2,38,What is the probability that the weather will be  not frosty on a random day in England?, not frosty,notB,50,269235.579005,269236.576083,0.997079
808,2,39,What is the probability that the weather will be  normal and not typical on a random day in England?, normal and not typical,AandnotB,50,269236.762346,269242.807937,6.045591
808,2,40,If the weather in England is typical on a random daywhat is the probability that the weather will also be not normal on the same day?, not normal given typical,notAgB,50,269243.012384,269244.519878,1.507494
808,3,1,What is the probability that the weather will be  not normal on a random day in England?, not normal,notA,50,269244.762344,269246.383830,1.621486
808,3,2,If the weather in England is not icy on a random daywhat is the probability that the weather will also be frosty on the same day?, frosty given not icy,BgnotA,50,269246.595680,269247.903779,1.308099
808,3,3,What is the probability that the weather will be  not frosty on a random day in England?, not frosty,notB,50,269248.079015,269249.351772,1.272757
808,3,4,If the weather in England is not frosty on a random daywhat is the probability that the weather will also be icy on the same day?, icy given not frosty,AgnotB,50,269249.579019,269251.191738,1.612719
808,3,5,What is the probability that the weather will be  icy or frosty on a random day in England?, icy or frosty,AorB,50,269251.395673,269263.383429,11.987755
808,3,6,What is the probability that the weather will be  not normal or not typical on a random day in England?, not normal or not typical,notAornotB,0,269263.579027,269276.991503,13.412476
808,3,7,If the weather in England is icy on a random daywhat is the probability that the weather will also be frosty on the same day?, frosty given icy,BgA,50,269277.095721,269283.558892,6.463171
808,3,8,What is the probability that the weather will be  icy or not frosty on a random day in England?, icy or not frosty,AornotB,50,269283.812373,269288.190798,4.378425
808,3,9,What is the probability that the weather will be  normal and typical on a random day in England?, normal and typical,AandB,50,269288.429075,269295.790671,7.361596
808,3,10,If the weather in England is typical on a random daywhat is the probability that the weather will also be not normal on the same day?, not normal given typical,notAgB,50,269296.012416,269303.134456,7.122039
808,3,11,If the weather in England is frosty on a random daywhat is the probability that the weather will also be icy on the same day?, icy given frosty,AgB,50,269303.362432,269307.838359,4.475927
808,3,12,What is the probability that the weather will be  not icy on a random day in England?, not icy,notA,50,269308.045737,269313.910163,5.864426
808,3,13,If the weather in England is frosty on a random daywhat is the probability that the weather will also be not icy on the same day?, not icy given frosty,notAgB,50,269314.162408,269315.518144,1.355736
808,3,14,What is the probability that the weather will be  not icy or not frosty on a random day in England?, not icy or not frosty,notAornotB,50,269315.762412,269316.830106,1.067694
808,3,15,What is the probability that the weather will be  normal and not typical on a random day in England?, normal and not typical,AandnotB,50,269317.079102,269323.493975,6.414873
808,3,16,What is the probability that the weather will be  normal or not typical on a random day in England?, normal or not typical,AornotB,50,269323.712445,269326.077919,2.365474
808,3,17,What is the probability that the weather will be  not typical on a random day in England?, not typical,notB,50,269326.312437,269327.805888,1.493451
808,3,18,What is the probability that the weather will be  typical or not normal on a random day in England?, typical or not normal,notAorB,50,269327.995766,269331.117806,3.122039
808,3,19,If the weather in England is normal on a random daywhat is the probability that the weather will also be typical on the same day?, typical given normal,BgA,50,269331.329122,269332.574193,1.245071
808,3,20,What is the probability that the weather will be  normal or typical on a random day in England?, normal or typical,AorB,50,269332.779130,269334.589724,1.810594
808,3,21,What is the probability that the weather will be  frosty on a random day in England?, frosty,B,50,269334.812461,269336.190033,1.377572
808,3,22,If the weather in England is normal on a random daywhat is the probability that the weather will also be not typical on the same day?, not typical given normal,notBgA,50,269336.379109,269344.757481,8.378372
808,3,23,What is the probability that the weather will be  frosty and not icy on a random day in England?, frosty and not icy,notAandB,50,269344.962458,269350.989302,6.026843
808,3,24,What is the probability that the weather will be  typical on a random day in England?, typical,B,50,269351.195814,269353.285480,2.089666
808,3,25,What is the probability that the weather will be  not normal and not typical on a random day in England?, not normal and not typical,notAandnotB,50,269353.479130,269365.836993,12.357864
808,3,26,If the weather in England is not typical on a random daywhat is the probability that the weather will also be normal on the same day?, normal given not typical,AgnotB,50,269366.029168,269381.396626,15.367459
808,3,27,If the weather in England is not typical on a random daywhat is the probability that the weather will also be not normal on the same day?, not normal given not typical,notAgnotB,50,269381.612523,269391.628322,10.015799
808,3,28,If the weather in England is not icy on a random daywhat is the probability that the weather will also be not frosty on the same day?, not frosty given not icy,notBgnotA,50,269391.912509,269400.508103,8.595595
808,3,29,What is the probability that the weather will be  icy on a random day in England?, icy,A,50,269400.795863,269419.612257,18.816394
808,3,30,What is the probability that the weather will be  typical and not normal on a random day in England?, typical and not normal,notAandB,50,269419.862573,269421.075629,1.213057
808,3,31,What is the probability that the weather will be  icy and not frosty on a random day in England?, icy and not frosty,AandnotB,50,269421.312570,269427.571481,6.258911
808,3,32,What is the probability that the weather will be  icy and frosty on a random day in England?, icy and frosty,AandB,50,269427.779250,269433.595341,5.816090
808,3,33,What is the probability that the weather will be  normal on a random day in England?, normal,A,50,269433.845899,269440.075431,6.229532
808,3,34,If the weather in England is icy on a random daywhat is the probability that the weather will also be not frosty on the same day?, not frosty given icy,notBgA,25,269440.329261,269477.714264,37.385003
808,3,35,If the weather in England is not frosty on a random daywhat is the probability that the weather will also be not icy on the same day?, not icy given not frosty,notAgnotB,25,269477.912621,269491.777967,13.865346
808,3,36,What is the probability that the weather will be  not icy and not frosty on a random day in England?, not icy and not frosty,notAandnotB,50,269492.029323,269618.831219,126.801896
808,3,37,If the weather in England is typical on a random daywhat is the probability that the weather will also be normal on the same day?, normal given typical,AgB,50,269618.996154,269626.542786,7.546633
808,3,38,What is the probability that the weather will be  frosty or not icy on a random day in England?, frosty or not icy,notAorB,50,269626.712826,269629.126621,2.413795
808,3,39,If the weather in England is not normal on a random daywhat is the probability that the weather will also be not typical on the same day?, not typical given not normal,notBgnotA,50,269629.279484,269631.470576,2.191092
808,3,40,If the weather in England is not normal on a random daywhat is the probability that the weather will also be typical on the same day?, typical given not normal,BgnotA,50,269631.596162,269633.206525,1.610363
