ID,block,trial,query,querydetail,querytype,estimate,starttime,endtime,RT
802,1,1,If the weather in England is not normal on a random daywhat is the probability that the weather will also be not typical on the same day?, not typical given not normal,notBgnotA,50,2543779.686126,2543806.328094,26.641968
802,1,2,What is the probability that the weather will be  not typical on a random day in England?, not typical,notB,50,2543806.486222,2543811.960682,5.474460
802,1,3,What is the probability that the weather will be  frosty or not icy on a random day in England?, frosty or not icy,notAorB,70,2543812.136253,2543817.138826,5.002573
802,1,4,If the weather in England is not typical on a random daywhat is the probability that the weather will also be not normal on the same day?, not normal given not typical,notAgnotB,50,2543817.352949,2543823.098624,5.745674
802,1,5,What is the probability that the weather will be  icy or frosty on a random day in England?, icy or frosty,AorB,50,2543823.386328,2543825.586547,2.200219
802,1,6,What is the probability that the weather will be  icy and not frosty on a random day in England?, icy and not frosty,AandnotB,50,2543825.836330,2543829.274514,3.438184
802,1,7,If the weather in England is typical on a random daywhat is the probability that the weather will also be not normal on the same day?, not normal given typical,notAgB,50,2543829.586349,2543832.778455,3.192107
802,1,8,What is the probability that the weather will be  icy or not frosty on a random day in England?, icy or not frosty,AornotB,50,2543833.136380,2543835.570326,2.433946
802,1,9,What is the probability that the weather will be  frosty on a random day in England?, frosty,B,50,2543835.836423,2543838.554333,2.717910
802,1,10,What is the probability that the weather will be  not icy or not frosty on a random day in England?, not icy or not frosty,notAornotB,50,2543838.886411,2543841.098261,2.211850
802,1,11,If the weather in England is not normal on a random daywhat is the probability that the weather will also be typical on the same day?, typical given not normal,BgnotA,50,2543841.353123,2543843.578213,2.225090
802,1,12,What is the probability that the weather will be  typical or not normal on a random day in England?, typical or not normal,notAorB,50,2543843.886449,2543845.538187,1.651738
802,1,13,What is the probability that the weather will be  icy and frosty on a random day in England?, icy and frosty,AandB,5,2543845.803115,2543847.262613,1.459498
802,1,14,If the weather in England is icy on a random daywhat is the probability that the weather will also be frosty on the same day?, frosty given icy,BgA,50,2543847.653133,2543850.562101,2.908967
802,1,15,What is the probability that the weather will be  normal on a random day in England?, normal,A,50,2543850.886446,2543852.962227,2.075781
802,1,16,What is the probability that the weather will be  normal and typical on a random day in England?, normal and typical,AandB,50,2543853.253120,2543855.633940,2.380820
802,1,17,What is the probability that the weather will be  normal and not typical on a random day in England?, normal and not typical,AandnotB,50,2543855.903152,2543859.001953,3.098801
802,1,18,What is the probability that the weather will be  icy on a random day in England?, icy,A,50,2543859.219845,2543861.450029,2.230183
802,1,19,What is the probability that the weather will be  normal or not typical on a random day in England?, normal or not typical,AornotB,50,2543861.703169,2543863.777833,2.074664
802,1,20,If the weather in England is icy on a random daywhat is the probability that the weather will also be not frosty on the same day?, not frosty given icy,notBgA,50,2543864.053179,2543867.089611,3.036432
802,1,21,What is the probability that the weather will be  not normal and not typical on a random day in England?, not normal and not typical,notAandnotB,50,2543867.403216,2543869.281953,1.878737
802,1,22,What is the probability that the weather will be  frosty and not icy on a random day in England?, frosty and not icy,notAandB,50,2543869.503223,2543871.505537,2.002314
802,1,23,If the weather in England is not frosty on a random daywhat is the probability that the weather will also be not icy on the same day?, not icy given not frosty,notAgnotB,50,2543871.753203,2543874.177447,2.424244
802,1,24,If the weather in England is normal on a random daywhat is the probability that the weather will also be typical on the same day?, typical given normal,BgA,50,2543874.436577,2543875.761751,1.325174
802,1,25,If the weather in England is not icy on a random daywhat is the probability that the weather will also be frosty on the same day?, frosty given not icy,BgnotA,50,2543876.003257,2543877.393508,1.390250
802,1,26,If the weather in England is typical on a random daywhat is the probability that the weather will also be normal on the same day?, normal given typical,AgB,50,2543877.586581,2543878.761564,1.174983
802,1,27,What is the probability that the weather will be  not normal on a random day in England?, not normal,notA,50,2543879.003268,2543880.665381,1.662113
802,1,28,What is the probability that the weather will be  not icy and not frosty on a random day in England?, not icy and not frosty,notAandnotB,50,2543880.869919,2543882.537434,1.667515
802,1,29,What is the probability that the weather will be  normal or typical on a random day in England?, normal or typical,AorB,50,2543882.786599,2543883.993322,1.206723
802,1,30,If the weather in England is frosty on a random daywhat is the probability that the weather will also be not icy on the same day?, not icy given frosty,notAgB,50,2543884.253302,2543886.377223,2.123922
802,1,31,If the weather in England is not icy on a random daywhat is the probability that the weather will also be not frosty on the same day?, not frosty given not icy,notBgnotA,50,2543886.603302,2543888.841207,2.237905
802,1,32,What is the probability that the weather will be  not normal or not typical on a random day in England?, not normal or not typical,notAornotB,50,2543889.069959,2543891.417139,2.347180
802,1,33,What is the probability that the weather will be  typical and not normal on a random day in England?, typical and not normal,notAandB,50,2543891.619976,2543893.545050,1.925074
802,1,34,If the weather in England is frosty on a random daywhat is the probability that the weather will also be icy on the same day?, icy given frosty,AgB,50,2543893.769982,2543897.025024,3.255042
802,1,35,If the weather in England is not frosty on a random daywhat is the probability that the weather will also be icy on the same day?, icy given not frosty,AgnotB,50,2543897.236701,2543899.473003,2.236303
802,1,36,What is the probability that the weather will be  not icy on a random day in England?, not icy,notA,50,2543899.703366,2543901.520959,1.817593
802,1,37,What is the probability that the weather will be  not frosty on a random day in England?, not frosty,notB,50,2543901.736719,2543905.072841,3.336123
802,1,38,What is the probability that the weather will be  typical on a random day in England?, typical,B,50,2543905.286708,2543907.953095,2.666387
802,1,39,If the weather in England is not typical on a random daywhat is the probability that the weather will also be normal on the same day?, normal given not typical,AgnotB,50,2543908.136744,2543910.160722,2.023978
802,1,40,If the weather in England is normal on a random daywhat is the probability that the weather will also be not typical on the same day?, not typical given normal,notBgA,50,2543910.353423,2543911.968660,1.615237
802,2,1,What is the probability that the weather will be  icy or frosty on a random day in England?, icy or frosty,AorB,50,2543912.219564,2543913.520654,1.301090
802,2,2,If the weather in England is frosty on a random daywhat is the probability that the weather will also be not icy on the same day?, not icy given frosty,notAgB,50,2543913.786753,2543915.128599,1.341847
802,2,3,If the weather in England is frosty on a random daywhat is the probability that the weather will also be icy on the same day?, icy given frosty,AgB,50,2543915.386758,2543916.352621,0.965863
802,2,4,What is the probability that the weather will be  icy and frosty on a random day in England?, icy and frosty,AandB,50,2543916.603447,2543917.704547,1.101101
802,2,5,What is the probability that the weather will be  normal on a random day in England?, normal,A,50,2543917.953456,2543918.936797,0.983341
802,2,6,What is the probability that the weather will be  normal or typical on a random day in England?, normal or typical,AorB,50,2543919.203462,2543920.080533,0.877071
802,2,7,What is the probability that the weather will be  icy and not frosty on a random day in England?, icy and not frosty,AandnotB,50,2543920.320164,2543921.208545,0.888382
802,2,8,If the weather in England is icy on a random daywhat is the probability that the weather will also be frosty on the same day?, frosty given icy,BgA,50,2543921.470123,2543922.640337,1.170215
802,2,9,If the weather in England is normal on a random daywhat is the probability that the weather will also be not typical on the same day?, not typical given normal,notBgA,50,2543922.853486,2543924.000462,1.146976
802,2,10,What is the probability that the weather will be  not icy or not frosty on a random day in England?, not icy or not frosty,notAornotB,50,2543924.220177,2543925.640392,1.420214
802,2,11,What is the probability that the weather will be  not icy on a random day in England?, not icy,notA,50,2543925.853473,2543926.984272,1.130798
802,2,12,What is the probability that the weather will be  normal and typical on a random day in England?, normal and typical,AandB,50,2543927.253478,2543928.248215,0.994737
802,2,13,If the weather in England is not typical on a random daywhat is the probability that the weather will also be normal on the same day?, normal given not typical,AgnotB,50,2543928.520193,2543929.568176,1.047983
802,2,14,What is the probability that the weather will be  normal and not typical on a random day in England?, normal and not typical,AandnotB,50,2543929.853497,2543930.648303,0.794806
802,2,15,If the weather in England is not icy on a random daywhat is the probability that the weather will also be not frosty on the same day?, not frosty given not icy,notBgnotA,50,2543931.003518,2543931.792099,0.788580
802,2,16,If the weather in England is not normal on a random daywhat is the probability that the weather will also be not typical on the same day?, not typical given not normal,notBgnotA,50,2543932.120189,2543932.896261,0.776072
802,2,17,If the weather in England is typical on a random daywhat is the probability that the weather will also be not normal on the same day?, not normal given typical,notAgB,50,2543933.186881,2543933.968076,0.781195
802,2,18,What is the probability that the weather will be  not normal on a random day in England?, not normal,notA,50,2543934.403523,2543936.064042,1.660520
802,2,19,What is the probability that the weather will be  normal or not typical on a random day in England?, normal or not typical,AornotB,50,2543936.386882,2543937.816001,1.429119
802,2,20,What is the probability that the weather will be  icy on a random day in England?, icy,A,50,2543938.086893,2543939.840394,1.753502
802,2,21,What is the probability that the weather will be  not typical on a random day in England?, not typical,notB,50,2543940.120239,2543941.695941,1.575703
802,2,22,What is the probability that the weather will be  frosty or not icy on a random day in England?, frosty or not icy,notAorB,50,2543941.970251,2543943.767895,1.797644
802,2,23,If the weather in England is not normal on a random daywhat is the probability that the weather will also be typical on the same day?, typical given not normal,BgnotA,50,2543944.086915,2543946.455849,2.368933
802,2,24,If the weather in England is not typical on a random daywhat is the probability that the weather will also be not normal on the same day?, not normal given not typical,notAgnotB,50,2543946.703592,2543949.655748,2.952156
802,2,25,If the weather in England is normal on a random daywhat is the probability that the weather will also be typical on the same day?, typical given normal,BgA,50,2543949.903599,2543953.279718,3.376119
802,2,26,If the weather in England is not icy on a random daywhat is the probability that the weather will also be frosty on the same day?, frosty given not icy,BgnotA,50,2543953.553638,2543955.999637,2.445998
802,2,27,What is the probability that the weather will be  not normal and not typical on a random day in England?, not normal and not typical,notAandnotB,50,2543956.253630,2543958.247582,1.993953
802,2,28,What is the probability that the weather will be  frosty and not icy on a random day in England?, frosty and not icy,notAandB,50,2543958.536968,2543960.383546,1.846578
802,2,29,If the weather in England is typical on a random daywhat is the probability that the weather will also be normal on the same day?, normal given typical,AgB,50,2543960.653679,2543962.311515,1.657836
802,2,30,If the weather in England is not frosty on a random daywhat is the probability that the weather will also be not icy on the same day?, not icy given not frosty,notAgnotB,50,2543962.620340,2543964.103437,1.483097
802,2,31,If the weather in England is not frosty on a random daywhat is the probability that the weather will also be icy on the same day?, icy given not frosty,AgnotB,50,2543964.737033,2543966.079415,1.342382
802,2,32,If the weather in England is icy on a random daywhat is the probability that the weather will also be not frosty on the same day?, not frosty given icy,notBgA,50,2543966.370397,2543969.255376,2.884979
802,2,33,What is the probability that the weather will be  typical or not normal on a random day in England?, typical or not normal,notAorB,50,2543969.520363,2543973.919264,4.398901
802,2,34,What is the probability that the weather will be  not normal or not typical on a random day in England?, not normal or not typical,notAornotB,50,2543974.103734,2543979.183133,5.079399
802,2,35,What is the probability that the weather will be  not frosty on a random day in England?, not frosty,notB,50,2543979.320404,2543986.735009,7.414604
802,2,36,What is the probability that the weather will be  not icy and not frosty on a random day in England?, not icy and not frosty,notAandnotB,50,2543986.903797,2543996.143492,9.239695
802,2,37,What is the probability that the weather will be  frosty on a random day in England?, frosty,B,50,2543996.320516,2543999.647061,3.326545
802,2,38,What is the probability that the weather will be  typical and not normal on a random day in England?, typical and not normal,notAandB,50,2543999.887192,2544001.734677,1.847485
802,2,39,What is the probability that the weather will be  typical on a random day in England?, typical,B,50,2544001.937201,2544004.238906,2.301705
802,2,40,What is the probability that the weather will be  icy or not frosty on a random day in England?, icy or not frosty,AornotB,50,2544004.503886,2544006.518603,2.014717
802,3,1,If the weather in England is not frosty on a random daywhat is the probability that the weather will also be icy on the same day?, icy given not frosty,AgnotB,0,2544006.787203,2544014.838934,8.051732
802,3,2,What is the probability that the weather will be  normal and typical on a random day in England?, normal and typical,AandB,50,2544015.037248,2544017.150355,2.113107
802,3,3,What is the probability that the weather will be  normal on a random day in England?, normal,A,50,2544017.337281,2544019.262579,1.925298
802,3,4,What is the probability that the weather will be  icy or frosty on a random day in England?, icy or frosty,AorB,50,2544019.470604,2544021.830228,2.359623
802,3,5,What is the probability that the weather will be  frosty or not icy on a random day in England?, frosty or not icy,notAorB,0,2544022.053968,2544030.454289,8.400320
802,3,6,If the weather in England is frosty on a random daywhat is the probability that the weather will also be icy on the same day?, icy given frosty,AgB,100,2544030.587350,2544035.613963,5.026614
802,3,7,What is the probability that the weather will be  not normal or not typical on a random day in England?, not normal or not typical,notAornotB,50,2544035.820675,2544043.133796,7.313121
802,3,8,What is the probability that the weather will be  icy and not frosty on a random day in England?, icy and not frosty,AandnotB,0,2544043.354075,2544047.349816,3.995741
802,3,9,If the weather in England is not icy on a random daywhat is the probability that the weather will also be frosty on the same day?, frosty given not icy,BgnotA,0,2544047.570770,2544052.941706,5.370935
802,3,10,What is the probability that the weather will be  frosty and not icy on a random day in England?, frosty and not icy,notAandB,0,2544053.170793,2544059.445928,6.275135
802,3,11,What is the probability that the weather will be  not icy or not frosty on a random day in England?, not icy or not frosty,notAornotB,50,2544059.704159,2544063.077394,3.373235
802,3,12,If the weather in England is frosty on a random daywhat is the probability that the weather will also be not icy on the same day?, not icy given frosty,notAgB,0,2544063.304175,2544069.093424,5.789250
802,3,13,What is the probability that the weather will be  not icy on a random day in England?, not icy,notA,50,2544069.337546,2544072.829156,3.491610
802,3,14,What is the probability that the weather will be  normal or not typical on a random day in England?, normal or not typical,AornotB,50,2544073.020850,2544082.652999,9.632148
802,3,15,If the weather in England is icy on a random daywhat is the probability that the weather will also be not frosty on the same day?, not frosty given icy,notBgA,3,2544082.854274,2544088.565042,5.710769
802,3,16,If the weather in England is not normal on a random daywhat is the probability that the weather will also be typical on the same day?, typical given not normal,BgnotA,50,2544088.704300,2544092.164818,3.460518
802,3,17,What is the probability that the weather will be  icy on a random day in England?, icy,A,50,2544092.437625,2544096.117264,3.679639
802,3,18,If the weather in England is normal on a random daywhat is the probability that the weather will also be typical on the same day?, typical given normal,BgA,100,2544096.304314,2544106.052519,9.748205
802,3,19,What is the probability that the weather will be  normal or typical on a random day in England?, normal or typical,AorB,50,2544106.321055,2544110.548373,4.227318
802,3,20,What is the probability that the weather will be  not frosty on a random day in England?, not frosty,notB,50,2544110.771067,2544114.044336,3.273270
802,3,21,If the weather in England is typical on a random daywhat is the probability that the weather will also be normal on the same day?, normal given typical,AgB,50,2544114.221084,2544117.852234,3.631149
802,3,22,If the weather in England is icy on a random daywhat is the probability that the weather will also be frosty on the same day?, frosty given icy,BgA,90,2544118.121126,2544123.028105,4.906980
802,3,23,What is the probability that the weather will be  icy and frosty on a random day in England?, icy and frosty,AandB,50,2544123.204469,2544125.740064,2.535596
802,3,24,If the weather in England is normal on a random daywhat is the probability that the weather will also be not typical on the same day?, not typical given normal,notBgA,50,2544125.937810,2544131.027952,5.090143
802,3,25,What is the probability that the weather will be  not normal on a random day in England?, not normal,notA,50,2544131.204477,2544134.075919,2.871442
802,3,26,What is the probability that the weather will be  typical or not normal on a random day in England?, typical or not normal,notAorB,50,2544134.254517,2544136.075847,1.821330
802,3,27,What is the probability that the weather will be  typical on a random day in England?, typical,B,50,2544136.237861,2544137.164154,0.926294
802,3,28,What is the probability that the weather will be  frosty on a random day in England?, frosty,B,50,2544137.337868,2544138.916038,1.578169
802,3,29,If the weather in England is not typical on a random daywhat is the probability that the weather will also be not normal on the same day?, not normal given not typical,notAgnotB,100,2544139.054530,2544143.083715,4.029185
802,3,30,What is the probability that the weather will be  icy or not frosty on a random day in England?, icy or not frosty,AornotB,50,2544143.254566,2544147.043663,3.789096
802,3,31,If the weather in England is typical on a random daywhat is the probability that the weather will also be not normal on the same day?, not normal given typical,notAgB,50,2544147.171249,2544151.164036,3.992786
802,3,32,What is the probability that the weather will be  not typical on a random day in England?, not typical,notB,50,2544151.387910,2544153.035491,1.647580
802,3,33,What is the probability that the weather will be  not icy and not frosty on a random day in England?, not icy and not frosty,notAandnotB,50,2544153.304081,2544155.643447,2.339367
802,3,34,If the weather in England is not normal on a random daywhat is the probability that the weather will also be not typical on the same day?, not typical given not normal,notBgnotA,90,2544155.904601,2544161.403319,5.498719
802,3,35,What is the probability that the weather will be  typical and not normal on a random day in England?, typical and not normal,notAandB,50,2544161.621314,2544164.467267,2.845953
802,3,36,If the weather in England is not icy on a random daywhat is the probability that the weather will also be not frosty on the same day?, not frosty given not icy,notBgnotA,90,2544164.721333,2544170.659182,5.937848
802,3,37,If the weather in England is not frosty on a random daywhat is the probability that the weather will also be not icy on the same day?, not icy given not frosty,notAgnotB,90,2544170.988039,2544174.387054,3.399015
802,3,38,What is the probability that the weather will be  not normal and not typical on a random day in England?, not normal and not typical,notAandnotB,50,2544174.621385,2544178.394973,3.773588
802,3,39,What is the probability that the weather will be  normal and not typical on a random day in England?, normal and not typical,AandnotB,50,2544178.688068,2544180.442896,1.754828
802,3,40,If the weather in England is not typical on a random daywhat is the probability that the weather will also be normal on the same day?, normal given not typical,AgnotB,2,2544180.704733,2544186.915050,6.210317
