ID,block,trial,query,querydetail,querytype,estimate,starttime,endtime,RT
402,1,1,If the weather in England is normal on a random daywhat is the probability that the weather will also be typical on the same day?, typical given normal,BgA,80,2930513.085616,2930554.363409,41.277793
402,1,2,If the weather in England is not frosty on a random daywhat is the probability that the weather will also be icy on the same day?, icy given not frosty,AgnotB,0,2930554.652259,2930594.892569,40.240309
402,1,3,What is the probability that the weather will be  frosty and not icy on a random day in England?, frosty and not icy,notAandB,20,2930595.052216,2930607.384654,12.332438
402,1,4,What is the probability that the weather will be  normal or typical on a random day in England?, normal or typical,AorB,100,2930607.535528,2930617.437176,9.901648
402,1,5,If the weather in England is not frosty on a random daywhat is the probability that the weather will also be not icy on the same day?, not icy given not frosty,notAgnotB,100,2930617.635536,2930631.412729,13.777193
402,1,6,What is the probability that the weather will be  not icy or not frosty on a random day in England?, not icy or not frosty,notAornotB,60,2930631.618876,2930650.812287,19.193410
402,1,7,What is the probability that the weather will be  icy on a random day in England?, icy,A,20,2930651.002163,2930661.268021,10.265859
402,1,8,If the weather in England is not normal on a random daywhat is the probability that the weather will also be not typical on the same day?, not typical given not normal,notBgnotA,100,2930661.468274,2930675.459615,13.991342
402,1,9,What is the probability that the weather will be  icy and frosty on a random day in England?, icy and frosty,AandB,20,2930675.618800,2930682.619511,7.000711
402,1,10,What is the probability that the weather will be  frosty or not icy on a random day in England?, frosty or not icy,notAorB,10,2930682.768800,2930687.195296,4.426496
402,1,11,What is the probability that the weather will be  typical and not normal on a random day in England?, typical and not normal,notAandB,50,2930687.368792,2930696.427106,9.058314
402,1,12,What is the probability that the weather will be  not icy and not frosty on a random day in England?, not icy and not frosty,notAandnotB,40,2930696.618811,2930705.282952,8.664141
402,1,13,What is the probability that the weather will be  typical or not normal on a random day in England?, typical or not normal,notAorB,70,2930705.468774,2930718.250631,12.781857
402,1,14,If the weather in England is not typical on a random daywhat is the probability that the weather will also be not normal on the same day?, not normal given not typical,notAgnotB,50,2930718.502080,2930726.178442,7.676362
402,1,15,If the weather in England is typical on a random daywhat is the probability that the weather will also be not normal on the same day?, not normal given typical,notAgB,80,2930726.435401,2930736.058352,9.622950
402,1,16,What is the probability that the weather will be  icy and not frosty on a random day in England?, icy and not frosty,AandnotB,40,2930736.268725,2930752.681704,16.412978
402,1,17,What is the probability that the weather will be  normal and not typical on a random day in England?, normal and not typical,AandnotB,40,2930752.868644,2930757.337722,4.469078
402,1,18,What is the probability that the weather will be  not normal on a random day in England?, not normal,notA,10,2930757.535371,2930772.842410,15.307040
402,1,19,If the weather in England is frosty on a random daywhat is the probability that the weather will also be icy on the same day?, icy given frosty,AgB,70,2930773.068692,2930783.265036,10.196344
402,1,20,If the weather in England is icy on a random daywhat is the probability that the weather will also be frosty on the same day?, frosty given icy,BgA,70,2930783.502018,2930792.281074,8.779056
402,1,21,What is the probability that the weather will be  normal or not typical on a random day in England?, normal or not typical,AornotB,50,2930792.435315,2930804.696635,12.261319
402,1,22,What is the probability that the weather will be  not normal and not typical on a random day in England?, not normal and not typical,notAandnotB,0,2930804.918635,2930814.168685,9.250050
402,1,23,What is the probability that the weather will be  normal on a random day in England?, normal,A,100,2930814.368635,2930819.440643,5.072008
402,1,24,What is the probability that the weather will be  icy or frosty on a random day in England?, icy or frosty,AorB,10,2930819.668664,2930825.624232,5.955568
402,1,25,If the weather in England is normal on a random daywhat is the probability that the weather will also be not typical on the same day?, not typical given normal,notBgA,50,2930825.785338,2930833.159382,7.374043
402,1,26,What is the probability that the weather will be  not frosty on a random day in England?, not frosty,notB,60,2930833.368639,2930845.311832,11.943193
402,1,27,If the weather in England is not icy on a random daywhat is the probability that the weather will also be not frosty on the same day?, not frosty given not icy,notBgnotA,70,2930845.485263,2930850.991501,5.506238
402,1,28,What is the probability that the weather will be  icy or not frosty on a random day in England?, icy or not frosty,AornotB,70,2930851.151955,2930863.063187,11.911232
402,1,29,If the weather in England is not normal on a random daywhat is the probability that the weather will also be typical on the same day?, typical given not normal,BgnotA,50,2930863.251907,2930869.006947,5.755041
402,1,30,What is the probability that the weather will be  not icy on a random day in England?, not icy,notA,70,2930869.201936,2930876.342761,7.140826
402,1,31,If the weather in England is frosty on a random daywhat is the probability that the weather will also be not icy on the same day?, not icy given frosty,notAgB,60,2930876.518571,2930888.446536,11.927966
402,1,32,What is the probability that the weather will be  frosty on a random day in England?, frosty,B,10,2930888.635240,2930891.902906,3.267666
402,1,33,What is the probability that the weather will be  typical on a random day in England?, typical,B,80,2930892.151901,2930896.016432,3.864531
402,1,34,What is the probability that the weather will be  not typical on a random day in England?, not typical,notB,10,2930896.251902,2930900.862187,4.610285
402,1,35,What is the probability that the weather will be  not normal or not typical on a random day in England?, not normal or not typical,notAornotB,8,2930901.068567,2930911.382097,10.313530
402,1,36,If the weather in England is icy on a random daywhat is the probability that the weather will also be not frosty on the same day?, not frosty given icy,notBgA,50,2930911.601896,2930924.661648,13.059752
402,1,37,If the weather in England is not icy on a random daywhat is the probability that the weather will also be frosty on the same day?, frosty given not icy,BgnotA,40,2930924.868544,2930939.509296,14.640752
402,1,38,What is the probability that the weather will be  normal and typical on a random day in England?, normal and typical,AandB,100,2930939.735176,2930947.581155,7.845978
402,1,39,If the weather in England is not typical on a random daywhat is the probability that the weather will also be normal on the same day?, normal given not typical,AgnotB,80,2930947.751850,2930952.356959,4.605109
402,1,40,If the weather in England is typical on a random daywhat is the probability that the weather will also be normal on the same day?, normal given typical,AgB,80,2930952.518515,2930956.013490,3.494975
402,2,1,If the weather in England is not frosty on a random daywhat is the probability that the weather will also be icy on the same day?, icy given not frosty,AgnotB,80,2930956.185177,2930963.652850,7.467673
402,2,2,What is the probability that the weather will be  icy or frosty on a random day in England?, icy or frosty,AorB,70,2930963.851829,2930969.236552,5.384723
402,2,3,What is the probability that the weather will be  not frosty on a random day in England?, not frosty,notB,70,2930969.401814,2930972.444519,3.042705
402,2,4,If the weather in England is not icy on a random daywhat is the probability that the weather will also be frosty on the same day?, frosty given not icy,BgnotA,70,2930972.651837,2930976.844398,4.192561
402,2,5,What is the probability that the weather will be  normal and not typical on a random day in England?, normal and not typical,AandnotB,80,2930977.035162,2930986.124130,9.088968
402,2,6,If the weather in England is not normal on a random daywhat is the probability that the weather will also be not typical on the same day?, not typical given not normal,notBgnotA,100,2930986.285125,2931005.347598,19.062473
402,2,7,What is the probability that the weather will be  normal and typical on a random day in England?, normal and typical,AandB,100,2931005.485120,2931011.403535,5.918415
402,2,8,What is the probability that the weather will be  not icy or not frosty on a random day in England?, not icy or not frosty,notAornotB,80,2931011.551775,2931015.411314,3.859539
402,2,9,If the weather in England is icy on a random daywhat is the probability that the weather will also be not frosty on the same day?, not frosty given icy,notBgA,10,2931015.601778,2931023.803109,8.201330
402,2,10,What is the probability that the weather will be  frosty and not icy on a random day in England?, frosty and not icy,notAandB,40,2931023.951749,2931029.771090,5.819341
402,2,11,What is the probability that the weather will be  not normal and not typical on a random day in England?, not normal and not typical,notAandnotB,0,2931029.935079,2931038.506968,8.571889
402,2,12,If the weather in England is frosty on a random daywhat is the probability that the weather will also be icy on the same day?, icy given frosty,AgB,80,2931038.685095,2931043.818665,5.133570
402,2,13,If the weather in England is not typical on a random daywhat is the probability that the weather will also be normal on the same day?, normal given not typical,AgnotB,10,2931043.968427,2931050.506635,6.538208
402,2,14,If the weather in England is not typical on a random daywhat is the probability that the weather will also be not normal on the same day?, not normal given not typical,notAgnotB,10,2931050.635078,2931054.506533,3.871454
402,2,15,What is the probability that the weather will be  typical on a random day in England?, typical,B,80,2931054.718414,2931062.306892,7.588479
402,2,16,If the weather in England is normal on a random daywhat is the probability that the weather will also be typical on the same day?, typical given normal,BgA,100,2931062.451737,2931067.162083,4.710345
402,2,17,What is the probability that the weather will be  typical and not normal on a random day in England?, typical and not normal,notAandB,80,2931067.301736,2931072.041937,4.740201
402,2,18,What is the probability that the weather will be  not icy and not frosty on a random day in England?, not icy and not frosty,notAandnotB,80,2931072.168391,2931080.561749,8.393359
402,2,19,If the weather in England is typical on a random daywhat is the probability that the weather will also be not normal on the same day?, not normal given typical,notAgB,80,2931080.701713,2931094.001407,13.299694
402,2,20,What is the probability that the weather will be  icy or not frosty on a random day in England?, icy or not frosty,AornotB,80,2931094.135020,2931104.945169,10.810149
402,2,21,What is the probability that the weather will be  not normal or not typical on a random day in England?, not normal or not typical,notAornotB,0,2931105.118355,2931111.297063,6.178709
402,2,22,If the weather in England is normal on a random daywhat is the probability that the weather will also be not typical on the same day?, not typical given normal,notBgA,10,2931111.468360,2931118.184837,6.716477
402,2,23,If the weather in England is not icy on a random daywhat is the probability that the weather will also be not frosty on the same day?, not frosty given not icy,notBgnotA,10,2931118.385009,2931122.168746,3.783737
402,2,24,What is the probability that the weather will be  frosty or not icy on a random day in England?, frosty or not icy,notAorB,10,2931122.368322,2931131.312535,8.944213
402,2,25,What is the probability that the weather will be  normal or typical on a random day in England?, normal or typical,AorB,1,2931131.518348,2931134.872624,3.354276
402,2,26,What is the probability that the weather will be  frosty on a random day in England?, frosty,B,20,2931135.051661,2931147.152538,12.100877
402,2,27,What is the probability that the weather will be  normal on a random day in England?, normal,A,70,2931147.268311,2931152.928232,5.659921
402,2,28,What is the probability that the weather will be  typical or not normal on a random day in England?, typical or not normal,notAorB,60,2931153.051648,2931157.887919,4.836271
402,2,29,What is the probability that the weather will be  normal or not typical on a random day in England?, normal or not typical,AornotB,60,2931158.001642,2931161.359811,3.358168
402,2,30,What is the probability that the weather will be  icy and frosty on a random day in England?, icy and frosty,AandB,20,2931161.484969,2931165.583714,4.098746
402,2,31,If the weather in England is icy on a random daywhat is the probability that the weather will also be frosty on the same day?, frosty given icy,BgA,90,2931165.701626,2931176.223469,10.521844
402,2,32,What is the probability that the weather will be  not typical on a random day in England?, not typical,notB,10,2931176.368292,2931183.023327,6.655035
402,2,33,What is the probability that the weather will be  not normal on a random day in England?, not normal,notA,10,2931183.151603,2931190.511131,7.359528
402,2,34,What is the probability that the weather will be  not icy on a random day in England?, not icy,notA,60,2931190.634945,2931198.798890,8.163946
402,2,35,If the weather in England is not normal on a random daywhat is the probability that the weather will also be typical on the same day?, typical given not normal,BgnotA,70,2931198.901577,2931206.238741,7.337164
402,2,36,If the weather in England is typical on a random daywhat is the probability that the weather will also be normal on the same day?, normal given typical,AgB,70,2931206.351573,2931208.382678,2.031105
402,2,37,What is the probability that the weather will be  icy and not frosty on a random day in England?, icy and not frosty,AandnotB,20,2931208.468239,2931216.838475,8.370236
402,2,38,If the weather in England is not frosty on a random daywhat is the probability that the weather will also be not icy on the same day?, not icy given not frosty,notAgnotB,50,2931216.951585,2931221.806339,4.854754
402,2,39,What is the probability that the weather will be  icy on a random day in England?, icy,A,59,2931221.951552,2931223.630685,1.679133
402,2,40,If the weather in England is frosty on a random daywhat is the probability that the weather will also be not icy on the same day?, not icy given frosty,notAgB,40,2931223.768213,2931225.214284,1.446071
402,3,1,If the weather in England is normal on a random daywhat is the probability that the weather will also be not typical on the same day?, not typical given normal,notBgA,59,2931225.351545,2931226.742242,1.390697
402,3,2,What is the probability that the weather will be  not icy or not frosty on a random day in England?, not icy or not frosty,notAornotB,60,2931226.851576,2931240.517920,13.666344
402,3,3,What is the probability that the weather will be  not icy on a random day in England?, not icy,notA,70,2931240.701563,2931251.261646,10.560083
402,3,4,What is the probability that the weather will be  icy and not frosty on a random day in England?, icy and not frosty,AandnotB,20,2931251.401524,2931257.837482,6.435959
402,3,5,What is the probability that the weather will be  normal or typical on a random day in England?, normal or typical,AorB,100,2931257.984857,2931267.053323,9.068467
402,3,6,What is the probability that the weather will be  icy on a random day in England?, icy,A,50,2931267.184838,2931274.709465,7.524627
402,3,7,If the weather in England is not frosty on a random daywhat is the probability that the weather will also be not icy on the same day?, not icy given not frosty,notAgnotB,80,2931274.818230,2931282.484916,7.666685
402,3,8,If the weather in England is not typical on a random daywhat is the probability that the weather will also be normal on the same day?, normal given not typical,AgnotB,60,2931282.601523,2931289.357853,6.756330
402,3,9,What is the probability that the weather will be  not normal on a random day in England?, not normal,notA,50,2931289.501511,2931294.628656,5.127145
402,3,10,What is the probability that the weather will be  frosty on a random day in England?, frosty,B,40,2931294.784819,2931302.692620,7.907801
402,3,11,If the weather in England is not icy on a random daywhat is the probability that the weather will also be not frosty on the same day?, not frosty given not icy,notBgnotA,60,2931302.851496,2931307.116295,4.264799
402,3,12,If the weather in England is not frosty on a random daywhat is the probability that the weather will also be icy on the same day?, icy given not frosty,AgnotB,50,2931307.234827,2931314.884132,7.649305
402,3,13,What is the probability that the weather will be  not frosty on a random day in England?, not frosty,notB,60,2931315.068156,2931317.924036,2.855880
402,3,14,If the weather in England is typical on a random daywhat is the probability that the weather will also be not normal on the same day?, not normal given typical,notAgB,20,2931318.118147,2931323.603923,5.485776
402,3,15,What is the probability that the weather will be  not icy and not frosty on a random day in England?, not icy and not frosty,notAandnotB,50,2931323.751477,2931328.123786,4.372309
402,3,16,If the weather in England is normal on a random daywhat is the probability that the weather will also be typical on the same day?, typical given normal,BgA,50,2931328.234801,2931331.179723,2.944922
402,3,17,If the weather in England is not normal on a random daywhat is the probability that the weather will also be typical on the same day?, typical given not normal,BgnotA,70,2931331.284775,2931336.723588,5.438813
402,3,18,What is the probability that the weather will be  typical and not normal on a random day in England?, typical and not normal,notAandB,60,2931336.868122,2931343.515423,6.647302
402,3,19,What is the probability that the weather will be  not normal and not typical on a random day in England?, not normal and not typical,notAandnotB,0,2931343.701457,2931349.051576,5.350119
402,3,20,What is the probability that the weather will be  icy and frosty on a random day in England?, icy and frosty,AandB,60,2931349.218111,2931353.243189,4.025078
402,3,21,If the weather in England is typical on a random daywhat is the probability that the weather will also be normal on the same day?, normal given typical,AgB,100,2931353.401423,2931358.067059,4.665636
402,3,22,What is the probability that the weather will be  typical on a random day in England?, typical,B,80,2931358.168046,2931362.243424,4.075378
402,3,23,What is the probability that the weather will be  normal and typical on a random day in England?, normal and typical,AandB,90,2931362.368095,2931370.388633,8.020538
402,3,24,What is the probability that the weather will be  normal or not typical on a random day in England?, normal or not typical,AornotB,40,2931370.518093,2931375.826633,5.308540
402,3,25,What is the probability that the weather will be  frosty or not icy on a random day in England?, frosty or not icy,notAorB,30,2931375.951416,2931381.938174,5.986758
402,3,26,If the weather in England is not typical on a random daywhat is the probability that the weather will also be not normal on the same day?, not normal given not typical,notAgnotB,50,2931382.101398,2931387.634383,5.532985
402,3,27,If the weather in England is frosty on a random daywhat is the probability that the weather will also be not icy on the same day?, not icy given frosty,notAgB,40,2931387.784720,2931394.762195,6.977475
402,3,28,What is the probability that the weather will be  normal and not typical on a random day in England?, normal and not typical,AandnotB,5,2931394.934748,2931398.611151,3.676403
402,3,29,What is the probability that the weather will be  icy or frosty on a random day in England?, icy or frosty,AorB,50,2931398.784702,2931403.257999,4.473298
402,3,30,If the weather in England is frosty on a random daywhat is the probability that the weather will also be icy on the same day?, icy given frosty,AgB,30,2931403.418066,2931409.145843,5.727778
402,3,31,What is the probability that the weather will be  frosty and not icy on a random day in England?, frosty and not icy,notAandB,40,2931409.318044,2931412.433784,3.115740
402,3,32,What is the probability that the weather will be  typical or not normal on a random day in England?, typical or not normal,notAorB,40,2931412.684718,2931415.513728,2.829010
402,3,33,If the weather in England is not icy on a random daywhat is the probability that the weather will also be frosty on the same day?, frosty given not icy,BgnotA,30,2931415.701378,2931418.345636,2.644258
402,3,34,What is the probability that the weather will be  icy or not frosty on a random day in England?, icy or not frosty,AornotB,3,2931418.534702,2931422.105733,3.571031
402,3,35,If the weather in England is icy on a random daywhat is the probability that the weather will also be frosty on the same day?, frosty given icy,BgA,90,2931422.401366,2931430.777321,8.375956
402,3,36,What is the probability that the weather will be  not normal or not typical on a random day in England?, not normal or not typical,notAornotB,80,2931430.984699,2931435.633209,4.648510
402,3,37,If the weather in England is not normal on a random daywhat is the probability that the weather will also be not typical on the same day?, not typical given not normal,notBgnotA,8,2931435.834694,2931440.569462,4.734769
402,3,38,What is the probability that the weather will be  normal on a random day in England?, normal,A,80,2931440.851349,2931451.353452,10.502103
402,3,39,What is the probability that the weather will be  not typical on a random day in England?, not typical,notB,70,2931451.534661,2931455.272740,3.738079
402,3,40,If the weather in England is icy on a random daywhat is the probability that the weather will also be not frosty on the same day?, not frosty given icy,notBgA,50,2931455.484656,2931460.600638,5.115982
