ID,block,trial,query,querydetail,querytype,estimate,starttime,endtime,RT
111,1,1,What is the probability that the weather will be  not icy on a random day in England?, not icy,notA,97,2371288.035582,2371300.263032,12.227450
111,1,2,What is the probability that the weather will be  not normal on a random day in England?, not normal,notA,50,2371300.418791,2371309.295454,8.876663
111,1,3,What is the probability that the weather will be  typical on a random day in England?, typical,B,80,2371309.468684,2371318.937357,9.468672
111,1,4,What is the probability that the weather will be  normal or not typical on a random day in England?, normal or not typical,AornotB,100,2371319.051423,2371327.745077,8.693654
111,1,5,What is the probability that the weather will be  typical and not normal on a random day in England?, typical and not normal,notAandB,75,2371327.935208,2371344.880603,16.945396
111,1,6,If the weather in England is not normal on a random daywhat is the probability that the weather will also be not typical on the same day?, not typical given not normal,notBgnotA,5,2371345.135048,2371353.276620,8.141572
111,1,7,If the weather in England is frosty on a random daywhat is the probability that the weather will also be not icy on the same day?, not icy given frosty,notAgB,50,2371353.418323,2371366.976047,13.557724
111,1,8,What is the probability that the weather will be  not normal or not typical on a random day in England?, not normal or not typical,notAornotB,40,2371367.101517,2371376.959710,9.858193
111,1,9,If the weather in England is icy on a random daywhat is the probability that the weather will also be not frosty on the same day?, not frosty given icy,notBgA,50,2371377.118127,2371385.592422,8.474296
111,1,10,If the weather in England is frosty on a random daywhat is the probability that the weather will also be icy on the same day?, icy given frosty,AgB,50,2371385.718064,2371395.975140,10.257075
111,1,11,If the weather in England is not normal on a random daywhat is the probability that the weather will also be typical on the same day?, typical given not normal,BgnotA,50,2371396.151275,2371402.497677,6.346402
111,1,12,If the weather in England is not typical on a random daywhat is the probability that the weather will also be normal on the same day?, normal given not typical,AgnotB,40,2371402.617885,2371406.335015,3.717129
111,1,13,If the weather in England is not icy on a random daywhat is the probability that the weather will also be frosty on the same day?, frosty given not icy,BgnotA,50,2371406.501183,2371411.470849,4.969666
111,1,14,If the weather in England is normal on a random daywhat is the probability that the weather will also be not typical on the same day?, not typical given normal,notBgA,50,2371411.634471,2371417.934723,6.300252
111,1,15,What is the probability that the weather will be  icy and frosty on a random day in England?, icy and frosty,AandB,3,2371418.084407,2371426.870529,8.786122
111,1,16,What is the probability that the weather will be  icy or not frosty on a random day in England?, icy or not frosty,AornotB,7,2371426.984330,2371431.782185,4.797855
111,1,17,What is the probability that the weather will be  not normal and not typical on a random day in England?, not normal and not typical,notAandnotB,15,2371431.934285,2371439.454256,7.519971
111,1,18,What is the probability that the weather will be  frosty and not icy on a random day in England?, frosty and not icy,notAandB,13,2371439.567545,2371449.741857,10.174312
111,1,19,What is the probability that the weather will be  normal and not typical on a random day in England?, normal and not typical,AandnotB,10,2371449.850767,2371464.848304,14.997537
111,1,20,If the weather in England is not frosty on a random daywhat is the probability that the weather will also be not icy on the same day?, not icy given not frosty,notAgnotB,99,2371465.000654,2371480.349000,15.348346
111,1,21,If the weather in England is not typical on a random daywhat is the probability that the weather will also be not normal on the same day?, not normal given not typical,notAgnotB,29,2371480.533861,2371489.532998,8.999136
111,1,22,What is the probability that the weather will be  icy or frosty on a random day in England?, icy or frosty,AorB,3,2371489.667080,2371493.276650,3.609571
111,1,23,What is the probability that the weather will be  icy on a random day in England?, icy,A,2,2371493.433742,2371504.988413,11.554671
111,1,24,What is the probability that the weather will be  normal and typical on a random day in England?, normal and typical,AandB,80,2371505.166966,2371512.116294,6.949327
111,1,25,What is the probability that the weather will be  not icy and not frosty on a random day in England?, not icy and not frosty,notAandnotB,90,2371512.283559,2371517.475964,5.192405
111,1,26,If the weather in England is normal on a random daywhat is the probability that the weather will also be typical on the same day?, typical given normal,BgA,90,2371517.700171,2371528.651591,10.951420
111,1,27,If the weather in England is not frosty on a random daywhat is the probability that the weather will also be icy on the same day?, icy given not frosty,AgnotB,1,2371528.783416,2371535.539394,6.755978
111,1,28,What is the probability that the weather will be  not typical on a random day in England?, not typical,notB,5,2371535.733359,2371543.883340,8.149981
111,1,29,What is the probability that the weather will be  normal or typical on a random day in England?, normal or typical,AorB,90,2371544.033261,2371552.291069,8.257808
111,1,30,What is the probability that the weather will be  icy and not frosty on a random day in England?, icy and not frosty,AandnotB,1,2371552.416544,2371562.594690,10.178146
111,1,31,If the weather in England is typical on a random daywhat is the probability that the weather will also be normal on the same day?, normal given typical,AgB,95,2371562.683137,2371571.586525,8.903388
111,1,32,If the weather in England is not icy on a random daywhat is the probability that the weather will also be not frosty on the same day?, not frosty given not icy,notBgnotA,95,2371571.683035,2371578.250748,6.567713
111,1,33,What is the probability that the weather will be  frosty or not icy on a random day in England?, frosty or not icy,notAorB,6,2371578.399642,2371591.033903,12.634261
111,1,34,If the weather in England is icy on a random daywhat is the probability that the weather will also be frosty on the same day?, frosty given icy,BgA,10,2371591.166201,2371598.489708,7.323507
111,1,35,What is the probability that the weather will be  frosty on a random day in England?, frosty,B,6,2371598.599451,2371600.746009,2.146558
111,1,36,If the weather in England is typical on a random daywhat is the probability that the weather will also be not normal on the same day?, not normal given typical,notAgB,60,2371600.882786,2371611.425380,10.542594
111,1,37,What is the probability that the weather will be  normal on a random day in England?, normal,A,80,2371611.616021,2371616.601518,4.985497
111,1,38,What is the probability that the weather will be  typical or not normal on a random day in England?, typical or not normal,notAorB,70,2371616.732635,2371622.769019,6.036384
111,1,39,What is the probability that the weather will be  not frosty on a random day in England?, not frosty,notB,90,2371622.882578,2371629.400865,6.518287
111,1,40,What is the probability that the weather will be  not icy or not frosty on a random day in England?, not icy or not frosty,notAornotB,94,2371629.499164,2371637.248667,7.749503
111,2,1,What is the probability that the weather will be  not icy and not frosty on a random day in England?, not icy and not frosty,notAandnotB,95,2371637.415781,2371644.712546,7.296765
111,2,2,What is the probability that the weather will be  not typical on a random day in England?, not typical,notB,30,2371644.849011,2371654.896258,10.047248
111,2,3,If the weather in England is frosty on a random daywhat is the probability that the weather will also be not icy on the same day?, not icy given frosty,notAgB,8,2371655.032296,2371684.271397,29.239101
111,2,4,What is the probability that the weather will be  not icy or not frosty on a random day in England?, not icy or not frosty,notAornotB,90,2371684.415368,2371692.735409,8.320040
111,2,5,What is the probability that the weather will be  not normal and not typical on a random day in England?, not normal and not typical,notAandnotB,5,2371692.915287,2371698.350555,5.435267
111,2,6,If the weather in England is not typical on a random daywhat is the probability that the weather will also be normal on the same day?, normal given not typical,AgnotB,25,2371698.498591,2371706.358667,7.860077
111,2,7,What is the probability that the weather will be  frosty and not icy on a random day in England?, frosty and not icy,notAandB,9,2371706.481834,2371715.862705,9.380871
111,2,8,What is the probability that the weather will be  icy on a random day in England?, icy,A,9,2371716.048401,2371717.518721,1.470320
111,2,9,If the weather in England is not frosty on a random daywhat is the probability that the weather will also be not icy on the same day?, not icy given not frosty,notAgnotB,9,2371717.681741,2371725.694281,8.012541
111,2,10,What is the probability that the weather will be  icy or not frosty on a random day in England?, icy or not frosty,AornotB,9,2371725.831643,2371728.774356,2.942713
111,2,11,What is the probability that the weather will be  typical on a random day in England?, typical,B,90,2371728.931611,2371732.070509,3.138897
111,2,12,What is the probability that the weather will be  typical and not normal on a random day in England?, typical and not normal,notAandB,70,2371732.248248,2371737.341821,5.093573
111,2,13,What is the probability that the weather will be  frosty or not icy on a random day in England?, frosty or not icy,notAorB,6,2371737.498203,2371748.989611,11.491408
111,2,14,What is the probability that the weather will be  normal and not typical on a random day in England?, normal and not typical,AandnotB,9,2371749.181420,2371753.677465,4.496045
111,2,15,What is the probability that the weather will be  normal on a random day in England?, normal,A,90,2371753.898073,2371759.949495,6.051422
111,2,16,If the weather in England is not typical on a random daywhat is the probability that the weather will also be not normal on the same day?, not normal given not typical,notAgnotB,80,2371760.164691,2371771.452885,11.288195
111,2,17,If the weather in England is icy on a random daywhat is the probability that the weather will also be frosty on the same day?, frosty given icy,BgA,96,2371771.597917,2371778.180957,6.583040
111,2,18,What is the probability that the weather will be  not normal or not typical on a random day in England?, not normal or not typical,notAornotB,3,2371778.381186,2371783.060935,4.679750
111,2,19,If the weather in England is normal on a random daywhat is the probability that the weather will also be not typical on the same day?, not typical given normal,notBgA,7,2371783.197821,2371793.948416,10.750595
111,2,20,What is the probability that the weather will be  icy and not frosty on a random day in England?, icy and not frosty,AandnotB,8,2371794.164380,2371796.276515,2.112135
111,2,21,What is the probability that the weather will be  not normal on a random day in England?, not normal,notA,8,2371796.414348,2371797.908271,1.493923
111,2,22,What is the probability that the weather will be  not frosty on a random day in England?, not frosty,notB,88,2371798.097648,2371800.836096,2.738448
111,2,23,What is the probability that the weather will be  frosty on a random day in England?, frosty,B,9,2371800.980996,2371804.876450,3.895454
111,2,24,What is the probability that the weather will be  icy or frosty on a random day in England?, icy or frosty,AorB,9,2371805.030925,2371808.948066,3.917141
111,2,25,What is the probability that the weather will be  normal or not typical on a random day in England?, normal or not typical,AornotB,80,2371809.030921,2371818.195659,9.164738
111,2,26,If the weather in England is typical on a random daywhat is the probability that the weather will also be normal on the same day?, normal given typical,AgB,9,2371818.347495,2371823.915687,5.568192
111,2,27,If the weather in England is icy on a random daywhat is the probability that the weather will also be not frosty on the same day?, not frosty given icy,notBgA,80,2371824.047420,2371829.219672,5.172252
111,2,28,If the weather in England is frosty on a random daywhat is the probability that the weather will also be icy on the same day?, icy given frosty,AgB,9,2371829.414068,2371831.419778,2.005710
111,2,29,What is the probability that the weather will be  icy and frosty on a random day in England?, icy and frosty,AandB,9,2371831.630702,2371834.331389,2.700687
111,2,30,If the weather in England is not frosty on a random daywhat is the probability that the weather will also be icy on the same day?, icy given not frosty,AgnotB,4,2371834.514061,2371839.963422,5.449360
111,2,31,If the weather in England is not icy on a random daywhat is the probability that the weather will also be not frosty on the same day?, not frosty given not icy,notBgnotA,99,2371840.097320,2371846.627092,6.529772
111,2,32,What is the probability that the weather will be  not icy on a random day in England?, not icy,notA,95,2371846.730557,2371854.746931,8.016374
111,2,33,What is the probability that the weather will be  typical or not normal on a random day in England?, typical or not normal,notAorB,90,2371854.847151,2371865.570352,10.723201
111,2,34,If the weather in England is normal on a random daywhat is the probability that the weather will also be typical on the same day?, typical given normal,BgA,90,2371865.647064,2371869.882264,4.235200
111,2,35,If the weather in England is not icy on a random daywhat is the probability that the weather will also be frosty on the same day?, frosty given not icy,BgnotA,6,2371870.013704,2371874.642310,4.628605
111,2,36,If the weather in England is typical on a random daywhat is the probability that the weather will also be not normal on the same day?, not normal given typical,notAgB,90,2371874.730347,2371878.442255,3.711908
111,2,37,If the weather in England is not normal on a random daywhat is the probability that the weather will also be not typical on the same day?, not typical given not normal,notBgnotA,80,2371878.596959,2371879.882105,1.285146
111,2,38,What is the probability that the weather will be  normal and typical on a random day in England?, normal and typical,AandB,70,2371880.030252,2371883.922018,3.891766
111,2,39,What is the probability that the weather will be  normal or typical on a random day in England?, normal or typical,AorB,8,2371884.130224,2371886.337931,2.207707
111,2,40,If the weather in England is not normal on a random daywhat is the probability that the weather will also be typical on the same day?, typical given not normal,BgnotA,90,2371886.546868,2371888.041766,1.494898
111,3,1,If the weather in England is not normal on a random daywhat is the probability that the weather will also be typical on the same day?, typical given not normal,BgnotA,9,2371888.263541,2371894.457745,6.194205
111,3,2,If the weather in England is not typical on a random daywhat is the probability that the weather will also be not normal on the same day?, not normal given not typical,notAgnotB,9,2371894.630134,2371898.289586,3.659452
111,3,3,If the weather in England is not icy on a random daywhat is the probability that the weather will also be not frosty on the same day?, not frosty given not icy,notBgnotA,0,2371898.396785,2371899.121503,0.724718
111,3,4,What is the probability that the weather will be  not icy and not frosty on a random day in England?, not icy and not frosty,notAandnotB,95,2371899.380082,2371906.457361,7.077279
111,3,5,What is the probability that the weather will be  icy or not frosty on a random day in England?, icy or not frosty,AornotB,90,2371906.580044,2371917.960964,11.380920
111,3,6,If the weather in England is normal on a random daywhat is the probability that the weather will also be not typical on the same day?, not typical given normal,notBgA,8,2371918.179908,2371950.320157,32.140249
111,3,7,What is the probability that the weather will be  icy on a random day in England?, icy,A,9,2371950.479644,2371954.272386,3.792742
111,3,8,What is the probability that the weather will be  not icy or not frosty on a random day in England?, not icy or not frosty,notAornotB,90,2371954.362943,2371956.967923,2.604979
111,3,9,If the weather in England is frosty on a random daywhat is the probability that the weather will also be icy on the same day?, icy given frosty,AgB,9,2371957.079594,2371959.703960,2.624366
111,3,10,What is the probability that the weather will be  icy and not frosty on a random day in England?, icy and not frosty,AandnotB,89,2371959.846226,2371964.663818,4.817592
111,3,11,What is the probability that the weather will be  not normal or not typical on a random day in England?, not normal or not typical,notAornotB,90,2371964.829515,2371967.207638,2.378123
111,3,12,What is the probability that the weather will be  frosty and not icy on a random day in England?, frosty and not icy,notAandB,60,2371967.329472,2371982.423204,15.093732
111,3,13,If the weather in England is not icy on a random daywhat is the probability that the weather will also be frosty on the same day?, frosty given not icy,BgnotA,9,2371982.645991,2372013.222477,30.576485
111,3,14,What is the probability that the weather will be  icy or frosty on a random day in England?, icy or frosty,AorB,9,2372013.362419,2372015.526375,2.163956
111,3,15,What is the probability that the weather will be  typical and not normal on a random day in England?, typical and not normal,notAandB,9,2372015.712368,2372017.262471,1.550103
111,3,16,If the weather in England is not typical on a random daywhat is the probability that the weather will also be normal on the same day?, normal given not typical,AgnotB,80,2372017.462350,2372018.974180,1.511830
111,3,17,What is the probability that the weather will be  icy and frosty on a random day in England?, icy and frosty,AandB,9,2372019.145678,2372021.046285,1.900606
111,3,18,What is the probability that the weather will be  not normal and not typical on a random day in England?, not normal and not typical,notAandnotB,8,2372021.262319,2372024.806957,3.544638
111,3,19,If the weather in England is not normal on a random daywhat is the probability that the weather will also be not typical on the same day?, not typical given not normal,notBgnotA,95,2372024.962314,2372030.781930,5.819616
111,3,20,If the weather in England is typical on a random daywhat is the probability that the weather will also be not normal on the same day?, not normal given typical,notAgB,40,2372030.912234,2372034.781994,3.869761
111,3,21,If the weather in England is not frosty on a random daywhat is the probability that the weather will also be not icy on the same day?, not icy given not frosty,notAgnotB,77,2372034.962221,2372040.837689,5.875468
111,3,22,If the weather in England is icy on a random daywhat is the probability that the weather will also be frosty on the same day?, frosty given icy,BgA,80,2372040.978839,2372044.701568,3.722729
111,3,23,What is the probability that the weather will be  normal or not typical on a random day in England?, normal or not typical,AornotB,89,2372044.928790,2372051.301314,6.372524
111,3,24,If the weather in England is icy on a random daywhat is the probability that the weather will also be not frosty on the same day?, not frosty given icy,notBgA,4,2372051.428736,2372058.733095,7.304359
111,3,25,If the weather in England is frosty on a random daywhat is the probability that the weather will also be not icy on the same day?, not icy given frosty,notAgB,3,2372058.828673,2372066.324891,7.496218
111,3,26,If the weather in England is typical on a random daywhat is the probability that the weather will also be normal on the same day?, normal given typical,AgB,90,2372066.545266,2372070.532782,3.987516
111,3,27,What is the probability that the weather will be  typical on a random day in England?, typical,B,90,2372070.745232,2372079.701054,8.955822
111,3,28,If the weather in England is not frosty on a random daywhat is the probability that the weather will also be icy on the same day?, icy given not frosty,AgnotB,9,2372079.927944,2372096.212035,16.284091
111,3,29,If the weather in England is normal on a random daywhat is the probability that the weather will also be typical on the same day?, typical given normal,BgA,9,2372096.395001,2372100.171769,3.776768
111,3,30,What is the probability that the weather will be  normal or typical on a random day in England?, normal or typical,AorB,90,2372100.394947,2372104.923867,4.528919
111,3,31,What is the probability that the weather will be  not normal on a random day in England?, not normal,notA,9,2372105.078247,2372113.867650,8.789402
111,3,32,What is the probability that the weather will be  normal on a random day in England?, normal,A,90,2372113.978180,2372116.012073,2.033893
111,3,33,What is the probability that the weather will be  not typical on a random day in England?, not typical,notB,9,2372116.228162,2372117.787489,1.559327
111,3,34,What is the probability that the weather will be  typical or not normal on a random day in England?, typical or not normal,notAorB,90,2372117.911474,2372119.147487,1.236013
111,3,35,What is the probability that the weather will be  frosty or not icy on a random day in England?, frosty or not icy,notAorB,8,2372119.294801,2372120.155414,0.860613
111,3,36,What is the probability that the weather will be  not frosty on a random day in England?, not frosty,notB,8,2372120.344775,2372121.675394,1.330619
111,3,37,What is the probability that the weather will be  normal and typical on a random day in England?, normal and typical,AandB,90,2372121.894760,2372124.091349,2.196589
111,3,38,What is the probability that the weather will be  frosty on a random day in England?, frosty,B,9,2372124.261395,2372126.763638,2.502242
111,3,39,What is the probability that the weather will be  not icy on a random day in England?, not icy,notA,90,2372126.944726,2372129.187215,2.242489
111,3,40,What is the probability that the weather will be  normal and not typical on a random day in England?, normal and not typical,AandnotB,7,2372129.344704,2372131.131136,1.786432
