ID,block,trial,query,querydetail,querytype,estimate,starttime,endtime,RT
208,1,1,What is the probability that the weather will be  not icy on a random day in England?, not icy,notA,5,2851648.410713,2851658.279567,9.868854
208,1,2,If the weather in England is frosty on a random daywhat is the probability that the weather will also be icy on the same day?, icy given frosty,AgB,40,2851658.394106,2851674.191701,15.797595
208,1,3,What is the probability that the weather will be  normal and typical on a random day in England?, normal and typical,AandB,50,2851674.327433,2851684.002658,9.675224
208,1,4,If the weather in England is not icy on a random daywhat is the probability that the weather will also be frosty on the same day?, frosty given not icy,BgnotA,20,2851684.110821,2851704.026357,19.915536
208,1,5,What is the probability that the weather will be  normal or typical on a random day in England?, normal or typical,AorB,60,2851704.194156,2851710.970172,6.776016
208,1,6,What is the probability that the weather will be  icy or not frosty on a random day in England?, icy or not frosty,AornotB,20,2851711.127523,2851716.082216,4.954693
208,1,7,If the weather in England is frosty on a random daywhat is the probability that the weather will also be not icy on the same day?, not icy given frosty,notAgB,30,2851716.277533,2851730.889982,14.612450
208,1,8,What is the probability that the weather will be  icy on a random day in England?, icy,A,20,2851731.060938,2851735.137839,4.076901
208,1,9,What is the probability that the weather will be  typical and not normal on a random day in England?, typical and not normal,notAandB,50,2851735.294272,2851744.921608,9.627336
208,1,10,What is the probability that the weather will be  frosty and not icy on a random day in England?, frosty and not icy,notAandB,40,2851745.077603,2851755.324115,10.246512
208,1,11,What is the probability that the weather will be  normal on a random day in England?, normal,A,50,2851755.494271,2851765.729412,10.235141
208,1,12,If the weather in England is typical on a random daywhat is the probability that the weather will also be normal on the same day?, normal given typical,AgB,60,2851765.827680,2851772.825321,6.997641
208,1,13,If the weather in England is icy on a random daywhat is the probability that the weather will also be not frosty on the same day?, not frosty given icy,notBgA,5,2851772.961022,2851791.876578,18.915555
208,1,14,What is the probability that the weather will be  frosty on a random day in England?, frosty,B,30,2851792.027681,2851801.920841,9.893160
208,1,15,If the weather in England is not frosty on a random daywhat is the probability that the weather will also be not icy on the same day?, not icy given not frosty,notAgnotB,90,2851802.077708,2851817.312596,15.234888
208,1,16,If the weather in England is normal on a random daywhat is the probability that the weather will also be typical on the same day?, typical given normal,BgA,80,2851817.477738,2851826.304549,8.826811
208,1,17,What is the probability that the weather will be  typical or not normal on a random day in England?, typical or not normal,notAorB,60,2851826.477731,2851838.752166,12.274435
208,1,18,What is the probability that the weather will be  not normal and not typical on a random day in England?, not normal and not typical,notAandnotB,40,2851838.894451,2851857.736119,18.841668
208,1,19,What is the probability that the weather will be  not normal on a random day in England?, not normal,notA,40,2851857.927791,2851860.543995,2.616203
208,1,20,If the weather in England is not normal on a random daywhat is the probability that the weather will also be typical on the same day?, typical given not normal,BgnotA,50,2851860.694495,2851863.831820,3.137325
208,1,21,If the weather in England is icy on a random daywhat is the probability that the weather will also be frosty on the same day?, frosty given icy,BgA,60,2851864.011160,2851867.152071,3.140911
208,1,22,If the weather in England is not typical on a random daywhat is the probability that the weather will also be normal on the same day?, normal given not typical,AgnotB,3,2851867.327835,2851882.336280,15.008445
208,1,23,If the weather in England is not frosty on a random daywhat is the probability that the weather will also be icy on the same day?, icy given not frosty,AgnotB,3,2851882.577871,2851900.263194,17.685324
208,1,24,If the weather in England is not typical on a random daywhat is the probability that the weather will also be not normal on the same day?, not normal given not typical,notAgnotB,50,2851900.411229,2851910.455090,10.043861
208,1,25,What is the probability that the weather will be  normal or not typical on a random day in England?, normal or not typical,AornotB,30,2851910.727890,2851918.591034,7.863145
208,1,26,What is the probability that the weather will be  not icy and not frosty on a random day in England?, not icy and not frosty,notAandnotB,50,2851918.794606,2851925.127024,6.332418
208,1,27,What is the probability that the weather will be  frosty or not icy on a random day in England?, frosty or not icy,notAorB,30,2851925.361289,2851932.182452,6.821163
208,1,28,What is the probability that the weather will be  not icy or not frosty on a random day in England?, not icy or not frosty,notAornotB,40,2851932.444604,2851943.510616,11.066012
208,1,29,What is the probability that the weather will be  typical on a random day in England?, typical,B,5,2851943.677992,2851944.774739,1.096747
208,1,30,What is the probability that the weather will be  not normal or not typical on a random day in England?, not normal or not typical,notAornotB,20,2851944.994658,2851947.606356,2.611698
208,1,31,If the weather in England is typical on a random daywhat is the probability that the weather will also be not normal on the same day?, not normal given typical,notAgB,60,2851947.778003,2851949.609202,1.831198
208,1,32,What is the probability that the weather will be  icy or frosty on a random day in England?, icy or frosty,AorB,30,2851949.794648,2851951.145388,1.350740
208,1,33,What is the probability that the weather will be  normal and not typical on a random day in England?, normal and not typical,AandnotB,40,2851951.344672,2851952.254345,0.909674
208,1,34,If the weather in England is not icy on a random daywhat is the probability that the weather will also be not frosty on the same day?, not frosty given not icy,notBgnotA,20,2851952.494652,2851953.502489,1.007837
208,1,35,What is the probability that the weather will be  icy and frosty on a random day in England?, icy and frosty,AandB,50,2851953.694671,2851954.535147,0.840476
208,1,36,What is the probability that the weather will be  icy and not frosty on a random day in England?, icy and not frosty,AandnotB,30,2851954.861345,2851956.878341,2.016996
208,1,37,What is the probability that the weather will be  not frosty on a random day in England?, not frosty,notB,50,2851957.044677,2851958.864731,1.820054
208,1,38,If the weather in England is normal on a random daywhat is the probability that the weather will also be not typical on the same day?, not typical given normal,notBgA,40,2851959.078021,2851960.822231,1.744210
208,1,39,What is the probability that the weather will be  not typical on a random day in England?, not typical,notB,60,2851960.994667,2851962.470143,1.475476
208,1,40,If the weather in England is not normal on a random daywhat is the probability that the weather will also be not typical on the same day?, not typical given not normal,notBgnotA,3,2851962.728005,2851963.286304,0.558300
208,2,1,If the weather in England is not typical on a random daywhat is the probability that the weather will also be normal on the same day?, normal given not typical,AgnotB,50,2851963.628011,2851964.912690,1.284679
208,2,2,What is the probability that the weather will be  not icy and not frosty on a random day in England?, not icy and not frosty,notAandnotB,60,2851965.111355,2851966.406165,1.294810
208,2,3,What is the probability that the weather will be  normal and typical on a random day in England?, normal and typical,AandB,30,2851966.694680,2851968.582139,1.887459
208,2,4,What is the probability that the weather will be  icy or frosty on a random day in England?, icy or frosty,AorB,50,2851968.861378,2851974.678125,5.816747
208,2,5,If the weather in England is icy on a random daywhat is the probability that the weather will also be not frosty on the same day?, not frosty given icy,notBgA,30,2851974.844697,2851977.782058,2.937362
208,2,6,What is the probability that the weather will be  not normal or not typical on a random day in England?, not normal or not typical,notAornotB,50,2851977.978035,2851979.933953,1.955918
208,2,7,What is the probability that the weather will be  normal or not typical on a random day in England?, normal or not typical,AornotB,30,2851980.178058,2851982.525849,2.347791
208,2,8,If the weather in England is normal on a random daywhat is the probability that the weather will also be not typical on the same day?, not typical given normal,notBgA,50,2851982.728053,2851986.005755,3.277702
208,2,9,What is the probability that the weather will be  not icy or not frosty on a random day in England?, not icy or not frosty,notAornotB,40,2851986.211408,2851987.389885,1.178477
208,2,10,If the weather in England is not typical on a random daywhat is the probability that the weather will also be not normal on the same day?, not normal given not typical,notAgnotB,20,2851987.594741,2851988.776527,1.181786
208,2,11,What is the probability that the weather will be  not normal on a random day in England?, not normal,notA,60,2851988.978088,2851998.653664,9.675576
208,2,12,If the weather in England is not frosty on a random daywhat is the probability that the weather will also be icy on the same day?, icy given not frosty,AgnotB,40,2851998.861432,2852009.901458,11.040025
208,2,13,What is the probability that the weather will be  frosty or not icy on a random day in England?, frosty or not icy,notAorB,20,2852010.044775,2852012.551961,2.507186
208,2,14,What is the probability that the weather will be  normal on a random day in England?, normal,A,20,2852012.778125,2852017.533849,4.755723
208,2,15,If the weather in England is not frosty on a random daywhat is the probability that the weather will also be not icy on the same day?, not icy given not frosty,notAgnotB,60,2852017.744803,2852039.812933,22.068130
208,2,16,What is the probability that the weather will be  frosty and not icy on a random day in England?, frosty and not icy,notAandB,30,2852040.028167,2852061.821119,21.792951
208,2,17,What is the probability that the weather will be  normal and not typical on a random day in England?, normal and not typical,AandnotB,40,2852062.011581,2852066.084566,4.072985
208,2,18,What is the probability that the weather will be  not normal and not typical on a random day in England?, not normal and not typical,notAandnotB,30,2852066.294902,2852067.582939,1.288038
208,2,19,If the weather in England is typical on a random daywhat is the probability that the weather will also be not normal on the same day?, not normal given typical,notAgB,50,2852067.744904,2852069.054920,1.310016
208,2,20,What is the probability that the weather will be  icy and not frosty on a random day in England?, icy and not frosty,AandnotB,30,2852069.194915,2852071.708611,2.513696
208,2,21,What is the probability that the weather will be  typical on a random day in England?, typical,B,40,2852071.911581,2852085.756589,13.845008
208,2,22,What is the probability that the weather will be  icy or not frosty on a random day in England?, icy or not frosty,AornotB,20,2852085.878271,2852090.748157,4.869885
208,2,23,If the weather in England is not icy on a random daywhat is the probability that the weather will also be not frosty on the same day?, not frosty given not icy,notBgnotA,40,2852090.978291,2852092.420119,1.441828
208,2,24,What is the probability that the weather will be  normal or typical on a random day in England?, normal or typical,AorB,60,2852092.611621,2852094.237880,1.626259
208,2,25,If the weather in England is frosty on a random daywhat is the probability that the weather will also be icy on the same day?, icy given frosty,AgB,60,2852094.528300,2852102.404066,7.875766
208,2,26,What is the probability that the weather will be  icy and frosty on a random day in England?, icy and frosty,AandB,60,2852102.644974,2852105.427961,2.782987
208,2,27,If the weather in England is frosty on a random daywhat is the probability that the weather will also be not icy on the same day?, not icy given frosty,notAgB,50,2852105.628313,2852111.475940,5.847627
208,2,28,What is the probability that the weather will be  icy on a random day in England?, icy,A,30,2852111.678336,2852115.830852,4.152516
208,2,29,If the weather in England is icy on a random daywhat is the probability that the weather will also be frosty on the same day?, frosty given icy,BgA,30,2852116.011669,2852119.099756,3.088087
208,2,30,What is the probability that the weather will be  typical and not normal on a random day in England?, typical and not normal,notAandB,30,2852119.294987,2852121.979756,2.684768
208,2,31,What is the probability that the weather will be  frosty on a random day in England?, frosty,B,40,2852122.145023,2852128.206357,6.061334
208,2,32,What is the probability that the weather will be  not frosty on a random day in England?, not frosty,notB,30,2852128.428368,2852132.267188,3.838819
208,2,33,If the weather in England is not icy on a random daywhat is the probability that the weather will also be frosty on the same day?, frosty given not icy,BgnotA,30,2852132.428349,2852136.339512,3.911163
208,2,34,If the weather in England is normal on a random daywhat is the probability that the weather will also be typical on the same day?, typical given normal,BgA,50,2852136.511688,2852140.957813,4.446125
208,2,35,If the weather in England is not normal on a random daywhat is the probability that the weather will also be not typical on the same day?, not typical given not normal,notBgnotA,60,2852141.111698,2852151.979308,10.867610
208,2,36,What is the probability that the weather will be  not icy on a random day in England?, not icy,notA,20,2852152.145081,2852156.643167,4.498085
208,2,37,If the weather in England is typical on a random daywhat is the probability that the weather will also be normal on the same day?, normal given typical,AgB,30,2852156.828420,2852162.379057,5.550637
208,2,38,If the weather in England is not normal on a random daywhat is the probability that the weather will also be typical on the same day?, typical given not normal,BgnotA,40,2852162.578418,2852167.674978,5.096560
208,2,39,What is the probability that the weather will be  typical or not normal on a random day in England?, typical or not normal,notAorB,50,2852167.845107,2852172.563317,4.718210
208,2,40,What is the probability that the weather will be  not typical on a random day in England?, not typical,notB,50,2852172.728453,2852178.578846,5.850393
208,3,1,What is the probability that the weather will be  not normal on a random day in England?, not normal,notA,50,2852178.761797,2852182.666763,3.904966
208,3,2,What is the probability that the weather will be  frosty and not icy on a random day in England?, frosty and not icy,notAandB,50,2852182.811806,2852187.485115,4.673309
208,3,3,If the weather in England is typical on a random daywhat is the probability that the weather will also be normal on the same day?, normal given typical,AgB,30,2852187.678484,2852193.002607,5.324123
208,3,4,If the weather in England is normal on a random daywhat is the probability that the weather will also be typical on the same day?, typical given normal,BgA,40,2852193.211805,2852194.013072,0.801266
208,3,5,What is the probability that the weather will be  not normal or not typical on a random day in England?, not normal or not typical,notAornotB,50,2852194.195166,2852195.036973,0.841807
208,3,6,What is the probability that the weather will be  icy or frosty on a random day in England?, icy or frosty,AorB,60,2852195.195166,2852197.562515,2.367349
208,3,7,What is the probability that the weather will be  not icy on a random day in England?, not icy,notA,30,2852197.761840,2852199.749035,1.987195
208,3,8,If the weather in England is normal on a random daywhat is the probability that the weather will also be not typical on the same day?, not typical given normal,notBgA,40,2852199.928501,2852201.394476,1.465975
208,3,9,What is the probability that the weather will be  typical and not normal on a random day in England?, typical and not normal,notAandB,50,2852201.578508,2852202.628935,1.050427
208,3,10,If the weather in England is icy on a random daywhat is the probability that the weather will also be not frosty on the same day?, not frosty given icy,notBgA,50,2852202.845177,2852204.699005,1.853828
208,3,11,What is the probability that the weather will be  not typical on a random day in England?, not typical,notB,40,2852204.895181,2852213.874287,8.979106
208,3,12,What is the probability that the weather will be  icy or not frosty on a random day in England?, icy or not frosty,AornotB,40,2852214.061852,2852248.841799,34.779947
208,3,13,If the weather in England is not icy on a random daywhat is the probability that the weather will also be not frosty on the same day?, not frosty given not icy,notBgnotA,50,2852249.078600,2852251.753655,2.675056
208,3,14,If the weather in England is typical on a random daywhat is the probability that the weather will also be not normal on the same day?, not normal given typical,notAgB,60,2852251.945279,2852258.945610,7.000331
208,3,15,What is the probability that the weather will be  normal and typical on a random day in England?, normal and typical,AandB,50,2852259.111940,2852260.219924,1.107983
208,3,16,What is the probability that the weather will be  not frosty on a random day in England?, not frosty,notB,30,2852260.378616,2852264.265516,3.886900
208,3,17,What is the probability that the weather will be  normal on a random day in England?, normal,A,50,2852264.428622,2852267.499902,3.071281
208,3,18,What is the probability that the weather will be  not normal and not typical on a random day in England?, not normal and not typical,notAandnotB,30,2852267.645305,2852276.161353,8.516048
208,3,19,What is the probability that the weather will be  typical or not normal on a random day in England?, typical or not normal,notAorB,50,2852276.278637,2852282.761222,6.482584
208,3,20,What is the probability that the weather will be  icy on a random day in England?, icy,A,40,2852282.945320,2852298.593199,15.647879
208,3,21,If the weather in England is not normal on a random daywhat is the probability that the weather will also be not typical on the same day?, not typical given not normal,notBgnotA,50,2852298.762047,2852316.907151,18.145105
208,3,22,If the weather in England is not typical on a random daywhat is the probability that the weather will also be not normal on the same day?, not normal given not typical,notAgnotB,30,2852317.095403,2852319.053593,1.958190
208,3,23,What is the probability that the weather will be  icy and not frosty on a random day in England?, icy and not frosty,AandnotB,40,2852319.178737,2852325.640569,6.461832
208,3,24,If the weather in England is not frosty on a random daywhat is the probability that the weather will also be icy on the same day?, icy given not frosty,AgnotB,30,2852325.795433,2852328.336591,2.541158
208,3,25,If the weather in England is frosty on a random daywhat is the probability that the weather will also be not icy on the same day?, not icy given frosty,notAgB,20,2852328.512085,2852332.112496,3.600411
208,3,26,If the weather in England is not icy on a random daywhat is the probability that the weather will also be frosty on the same day?, frosty given not icy,BgnotA,50,2852332.278800,2852334.106879,1.828079
208,3,27,If the weather in England is not frosty on a random daywhat is the probability that the weather will also be not icy on the same day?, not icy given not frosty,notAgnotB,30,2852334.195450,2852335.853409,1.657959
208,3,28,What is the probability that the weather will be  typical on a random day in England?, typical,B,20,2852336.045430,2852337.848753,1.803322
208,3,29,What is the probability that the weather will be  icy and frosty on a random day in England?, icy and frosty,AandB,40,2852338.045442,2852340.904098,2.858656
208,3,30,If the weather in England is not typical on a random daywhat is the probability that the weather will also be normal on the same day?, normal given not typical,AgnotB,50,2852341.128795,2852353.938979,12.810184
208,3,31,What is the probability that the weather will be  normal and not typical on a random day in England?, normal and not typical,AandnotB,40,2852354.078823,2852361.098829,7.020006
208,3,32,If the weather in England is icy on a random daywhat is the probability that the weather will also be frosty on the same day?, frosty given icy,BgA,30,2852361.295478,2852369.447950,8.152472
208,3,33,What is the probability that the weather will be  not icy and not frosty on a random day in England?, not icy and not frosty,notAandnotB,50,2852369.628850,2852371.241659,1.612809
208,3,34,What is the probability that the weather will be  frosty or not icy on a random day in England?, frosty or not icy,notAorB,30,2852371.412168,2852374.823843,3.411675
208,3,35,If the weather in England is not normal on a random daywhat is the probability that the weather will also be typical on the same day?, typical given not normal,BgnotA,50,2852374.978837,2852379.575793,4.596956
208,3,36,What is the probability that the weather will be  frosty on a random day in England?, frosty,B,70,2852379.745534,2852383.967915,4.222381
208,3,37,If the weather in England is frosty on a random daywhat is the probability that the weather will also be icy on the same day?, icy given frosty,AgB,60,2852384.128885,2852389.879613,5.750728
208,3,38,What is the probability that the weather will be  not icy or not frosty on a random day in England?, not icy or not frosty,notAornotB,60,2852389.995540,2852392.607710,2.612170
208,3,39,What is the probability that the weather will be  normal or typical on a random day in England?, normal or typical,AorB,50,2852392.795566,2852397.367510,4.571943
208,3,40,What is the probability that the weather will be  normal or not typical on a random day in England?, normal or not typical,AornotB,50,2852397.562240,2852400.783468,3.221228
