ID,block,trial,query,querydetail,querytype,estimate,starttime,endtime,RT
404,1,1,What is the probability that the weather will be  not icy on a random day in England?, not icy,notA,95,2454011.532845,2454024.607817,13.074973
404,1,2,What is the probability that the weather will be  not normal and not typical on a random day in England?, not normal and not typical,notAandnotB,40,2454024.732679,2454057.135934,32.403255
404,1,3,What is the probability that the weather will be  icy on a random day in England?, icy,A,5,2454057.315736,2454065.861898,8.546163
404,1,4,What is the probability that the weather will be  icy and not frosty on a random day in England?, icy and not frosty,AandnotB,3,2454065.998978,2454090.497285,24.498307
404,1,5,What is the probability that the weather will be  not normal on a random day in England?, not normal,notA,40,2454090.698774,2454094.857183,4.158409
404,1,6,If the weather in England is frosty on a random daywhat is the probability that the weather will also be icy on the same day?, icy given frosty,AgB,90,2454094.965387,2454122.160290,27.194904
404,1,7,What is the probability that the weather will be  typical and not normal on a random day in England?, typical and not normal,notAandB,40,2454122.298539,2454135.495828,13.197289
404,1,8,If the weather in England is typical on a random daywhat is the probability that the weather will also be normal on the same day?, normal given typical,AgB,40,2454135.681758,2454157.679276,21.997519
404,1,9,What is the probability that the weather will be  icy or not frosty on a random day in England?, icy or not frosty,AornotB,95,2454157.864843,2454197.758155,39.893311
404,1,10,What is the probability that the weather will be  normal or typical on a random day in England?, normal or typical,AorB,60,2454197.897818,2454203.557984,5.660166
404,1,11,If the weather in England is not icy on a random daywhat is the probability that the weather will also be frosty on the same day?, frosty given not icy,BgnotA,100,2454203.697779,2454234.517189,30.819410
404,1,12,If the weather in England is not typical on a random daywhat is the probability that the weather will also be not normal on the same day?, not normal given not typical,notAgnotB,90,2454234.630862,2454266.764348,32.133486
404,1,13,What is the probability that the weather will be  normal or not typical on a random day in England?, normal or not typical,AornotB,2,2454266.847235,2454275.548215,8.700980
404,1,14,What is the probability that the weather will be  normal on a random day in England?, normal,A,60,2454275.663797,2454283.060079,7.396282
404,1,15,What is the probability that the weather will be  icy or frosty on a random day in England?, icy or frosty,AorB,10,2454283.247029,2454289.467801,6.220773
404,1,16,What is the probability that the weather will be  typical on a random day in England?, typical,B,60,2454289.646967,2454293.115622,3.468655
404,1,17,If the weather in England is not typical on a random daywhat is the probability that the weather will also be normal on the same day?, normal given not typical,AgnotB,2,2454293.263623,2454307.971198,14.707574
404,1,18,What is the probability that the weather will be  frosty or not icy on a random day in England?, frosty or not icy,notAorB,90,2454308.180137,2454333.666593,25.486456
404,1,19,If the weather in England is normal on a random daywhat is the probability that the weather will also be not typical on the same day?, not typical given normal,notBgA,2,2454333.813239,2454368.321417,34.508177
404,1,20,If the weather in England is icy on a random daywhat is the probability that the weather will also be frosty on the same day?, frosty given icy,BgA,90,2454368.462929,2454373.545430,5.082501
404,1,21,What is the probability that the weather will be  frosty and not icy on a random day in England?, frosty and not icy,notAandB,10,2454373.646240,2454388.113095,14.466855
404,1,22,What is the probability that the weather will be  not icy or not frosty on a random day in England?, not icy or not frosty,notAornotB,90,2454388.246106,2454395.072942,6.826836
404,1,23,If the weather in England is icy on a random daywhat is the probability that the weather will also be not frosty on the same day?, not frosty given icy,notBgA,5,2454395.212717,2454403.032480,7.819763
404,1,24,What is the probability that the weather will be  not icy and not frosty on a random day in England?, not icy and not frosty,notAandnotB,90,2454403.145972,2454406.632540,3.486568
404,1,25,What is the probability that the weather will be  not normal or not typical on a random day in England?, not normal or not typical,notAornotB,40,2454406.779262,2454410.416548,3.637286
404,1,26,What is the probability that the weather will be  normal and not typical on a random day in England?, normal and not typical,AandnotB,2,2454410.579238,2454419.200121,8.620883
404,1,27,What is the probability that the weather will be  normal and typical on a random day in England?, normal and typical,AandB,60,2454419.312490,2454424.183978,4.871487
404,1,28,If the weather in England is not normal on a random daywhat is the probability that the weather will also be not typical on the same day?, not typical given not normal,notBgnotA,90,2454424.329093,2454443.791525,19.462432
404,1,29,If the weather in England is not frosty on a random daywhat is the probability that the weather will also be icy on the same day?, icy given not frosty,AgnotB,2,2454443.928945,2454449.807378,5.878433
404,1,30,What is the probability that the weather will be  not typical on a random day in England?, not typical,notB,60,2454449.945527,2454455.215410,5.269883
404,1,31,If the weather in England is not frosty on a random daywhat is the probability that the weather will also be not icy on the same day?, not icy given not frosty,notAgnotB,2,2454455.328850,2454474.518733,19.189883
404,1,32,If the weather in England is normal on a random daywhat is the probability that the weather will also be typical on the same day?, typical given normal,BgA,90,2454474.612013,2454487.438343,12.826330
404,1,33,If the weather in England is not icy on a random daywhat is the probability that the weather will also be not frosty on the same day?, not frosty given not icy,notBgnotA,90,2454487.561882,2454494.646176,7.084294
404,1,34,What is the probability that the weather will be  icy and frosty on a random day in England?, icy and frosty,AandB,10,2454494.761810,2454498.390041,3.628231
404,1,35,If the weather in England is not normal on a random daywhat is the probability that the weather will also be typical on the same day?, typical given not normal,BgnotA,2,2454498.511248,2454510.517835,12.006587
404,1,36,If the weather in England is typical on a random daywhat is the probability that the weather will also be not normal on the same day?, not normal given typical,notAgB,2,2454510.661667,2454515.581650,4.919983
404,1,37,What is the probability that the weather will be  typical or not normal on a random day in England?, typical or not normal,notAorB,95,2454515.678289,2454532.533145,16.854856
404,1,38,What is the probability that the weather will be  not frosty on a random day in England?, not frosty,notB,90,2454532.644812,2454542.797138,10.152326
404,1,39,If the weather in England is frosty on a random daywhat is the probability that the weather will also be not icy on the same day?, not icy given frosty,notAgB,5,2454542.928030,2454568.228338,25.300308
404,1,40,What is the probability that the weather will be  frosty on a random day in England?, frosty,B,10,2454568.344493,2454572.716456,4.371963
404,2,1,If the weather in England is not frosty on a random daywhat is the probability that the weather will also be not icy on the same day?, not icy given not frosty,notAgnotB,90,2454572.877775,2454577.756016,4.878241
404,2,2,If the weather in England is not typical on a random daywhat is the probability that the weather will also be normal on the same day?, normal given not typical,AgnotB,2,2454577.894402,2454584.947897,7.053494
404,2,3,If the weather in England is icy on a random daywhat is the probability that the weather will also be not frosty on the same day?, not frosty given icy,notBgA,10,2454585.127669,2454598.771402,13.643734
404,2,4,What is the probability that the weather will be  icy and frosty on a random day in England?, icy and frosty,AandB,10,2454598.877554,2454601.651189,2.773635
404,2,5,What is the probability that the weather will be  icy or frosty on a random day in England?, icy or frosty,AorB,10,2454601.794188,2454605.651197,3.857009
404,2,6,If the weather in England is not normal on a random daywhat is the probability that the weather will also be typical on the same day?, typical given not normal,BgnotA,2,2454605.794151,2454621.562680,15.768528
404,2,7,If the weather in England is not icy on a random daywhat is the probability that the weather will also be not frosty on the same day?, not frosty given not icy,notBgnotA,95,2454621.644037,2454630.394393,8.750356
404,2,8,What is the probability that the weather will be  normal or not typical on a random day in England?, normal or not typical,AornotB,99,2454630.510570,2454638.434233,7.923663
404,2,9,What is the probability that the weather will be  frosty or not icy on a random day in England?, frosty or not icy,notAorB,95,2454638.527189,2454645.458171,6.930982
404,2,10,What is the probability that the weather will be  not typical on a random day in England?, not typical,notB,40,2454645.560451,2454653.201899,7.641448
404,2,11,If the weather in England is normal on a random daywhat is the probability that the weather will also be typical on the same day?, typical given normal,BgA,95,2454653.293733,2454668.641387,15.347654
404,2,12,If the weather in England is icy on a random daywhat is the probability that the weather will also be frosty on the same day?, frosty given icy,BgA,90,2454668.760256,2454674.681211,5.920955
404,2,13,If the weather in England is typical on a random daywhat is the probability that the weather will also be normal on the same day?, normal given typical,AgB,90,2454674.810205,2454680.937098,6.126894
404,2,14,What is the probability that the weather will be  icy and not frosty on a random day in England?, icy and not frosty,AandnotB,2,2454681.076814,2454692.480874,11.404059
404,2,15,What is the probability that the weather will be  not icy and not frosty on a random day in England?, not icy and not frosty,notAandnotB,90,2454692.626710,2454697.688648,5.061937
404,2,16,What is the probability that the weather will be  not icy on a random day in England?, not icy,notA,90,2454697.843330,2454704.176461,6.333132
404,2,17,What is the probability that the weather will be  frosty on a random day in England?, frosty,B,10,2454704.326594,2454713.064605,8.738011
404,2,18,What is the probability that the weather will be  typical on a random day in England?, typical,B,60,2454713.193164,2454723.743912,10.550748
404,2,19,What is the probability that the weather will be  not frosty on a random day in England?, not frosty,notB,10,2454723.876394,2454727.199814,3.323420
404,2,20,If the weather in England is normal on a random daywhat is the probability that the weather will also be not typical on the same day?, not typical given normal,notBgA,2,2454727.326383,2454741.119384,13.793001
404,2,21,If the weather in England is not frosty on a random daywhat is the probability that the weather will also be icy on the same day?, icy given not frosty,AgnotB,2,2454741.242935,2454789.326275,48.083340
404,2,22,What is the probability that the weather will be  not normal on a random day in England?, not normal,notA,40,2454789.475845,2454794.213883,4.738039
404,2,23,If the weather in England is typical on a random daywhat is the probability that the weather will also be not normal on the same day?, not normal given typical,notAgB,2,2454794.342463,2454828.829021,34.486558
404,2,24,What is the probability that the weather will be  typical or not normal on a random day in England?, typical or not normal,notAorB,90,2454829.008815,2454833.380809,4.371993
404,2,25,What is the probability that the weather will be  normal on a random day in England?, normal,A,99,2454833.492081,2454836.581940,3.089859
404,2,26,What is the probability that the weather will be  typical and not normal on a random day in England?, typical and not normal,notAandB,10,2454836.742054,2454839.815630,3.073577
404,2,27,What is the probability that the weather will be  normal and not typical on a random day in England?, normal and not typical,AandnotB,10,2454839.942050,2454843.596680,3.654629
404,2,28,What is the probability that the weather will be  not normal and not typical on a random day in England?, not normal and not typical,notAandnotB,9,2454843.758670,2454845.972700,2.214030
404,2,29,What is the probability that the weather will be  normal or typical on a random day in England?, normal or typical,AorB,90,2454846.125314,2454859.468135,13.342821
404,2,30,What is the probability that the weather will be  icy on a random day in England?, icy,A,95,2454859.591846,2454867.140095,7.548248
404,2,31,If the weather in England is frosty on a random daywhat is the probability that the weather will also be icy on the same day?, icy given frosty,AgB,90,2454867.241800,2454872.227754,4.985954
404,2,32,What is the probability that the weather will be  icy or not frosty on a random day in England?, icy or not frosty,AornotB,2,2454872.375069,2454880.214330,7.839261
404,2,33,If the weather in England is not normal on a random daywhat is the probability that the weather will also be not typical on the same day?, not typical given not normal,notBgnotA,90,2454880.325013,2454894.819139,14.494126
404,2,34,If the weather in England is not typical on a random daywhat is the probability that the weather will also be not normal on the same day?, not normal given not typical,notAgnotB,90,2454894.891566,2454898.995013,4.103447
404,2,35,What is the probability that the weather will be  frosty and not icy on a random day in England?, frosty and not icy,notAandB,10,2454899.141512,2454902.642912,3.501399
404,2,36,What is the probability that the weather will be  normal and typical on a random day in England?, normal and typical,AandB,90,2454902.791457,2454905.898843,3.107386
404,2,37,If the weather in England is frosty on a random daywhat is the probability that the weather will also be not icy on the same day?, not icy given frosty,notAgB,10,2454906.058115,2454913.850606,7.792491
404,2,38,What is the probability that the weather will be  not normal or not typical on a random day in England?, not normal or not typical,notAornotB,40,2454913.991387,2454921.610379,7.618991
404,2,39,What is the probability that the weather will be  not icy or not frosty on a random day in England?, not icy or not frosty,notAornotB,90,2454921.741321,2454923.970343,2.229022
404,2,40,If the weather in England is not icy on a random daywhat is the probability that the weather will also be frosty on the same day?, frosty given not icy,BgnotA,20,2454924.124622,2454932.810107,8.685485
404,3,1,What is the probability that the weather will be  frosty or not icy on a random day in England?, frosty or not icy,notAorB,90,2454932.974548,2454950.473684,17.499136
404,3,2,If the weather in England is typical on a random daywhat is the probability that the weather will also be not normal on the same day?, not normal given typical,notAgB,5,2454950.641054,2454958.137707,7.496652
404,3,3,What is the probability that the weather will be  not icy or not frosty on a random day in England?, not icy or not frosty,notAornotB,90,2454958.257638,2454965.897200,7.639562
404,3,4,If the weather in England is not icy on a random daywhat is the probability that the weather will also be not frosty on the same day?, not frosty given not icy,notBgnotA,90,2454966.024230,2454970.969075,4.944845
404,3,5,What is the probability that the weather will be  icy or frosty on a random day in England?, icy or frosty,AorB,10,2454971.074221,2454974.008979,2.934758
404,3,6,What is the probability that the weather will be  normal or typical on a random day in England?, normal or typical,AorB,60,2454974.124174,2454985.744669,11.620495
404,3,7,What is the probability that the weather will be  normal on a random day in England?, normal,A,60,2454985.890757,2454989.544893,3.654136
404,3,8,If the weather in England is typical on a random daywhat is the probability that the weather will also be normal on the same day?, normal given typical,AgB,60,2454989.707380,2454997.504367,7.796987
404,3,9,What is the probability that the weather will be  icy on a random day in England?, icy,A,10,2454997.623973,2455018.024668,20.400695
404,3,10,What is the probability that the weather will be  typical and not normal on a random day in England?, typical and not normal,notAandB,2,2455018.157123,2455020.951861,2.794738
404,3,11,If the weather in England is not typical on a random daywhat is the probability that the weather will also be not normal on the same day?, not normal given not typical,notAgnotB,90,2455021.090438,2455026.583628,5.493190
404,3,12,What is the probability that the weather will be  not frosty on a random day in England?, not frosty,notB,90,2455026.707043,2455038.647256,11.940213
404,3,13,What is the probability that the weather will be  not icy on a random day in England?, not icy,notA,90,2455038.790276,2455047.015000,8.224724
404,3,14,If the weather in England is not typical on a random daywhat is the probability that the weather will also be normal on the same day?, normal given not typical,AgnotB,20,2455047.123507,2455057.606756,10.483249
404,3,15,If the weather in England is normal on a random daywhat is the probability that the weather will also be not typical on the same day?, not typical given normal,notBgA,10,2455057.740102,2455062.622624,4.882522
404,3,16,What is the probability that the weather will be  normal or not typical on a random day in England?, normal or not typical,AornotB,99,2455062.773384,2455070.855455,8.082071
404,3,17,If the weather in England is not normal on a random daywhat is the probability that the weather will also be not typical on the same day?, not typical given not normal,notBgnotA,90,2455070.973314,2455083.958004,12.984690
404,3,18,What is the probability that the weather will be  icy and not frosty on a random day in England?, icy and not frosty,AandnotB,10,2455084.089848,2455090.269857,6.180009
404,3,19,What is the probability that the weather will be  not normal or not typical on a random day in England?, not normal or not typical,notAornotB,40,2455090.406462,2455095.725763,5.319302
404,3,20,What is the probability that the weather will be  not normal and not typical on a random day in England?, not normal and not typical,notAandnotB,40,2455095.873066,2455101.517586,5.644521
404,3,21,What is the probability that the weather will be  not typical on a random day in England?, not typical,notB,40,2455101.673039,2455112.389243,10.716204
404,3,22,What is the probability that the weather will be  icy or not frosty on a random day in England?, icy or not frosty,AornotB,90,2455112.489592,2455120.717026,8.227435
404,3,23,If the weather in England is not frosty on a random daywhat is the probability that the weather will also be icy on the same day?, icy given not frosty,AgnotB,10,2455120.806250,2455140.780470,19.974220
404,3,24,If the weather in England is not normal on a random daywhat is the probability that the weather will also be typical on the same day?, typical given not normal,BgnotA,2,2455140.906011,2455148.556596,7.650584
404,3,25,If the weather in England is not frosty on a random daywhat is the probability that the weather will also be not icy on the same day?, not icy given not frosty,notAgnotB,95,2455148.689324,2455154.454979,5.765655
404,3,26,What is the probability that the weather will be  normal and typical on a random day in England?, normal and typical,AandB,60,2455154.555882,2455161.059950,6.504069
404,3,27,What is the probability that the weather will be  not icy and not frosty on a random day in England?, not icy and not frosty,notAandnotB,90,2455161.172506,2455168.795716,7.623209
404,3,28,What is the probability that the weather will be  frosty and not icy on a random day in England?, frosty and not icy,notAandB,10,2455168.905772,2455175.043544,6.137772
404,3,29,What is the probability that the weather will be  typical or not normal on a random day in England?, typical or not normal,notAorB,95,2455175.172379,2455181.339408,6.167029
404,3,30,What is the probability that the weather will be  typical on a random day in England?, typical,B,60,2455181.455653,2455185.299718,3.844066
404,3,31,If the weather in England is icy on a random daywhat is the probability that the weather will also be frosty on the same day?, frosty given icy,BgA,10,2455185.422290,2455194.987063,9.564774
404,3,32,If the weather in England is icy on a random daywhat is the probability that the weather will also be not frosty on the same day?, not frosty given icy,notBgA,50,2455195.138907,2455203.930784,8.791877
404,3,33,What is the probability that the weather will be  not normal on a random day in England?, not normal,notA,60,2455204.055442,2455213.930487,9.875045
404,3,34,If the weather in England is frosty on a random daywhat is the probability that the weather will also be icy on the same day?, icy given frosty,AgB,90,2455214.055343,2455221.458327,7.402985
404,3,35,If the weather in England is not icy on a random daywhat is the probability that the weather will also be frosty on the same day?, frosty given not icy,BgnotA,10,2455221.588642,2455239.513801,17.925159
404,3,36,What is the probability that the weather will be  frosty on a random day in England?, frosty,B,10,2455239.621797,2455242.946271,3.324473
404,3,37,What is the probability that the weather will be  normal and not typical on a random day in England?, normal and not typical,AandnotB,2,2455243.055074,2455260.097348,17.042274
404,3,38,What is the probability that the weather will be  icy and frosty on a random day in England?, icy and frosty,AandB,10,2455260.221615,2455264.761121,4.539507
404,3,39,If the weather in England is frosty on a random daywhat is the probability that the weather will also be not icy on the same day?, not icy given frosty,notAgB,2,2455264.904913,2455274.640953,9.736040
404,3,40,If the weather in England is normal on a random daywhat is the probability that the weather will also be typical on the same day?, typical given normal,BgA,90,2455274.754825,2455281.608645,6.853821
