ID,block,trial,query,querydetail,querytype,estimate,starttime,endtime,RT
803,1,1,If the weather in England is frosty on a random daywhat is the probability that the weather will also be icy on the same day?, icy given frosty,AgB,80,2544330.419524,2544341.299339,10.879816
803,1,2,What is the probability that the weather will be  not icy and not frosty on a random day in England?, not icy and not frosty,notAandnotB,70,2544341.436079,2544354.035957,12.599877
803,1,3,What is the probability that the weather will be  frosty and not icy on a random day in England?, frosty and not icy,notAandB,60,2544354.135940,2544362.317939,8.181999
803,1,4,What is the probability that the weather will be  typical and not normal on a random day in England?, typical and not normal,notAandB,20,2544362.502572,2544373.437538,10.934966
803,1,5,What is the probability that the weather will be  normal and typical on a random day in England?, normal and typical,AandB,90,2544373.619108,2544378.453385,4.834277
803,1,6,If the weather in England is normal on a random daywhat is the probability that the weather will also be typical on the same day?, typical given normal,BgA,80,2544378.669075,2544386.821158,8.152083
803,1,7,If the weather in England is not typical on a random daywhat is the probability that the weather will also be not normal on the same day?, not normal given not typical,notAgnotB,40,2544387.002339,2544392.773050,5.770711
803,1,8,If the weather in England is normal on a random daywhat is the probability that the weather will also be not typical on the same day?, not typical given normal,notBgA,30,2544392.952327,2544398.420910,5.468583
803,1,9,If the weather in England is frosty on a random daywhat is the probability that the weather will also be not icy on the same day?, not icy given frosty,notAgB,70,2544398.768890,2544411.468493,12.699603
803,1,10,What is the probability that the weather will be  icy and frosty on a random day in England?, icy and frosty,AandB,80,2544411.668784,2544415.900456,4.231671
803,1,11,What is the probability that the weather will be  not icy on a random day in England?, not icy,notA,70,2544416.068742,2544423.572341,7.503599
803,1,12,What is the probability that the weather will be  normal and not typical on a random day in England?, normal and not typical,AandnotB,60,2544423.768707,2544430.867956,7.099249
803,1,13,If the weather in England is typical on a random daywhat is the probability that the weather will also be not normal on the same day?, not normal given typical,notAgB,40,2544430.985268,2544439.547869,8.562601
803,1,14,If the weather in England is icy on a random daywhat is the probability that the weather will also be not frosty on the same day?, not frosty given icy,notBgA,10,2544439.701866,2544448.667730,8.965864
803,1,15,What is the probability that the weather will be  icy or frosty on a random day in England?, icy or frosty,AorB,30,2544448.901781,2544455.131389,6.229609
803,1,16,What is the probability that the weather will be  not normal on a random day in England?, not normal,notA,10,2544455.351722,2544461.923210,6.571488
803,1,17,What is the probability that the weather will be  frosty on a random day in England?, frosty,B,20,2544462.085037,2544466.326024,4.240987
803,1,18,What is the probability that the weather will be  not icy or not frosty on a random day in England?, not icy or not frosty,notAornotB,70,2544466.551623,2544472.162754,5.611131
803,1,19,What is the probability that the weather will be  not normal or not typical on a random day in England?, not normal or not typical,notAornotB,15,2544472.434895,2544483.578506,11.143611
803,1,20,What is the probability that the weather will be  icy on a random day in England?, icy,A,20,2544483.751455,2544488.498474,4.747020
803,1,21,What is the probability that the weather will be  typical on a random day in England?, typical,B,70,2544488.701424,2544492.490264,3.788841
803,1,22,What is the probability that the weather will be  normal or typical on a random day in England?, normal or typical,AorB,85,2544492.718037,2544497.882110,5.164074
803,1,23,If the weather in England is not normal on a random daywhat is the probability that the weather will also be typical on the same day?, typical given not normal,BgnotA,60,2544498.084667,2544506.105868,8.021201
803,1,24,If the weather in England is not frosty on a random daywhat is the probability that the weather will also be not icy on the same day?, not icy given not frosty,notAgnotB,75,2544506.334592,2544516.970086,10.635494
803,1,25,What is the probability that the weather will be  frosty or not icy on a random day in England?, frosty or not icy,notAorB,70,2544517.101158,2544522.433460,5.332302
803,1,26,What is the probability that the weather will be  icy and not frosty on a random day in England?, icy and not frosty,AandnotB,20,2544522.634453,2544539.992992,17.358539
803,1,27,What is the probability that the weather will be  normal or not typical on a random day in England?, normal or not typical,AornotB,30,2544540.200925,2544545.776769,5.575844
803,1,28,What is the probability that the weather will be  typical or not normal on a random day in England?, typical or not normal,notAorB,30,2544545.967564,2544549.280651,3.313087
803,1,29,If the weather in England is not normal on a random daywhat is the probability that the weather will also be not typical on the same day?, not typical given not normal,notBgnotA,20,2544549.467461,2544554.456583,4.989122
803,1,30,What is the probability that the weather will be  icy or not frosty on a random day in England?, icy or not frosty,AornotB,20,2544554.650813,2544561.328387,6.677574
803,1,31,If the weather in England is not frosty on a random daywhat is the probability that the weather will also be icy on the same day?, icy given not frosty,AgnotB,10,2544561.517415,2544571.032149,9.514734
803,1,32,What is the probability that the weather will be  not typical on a random day in England?, not typical,notB,40,2544571.250666,2544578.786571,7.535905
803,1,33,What is the probability that the weather will be  not normal and not typical on a random day in England?, not normal and not typical,notAandnotB,20,2544578.967271,2544598.183374,19.216103
803,1,34,What is the probability that the weather will be  normal on a random day in England?, normal,A,90,2544598.367099,2544602.423473,4.056375
803,1,35,If the weather in England is icy on a random daywhat is the probability that the weather will also be frosty on the same day?, frosty given icy,BgA,70,2544602.600369,2544606.943130,4.342761
803,1,36,If the weather in England is not typical on a random daywhat is the probability that the weather will also be normal on the same day?, normal given not typical,AgnotB,60,2544607.150347,2544614.328273,7.177926
803,1,37,If the weather in England is typical on a random daywhat is the probability that the weather will also be normal on the same day?, normal given typical,AgB,90,2544614.566942,2544618.606698,4.039756
803,1,38,If the weather in England is not icy on a random daywhat is the probability that the weather will also be frosty on the same day?, frosty given not icy,BgnotA,40,2544618.800245,2544630.326471,11.526226
803,1,39,If the weather in England is not icy on a random daywhat is the probability that the weather will also be not frosty on the same day?, not frosty given not icy,notBgnotA,90,2544630.533475,2544637.710354,7.176880
803,1,40,What is the probability that the weather will be  not frosty on a random day in England?, not frosty,notB,60,2544637.900041,2544647.782033,9.881992
803,2,1,What is the probability that the weather will be  not icy or not frosty on a random day in England?, not icy or not frosty,notAornotB,70,2544647.966641,2544654.813828,6.847187
803,2,2,What is the probability that the weather will be  not typical on a random day in England?, not typical,notB,40,2544654.999901,2544658.797727,3.797827
803,2,3,What is the probability that the weather will be  normal or not typical on a random day in England?, normal or not typical,AornotB,60,2544658.999331,2544666.405627,7.406296
803,2,4,What is the probability that the weather will be  typical on a random day in England?, typical,B,80,2544666.633124,2544671.237612,4.604488
803,2,5,If the weather in England is not frosty on a random daywhat is the probability that the weather will also be icy on the same day?, icy given not frosty,AgnotB,25,2544671.433083,2544681.100993,9.667910
803,2,6,If the weather in England is not normal on a random daywhat is the probability that the weather will also be typical on the same day?, typical given not normal,BgnotA,30,2544681.266317,2544686.908988,5.642671
803,2,7,What is the probability that the weather will be  not frosty on a random day in England?, not frosty,notB,65,2544687.082958,2544697.644690,10.561732
803,2,8,What is the probability that the weather will be  icy on a random day in England?, icy,A,70,2544697.799523,2544701.820891,4.021369
803,2,9,What is the probability that the weather will be  frosty on a random day in England?, frosty,B,20,2544701.982754,2544708.156577,6.173823
803,2,10,What is the probability that the weather will be  normal and typical on a random day in England?, normal and typical,AandB,95,2544708.382738,2544713.380142,4.997404
803,2,11,If the weather in England is not frosty on a random daywhat is the probability that the weather will also be not icy on the same day?, not icy given not frosty,notAgnotB,85,2544713.516029,2544724.411866,10.895837
803,2,12,If the weather in England is typical on a random daywhat is the probability that the weather will also be normal on the same day?, normal given typical,AgB,85,2544724.549284,2544742.147513,17.598229
803,2,13,What is the probability that the weather will be  frosty or not icy on a random day in England?, frosty or not icy,notAorB,45,2544742.299094,2544746.662111,4.363017
803,2,14,If the weather in England is frosty on a random daywhat is the probability that the weather will also be icy on the same day?, icy given frosty,AgB,85,2544746.815742,2544760.722872,13.907130
803,2,15,If the weather in England is normal on a random daywhat is the probability that the weather will also be typical on the same day?, typical given normal,BgA,90,2544760.882287,2544765.714877,4.832590
803,2,16,If the weather in England is not icy on a random daywhat is the probability that the weather will also be not frosty on the same day?, not frosty given not icy,notBgnotA,50,2544765.898883,2544771.626768,5.727885
803,2,17,If the weather in England is normal on a random daywhat is the probability that the weather will also be not typical on the same day?, not typical given normal,notBgA,30,2544771.798830,2544779.170357,7.371526
803,2,18,If the weather in England is icy on a random daywhat is the probability that the weather will also be frosty on the same day?, frosty given icy,BgA,90,2544779.315444,2544787.529795,8.214351
803,2,19,What is the probability that the weather will be  not normal and not typical on a random day in England?, not normal and not typical,notAandnotB,20,2544787.748711,2544791.474012,3.725301
803,2,20,If the weather in England is frosty on a random daywhat is the probability that the weather will also be not icy on the same day?, not icy given frosty,notAgB,45,2544791.648662,2544803.241688,11.593026
803,2,21,What is the probability that the weather will be  normal on a random day in England?, normal,A,70,2544803.331904,2544806.082174,2.750269
803,2,22,What is the probability that the weather will be  icy or frosty on a random day in England?, icy or frosty,AorB,30,2544806.198533,2544811.377513,5.178980
803,2,23,What is the probability that the weather will be  not icy and not frosty on a random day in England?, not icy and not frosty,notAandnotB,70,2544811.498483,2544814.825433,3.326950
803,2,24,If the weather in England is typical on a random daywhat is the probability that the weather will also be not normal on the same day?, not normal given typical,notAgB,20,2544814.998439,2544820.409265,5.410826
803,2,25,If the weather in England is not icy on a random daywhat is the probability that the weather will also be frosty on the same day?, frosty given not icy,BgnotA,50,2544820.548395,2544829.145018,8.596623
803,2,26,If the weather in England is not typical on a random daywhat is the probability that the weather will also be normal on the same day?, normal given not typical,AgnotB,20,2544829.265003,2544833.776892,4.511889
803,2,27,What is the probability that the weather will be  normal and not typical on a random day in England?, normal and not typical,AandnotB,25,2544833.948293,2544847.976531,14.028238
803,2,28,What is the probability that the weather will be  not icy on a random day in England?, not icy,notA,40,2544848.098167,2544850.840442,2.742275
803,2,29,What is the probability that the weather will be  not normal on a random day in England?, not normal,notA,20,2544850.964787,2544854.504361,3.539574
803,2,30,What is the probability that the weather will be  icy and not frosty on a random day in England?, icy and not frosty,AandnotB,40,2544854.631451,2544857.368256,2.736805
803,2,31,If the weather in England is not typical on a random daywhat is the probability that the weather will also be not normal on the same day?, not normal given not typical,notAgnotB,20,2544857.514742,2544861.449515,3.934772
803,2,32,What is the probability that the weather will be  icy and frosty on a random day in England?, icy and frosty,AandB,30,2544861.598037,2544864.200053,2.602017
803,2,33,What is the probability that the weather will be  icy or not frosty on a random day in England?, icy or not frosty,AornotB,50,2544864.347992,2544871.503888,7.155896
803,2,34,If the weather in England is not normal on a random daywhat is the probability that the weather will also be not typical on the same day?, not typical given not normal,notBgnotA,50,2544871.614617,2544878.919674,7.305057
803,2,35,What is the probability that the weather will be  frosty and not icy on a random day in England?, frosty and not icy,notAandB,30,2544879.047887,2544885.279474,6.231587
803,2,36,What is the probability that the weather will be  normal or typical on a random day in England?, normal or typical,AorB,70,2544885.431140,2544890.911319,5.480179
803,2,37,What is the probability that the weather will be  not normal or not typical on a random day in England?, not normal or not typical,notAornotB,10,2544891.047760,2544894.919219,3.871459
803,2,38,What is the probability that the weather will be  typical or not normal on a random day in England?, typical or not normal,notAorB,15,2544895.064405,2544899.951054,4.886650
803,2,39,What is the probability that the weather will be  typical and not normal on a random day in England?, typical and not normal,notAandB,40,2544900.131037,2544904.897620,4.766583
803,2,40,If the weather in England is icy on a random daywhat is the probability that the weather will also be not frosty on the same day?, not frosty given icy,notBgA,30,2544905.030982,2544910.054822,5.023841
803,3,1,If the weather in England is typical on a random daywhat is the probability that the weather will also be not normal on the same day?, not normal given typical,notAgB,35,2544910.230932,2544916.982620,6.751688
803,3,2,If the weather in England is normal on a random daywhat is the probability that the weather will also be not typical on the same day?, not typical given normal,notBgA,20,2544917.147543,2544921.398540,4.250997
803,3,3,What is the probability that the weather will be  frosty or not icy on a random day in England?, frosty or not icy,notAorB,30,2544921.530833,2544925.497323,3.966490
803,3,4,What is the probability that the weather will be  typical on a random day in England?, typical,B,90,2544925.714135,2544931.030570,5.316434
803,3,5,What is the probability that the weather will be  typical and not normal on a random day in England?, typical and not normal,notAandB,65,2544931.114083,2544936.094095,4.980013
803,3,6,If the weather in England is frosty on a random daywhat is the probability that the weather will also be not icy on the same day?, not icy given frosty,notAgB,70,2544936.214010,2544940.325986,4.111976
803,3,7,What is the probability that the weather will be  typical or not normal on a random day in England?, typical or not normal,notAorB,20,2544940.497301,2544943.701934,3.204633
803,3,8,If the weather in England is icy on a random daywhat is the probability that the weather will also be not frosty on the same day?, not frosty given icy,notBgA,30,2544943.863954,2544952.349673,8.485719
803,3,9,What is the probability that the weather will be  frosty on a random day in England?, frosty,B,15,2544952.530551,2544957.294009,4.763457
803,3,10,What is the probability that the weather will be  normal and typical on a random day in England?, normal and typical,AandB,90,2544957.463886,2544960.733435,3.269549
803,3,11,What is the probability that the weather will be  not icy or not frosty on a random day in England?, not icy or not frosty,notAornotB,75,2544960.897147,2544968.709211,7.812065
803,3,12,If the weather in England is not typical on a random daywhat is the probability that the weather will also be not normal on the same day?, not normal given not typical,notAgnotB,30,2544968.863730,2544971.941169,3.077439
803,3,13,What is the probability that the weather will be  normal or not typical on a random day in England?, normal or not typical,AornotB,20,2544972.097014,2544976.004996,3.907982
803,3,14,If the weather in England is typical on a random daywhat is the probability that the weather will also be normal on the same day?, normal given typical,AgB,40,2544976.163655,2544980.916925,4.753271
803,3,15,What is the probability that the weather will be  frosty and not icy on a random day in England?, frosty and not icy,notAandB,60,2544981.096956,2544985.663691,4.566735
803,3,16,If the weather in England is not frosty on a random daywhat is the probability that the weather will also be not icy on the same day?, not icy given not frosty,notAgnotB,75,2544985.813595,2544994.020527,8.206932
803,3,17,If the weather in England is not typical on a random daywhat is the probability that the weather will also be normal on the same day?, normal given not typical,AgnotB,65,2544994.180168,2544995.204505,1.024337
803,3,18,What is the probability that the weather will be  normal or typical on a random day in England?, normal or typical,AorB,80,2544995.380172,2545001.820357,6.440184
803,3,19,If the weather in England is not normal on a random daywhat is the probability that the weather will also be typical on the same day?, typical given not normal,BgnotA,30,2545001.946774,2545005.476250,3.529475
803,3,20,What is the probability that the weather will be  normal on a random day in England?, normal,A,90,2545005.630073,2545012.628262,6.998189
803,3,21,If the weather in England is not normal on a random daywhat is the probability that the weather will also be not typical on the same day?, not typical given not normal,notBgnotA,30,2545012.746672,2545015.107979,2.361307
803,3,22,If the weather in England is not icy on a random daywhat is the probability that the weather will also be not frosty on the same day?, not frosty given not icy,notBgnotA,60,2545015.263323,2545018.683914,3.420591
803,3,23,What is the probability that the weather will be  icy and frosty on a random day in England?, icy and frosty,AandB,30,2545018.796619,2545024.715749,5.919130
803,3,24,What is the probability that the weather will be  not normal on a random day in England?, not normal,notA,20,2545024.879903,2545028.499641,3.619738
803,3,25,What is the probability that the weather will be  not icy on a random day in England?, not icy,notA,85,2545028.663194,2545034.467456,5.804263
803,3,26,If the weather in England is icy on a random daywhat is the probability that the weather will also be frosty on the same day?, frosty given icy,BgA,80,2545034.613127,2545041.523267,6.910140
803,3,27,What is the probability that the weather will be  icy on a random day in England?, icy,A,15,2545041.696406,2545045.595485,3.899079
803,3,28,What is the probability that the weather will be  icy or not frosty on a random day in England?, icy or not frosty,AornotB,70,2545045.779712,2545050.491045,4.711333
803,3,29,If the weather in England is frosty on a random daywhat is the probability that the weather will also be icy on the same day?, icy given frosty,AgB,70,2545050.662993,2545058.658826,7.995833
803,3,30,What is the probability that the weather will be  not icy and not frosty on a random day in England?, not icy and not frosty,notAandnotB,85,2545058.812938,2545063.226675,4.413737
803,3,31,What is the probability that the weather will be  not normal and not typical on a random day in England?, not normal and not typical,notAandnotB,20,2545063.379542,2545066.099560,2.720018
803,3,32,If the weather in England is normal on a random daywhat is the probability that the weather will also be typical on the same day?, typical given normal,BgA,30,2545066.262848,2545068.386547,2.123699
803,3,33,What is the probability that the weather will be  not typical on a random day in England?, not typical,notB,30,2545068.546172,2545071.130473,2.584300
803,3,34,If the weather in England is not frosty on a random daywhat is the probability that the weather will also be icy on the same day?, icy given not frosty,AgnotB,35,2545071.262818,2545077.474261,6.211443
803,3,35,If the weather in England is not icy on a random daywhat is the probability that the weather will also be frosty on the same day?, frosty given not icy,BgnotA,20,2545077.629413,2545082.362166,4.732752
803,3,36,What is the probability that the weather will be  not normal or not typical on a random day in England?, not normal or not typical,notAornotB,20,2545082.562688,2545086.074055,3.511367
803,3,37,What is the probability that the weather will be  not frosty on a random day in England?, not frosty,notB,70,2545086.245980,2545090.017931,3.771951
803,3,38,What is the probability that the weather will be  icy or frosty on a random day in England?, icy or frosty,AorB,60,2545090.195941,2545097.017747,6.821806
803,3,39,What is the probability that the weather will be  normal and not typical on a random day in England?, normal and not typical,AandnotB,40,2545097.179252,2545099.617736,2.438485
803,3,40,What is the probability that the weather will be  icy and not frosty on a random day in England?, icy and not frosty,AandnotB,40,2545099.762566,2545103.081563,3.318997
