ID,block,trial,query,querydetail,querytype,estimate,starttime,endtime,RT
410,1,1,What is the probability that the weather will be  not frosty on a random day in England?, not frosty,notB,95,2933869.068418,2933880.318692,11.250274
410,1,2,What is the probability that the weather will be  normal or typical on a random day in England?, normal or typical,AorB,60,2933880.418585,2933896.065202,15.646617
410,1,3,If the weather in England is icy on a random daywhat is the probability that the weather will also be frosty on the same day?, frosty given icy,BgA,95,2933896.218762,2933909.018081,12.799319
410,1,4,What is the probability that the weather will be  normal on a random day in England?, normal,A,60,2933909.218892,2933914.825970,5.607078
410,1,5,If the weather in England is frosty on a random daywhat is the probability that the weather will also be icy on the same day?, icy given frosty,AgB,60,2933914.985627,2933928.945559,13.959932
410,1,6,What is the probability that the weather will be  typical or not normal on a random day in England?, typical or not normal,notAorB,60,2933929.085812,2933931.833522,2.747710
410,1,7,If the weather in England is normal on a random daywhat is the probability that the weather will also be not typical on the same day?, not typical given normal,notBgA,0,2933931.935838,2933944.413980,12.478142
410,1,8,What is the probability that the weather will be  not normal or not typical on a random day in England?, not normal or not typical,notAornotB,40,2933944.585975,2933958.920952,14.334977
410,1,9,What is the probability that the weather will be  icy or not frosty on a random day in England?, icy or not frosty,AornotB,90,2933959.019457,2933982.712496,23.693039
410,1,10,What is the probability that the weather will be  frosty or not icy on a random day in England?, frosty or not icy,notAorB,90,2933982.836414,2933987.656282,4.819868
410,1,11,What is the probability that the weather will be  not normal on a random day in England?, not normal,notA,40,2933987.786513,2933991.336267,3.549754
410,1,12,If the weather in England is not frosty on a random daywhat is the probability that the weather will also be icy on the same day?, icy given not frosty,AgnotB,10,2933991.486542,2934003.464120,11.977578
410,1,13,If the weather in England is typical on a random daywhat is the probability that the weather will also be normal on the same day?, normal given typical,AgB,100,2934003.686669,2934008.999973,5.313304
410,1,14,What is the probability that the weather will be  frosty and not icy on a random day in England?, frosty and not icy,notAandB,10,2934009.170075,2934018.463637,9.293562
410,1,15,What is the probability that the weather will be  normal and typical on a random day in England?, normal and typical,AandB,60,2934018.553521,2934025.943570,7.390049
410,1,16,What is the probability that the weather will be  not icy and not frosty on a random day in England?, not icy and not frosty,notAandnotB,70,2934026.070273,2934040.655253,14.584980
410,1,17,If the weather in England is not typical on a random daywhat is the probability that the weather will also be not normal on the same day?, not normal given not typical,notAgnotB,100,2934040.803777,2934046.087220,5.283443
410,1,18,What is the probability that the weather will be  not icy or not frosty on a random day in England?, not icy or not frosty,notAornotB,70,2934046.220520,2934050.327361,4.106841
410,1,19,If the weather in England is frosty on a random daywhat is the probability that the weather will also be not icy on the same day?, not icy given frosty,notAgB,40,2934050.420538,2934060.254808,9.834270
410,1,20,If the weather in England is not icy on a random daywhat is the probability that the weather will also be frosty on the same day?, frosty given not icy,BgnotA,10,2934060.403995,2934067.206923,6.802927
410,1,21,What is the probability that the weather will be  icy on a random day in England?, icy,A,20,2934067.354070,2934071.518659,4.164589
410,1,22,If the weather in England is not normal on a random daywhat is the probability that the weather will also be typical on the same day?, typical given not normal,BgnotA,0,2934071.637481,2934077.678819,6.041338
410,1,23,If the weather in England is not frosty on a random daywhat is the probability that the weather will also be not icy on the same day?, not icy given not frosty,notAgnotB,90,2934077.770897,2934088.182234,10.411337
410,1,24,If the weather in England is not normal on a random daywhat is the probability that the weather will also be not typical on the same day?, not typical given not normal,notBgnotA,100,2934088.337663,2934093.182165,4.844502
410,1,25,What is the probability that the weather will be  icy and frosty on a random day in England?, icy and frosty,AandB,20,2934093.287710,2934097.893997,4.606287
410,1,26,What is the probability that the weather will be  not typical on a random day in England?, not typical,notB,40,2934098.021125,2934100.558192,2.537067
410,1,27,What is the probability that the weather will be  normal or not typical on a random day in England?, normal or not typical,AornotB,100,2934100.671153,2934107.901876,7.230724
410,1,28,What is the probability that the weather will be  icy or frosty on a random day in England?, icy or frosty,AorB,30,2934108.087890,2934114.645627,6.557736
410,1,29,If the weather in England is typical on a random daywhat is the probability that the weather will also be not normal on the same day?, not normal given typical,notAgB,0,2934114.754646,2934121.869619,7.114974
410,1,30,What is the probability that the weather will be  normal and not typical on a random day in England?, normal and not typical,AandnotB,100,2934122.038064,2934127.485415,5.447352
410,1,31,If the weather in England is icy on a random daywhat is the probability that the weather will also be not frosty on the same day?, not frosty given icy,notBgA,20,2934127.638118,2934138.236688,10.598570
410,1,32,What is the probability that the weather will be  icy and not frosty on a random day in England?, icy and not frosty,AandnotB,20,2934138.304926,2934143.253177,4.948252
410,1,33,What is the probability that the weather will be  not normal and not typical on a random day in England?, not normal and not typical,notAandnotB,40,2934143.338321,2934148.156959,4.818638
410,1,34,What is the probability that the weather will be  not icy on a random day in England?, not icy,notA,70,2934148.271716,2934157.012783,8.741067
410,1,35,If the weather in England is not icy on a random daywhat is the probability that the weather will also be not frosty on the same day?, not frosty given not icy,notBgnotA,70,2934157.088488,2934165.148649,8.060161
410,1,36,If the weather in England is normal on a random daywhat is the probability that the weather will also be typical on the same day?, typical given normal,BgA,100,2934165.305255,2934170.476615,5.171360
410,1,37,What is the probability that the weather will be  typical and not normal on a random day in England?, typical and not normal,notAandB,0,2934170.571956,2934178.036604,7.464647
410,1,38,If the weather in England is not typical on a random daywhat is the probability that the weather will also be normal on the same day?, normal given not typical,AgnotB,0,2934178.172056,2934186.996197,8.824142
410,1,39,What is the probability that the weather will be  frosty on a random day in England?, frosty,B,30,2934187.155507,2934194.012590,6.857082
410,1,40,What is the probability that the weather will be  typical on a random day in England?, typical,B,60,2934194.088939,2934199.516154,5.427215
410,2,1,What is the probability that the weather will be  not normal on a random day in England?, not normal,notA,40,2934199.622317,2934202.939795,3.317478
410,2,2,What is the probability that the weather will be  frosty on a random day in England?, frosty,B,30,2934203.022383,2934206.827821,3.805437
410,2,3,If the weather in England is frosty on a random daywhat is the probability that the weather will also be not icy on the same day?, not icy given frosty,notAgB,20,2934206.905706,2934214.243626,7.337920
410,2,4,What is the probability that the weather will be  not icy on a random day in England?, not icy,notA,70,2934214.339164,2934218.659686,4.320522
410,2,5,What is the probability that the weather will be  normal and not typical on a random day in England?, normal and not typical,AandnotB,0,2934218.739227,2934223.675441,4.936214
410,2,6,If the weather in England is typical on a random daywhat is the probability that the weather will also be not normal on the same day?, not normal given typical,notAgB,0,2934223.772595,2934229.723346,5.950751
410,2,7,What is the probability that the weather will be  icy on a random day in England?, icy,A,30,2934229.855984,2934234.051390,4.195406
410,2,8,If the weather in England is not typical on a random daywhat is the probability that the weather will also be not normal on the same day?, not normal given not typical,notAgnotB,100,2934234.122756,2934241.411004,7.288248
410,2,9,What is the probability that the weather will be  typical or not normal on a random day in England?, typical or not normal,notAorB,100,2934241.472803,2934248.154898,6.682095
410,2,10,If the weather in England is icy on a random daywhat is the probability that the weather will also be not frosty on the same day?, not frosty given icy,notBgA,20,2934248.289555,2934259.042687,10.753132
410,2,11,What is the probability that the weather will be  not icy or not frosty on a random day in England?, not icy or not frosty,notAornotB,60,2934259.173019,2934264.274508,5.101490
410,2,12,If the weather in England is normal on a random daywhat is the probability that the weather will also be not typical on the same day?, not typical given normal,notBgA,0,2934264.406393,2934269.802567,5.396174
410,2,13,What is the probability that the weather will be  normal and typical on a random day in England?, normal and typical,AandB,60,2934269.906452,2934274.082319,4.175867
410,2,14,If the weather in England is not frosty on a random daywhat is the probability that the weather will also be not icy on the same day?, not icy given not frosty,notAgnotB,80,2934274.156509,2934283.690211,9.533701
410,2,15,What is the probability that the weather will be  frosty or not icy on a random day in England?, frosty or not icy,notAorB,90,2934283.839986,2934290.689998,6.850012
410,2,16,What is the probability that the weather will be  not frosty on a random day in England?, not frosty,notB,60,2934290.840034,2934298.329706,7.489672
410,2,17,If the weather in England is not typical on a random daywhat is the probability that the weather will also be normal on the same day?, normal given not typical,AgnotB,0,2934298.506719,2934302.713784,4.207065
410,2,18,What is the probability that the weather will be  frosty and not icy on a random day in England?, frosty and not icy,notAandB,20,2934302.840204,2934317.313503,14.473298
410,2,19,What is the probability that the weather will be  icy or frosty on a random day in England?, icy or frosty,AorB,40,2934317.490337,2934322.505180,5.014843
410,2,20,What is the probability that the weather will be  normal or typical on a random day in England?, normal or typical,AorB,60,2934322.590413,2934326.913114,4.322701
410,2,21,What is the probability that the weather will be  icy and not frosty on a random day in England?, icy and not frosty,AandnotB,10,2934327.040483,2934333.616940,6.576457
410,2,22,If the weather in England is not normal on a random daywhat is the probability that the weather will also be typical on the same day?, typical given not normal,BgnotA,0,2934333.740560,2934339.824939,6.084379
410,2,23,If the weather in England is not frosty on a random daywhat is the probability that the weather will also be icy on the same day?, icy given not frosty,AgnotB,10,2934339.890632,2934354.024651,14.134019
410,2,24,What is the probability that the weather will be  not icy and not frosty on a random day in England?, not icy and not frosty,notAandnotB,70,2934354.140795,2934358.152422,4.011627
410,2,25,What is the probability that the weather will be  normal or not typical on a random day in England?, normal or not typical,AornotB,100,2934358.240812,2934362.904328,4.663516
410,2,26,If the weather in England is normal on a random daywhat is the probability that the weather will also be typical on the same day?, typical given normal,BgA,100,2934363.007579,2934369.232179,6.224600
410,2,27,What is the probability that the weather will be  not normal or not typical on a random day in England?, not normal or not typical,notAornotB,40,2934369.340945,2934374.256087,4.915142
410,2,28,What is the probability that the weather will be  typical on a random day in England?, typical,B,60,2934374.391041,2934377.152424,2.761384
410,2,29,What is the probability that the weather will be  icy and frosty on a random day in England?, icy and frosty,AandB,40,2934377.274400,2934381.175911,3.901511
410,2,30,What is the probability that the weather will be  normal on a random day in England?, normal,A,60,2934381.274419,2934386.352083,5.077664
410,2,31,If the weather in England is frosty on a random daywhat is the probability that the weather will also be icy on the same day?, icy given frosty,AgB,80,2934386.474505,2934390.415755,3.941251
410,2,32,What is the probability that the weather will be  icy or not frosty on a random day in England?, icy or not frosty,AornotB,90,2934390.507879,2934405.823434,15.315555
410,2,33,What is the probability that the weather will be  not normal and not typical on a random day in England?, not normal and not typical,notAandnotB,40,2934405.924735,2934411.631308,5.706573
410,2,34,If the weather in England is typical on a random daywhat is the probability that the weather will also be normal on the same day?, normal given typical,AgB,100,2934411.741460,2934415.583277,3.841817
410,2,35,If the weather in England is not normal on a random daywhat is the probability that the weather will also be not typical on the same day?, not typical given not normal,notBgnotA,100,2934415.674829,2934426.295018,10.620189
410,2,36,What is the probability that the weather will be  typical and not normal on a random day in England?, typical and not normal,notAandB,0,2934426.424965,2934430.167503,3.742538
410,2,37,If the weather in England is icy on a random daywhat is the probability that the weather will also be frosty on the same day?, frosty given icy,BgA,90,2934430.275009,2934434.822780,4.547771
410,2,38,What is the probability that the weather will be  not typical on a random day in England?, not typical,notB,40,2934434.925054,2934438.758766,3.833712
410,2,39,If the weather in England is not icy on a random daywhat is the probability that the weather will also be frosty on the same day?, frosty given not icy,BgnotA,10,2934438.858468,2934443.342600,4.484132
410,2,40,If the weather in England is not icy on a random daywhat is the probability that the weather will also be not frosty on the same day?, not frosty given not icy,notBgnotA,90,2934443.458513,2934449.390500,5.931987
410,3,1,What is the probability that the weather will be  normal and not typical on a random day in England?, normal and not typical,AandnotB,0,2934449.525227,2934454.182623,4.657396
410,3,2,What is the probability that the weather will be  icy on a random day in England?, icy,A,30,2934454.308632,2934458.958555,4.649922
410,3,3,What is the probability that the weather will be  typical on a random day in England?, typical,B,60,2934459.075362,2934462.542494,3.467132
410,3,4,If the weather in England is not normal on a random daywhat is the probability that the weather will also be not typical on the same day?, not typical given not normal,notBgnotA,100,2934462.675416,2934468.958088,6.282672
410,3,5,What is the probability that the weather will be  frosty or not icy on a random day in England?, frosty or not icy,notAorB,90,2934469.092153,2934472.822001,3.729847
410,3,6,What is the probability that the weather will be  icy or not frosty on a random day in England?, icy or not frosty,AornotB,90,2934472.925521,2934476.909913,3.984391
410,3,7,If the weather in England is typical on a random daywhat is the probability that the weather will also be normal on the same day?, normal given typical,AgB,100,2934477.008899,2934483.253769,6.244870
410,3,8,If the weather in England is icy on a random daywhat is the probability that the weather will also be frosty on the same day?, frosty given icy,BgA,90,2934483.408985,2934488.453691,5.044705
410,3,9,If the weather in England is typical on a random daywhat is the probability that the weather will also be not normal on the same day?, not normal given typical,notAgB,0,2934488.542359,2934491.597749,3.055390
410,3,10,If the weather in England is not icy on a random daywhat is the probability that the weather will also be not frosty on the same day?, not frosty given not icy,notBgnotA,90,2934491.709078,2934496.589542,4.880464
410,3,11,What is the probability that the weather will be  icy and not frosty on a random day in England?, icy and not frosty,AandnotB,10,2934496.675809,2934500.813397,4.137588
410,3,12,If the weather in England is frosty on a random daywhat is the probability that the weather will also be not icy on the same day?, not icy given frosty,notAgB,10,2934500.925838,2934509.413236,8.487398
410,3,13,What is the probability that the weather will be  not normal and not typical on a random day in England?, not normal and not typical,notAandnotB,40,2934509.542620,2934514.405147,4.862527
410,3,14,What is the probability that the weather will be  normal and typical on a random day in England?, normal and typical,AandB,60,2934514.526010,2934517.413055,2.887045
410,3,15,What is the probability that the weather will be  normal or typical on a random day in England?, normal or typical,AorB,60,2934517.509372,2934520.516997,3.007625
410,3,16,If the weather in England is not frosty on a random daywhat is the probability that the weather will also be not icy on the same day?, not icy given not frosty,notAgnotB,90,2934520.659402,2934526.780888,6.121486
410,3,17,What is the probability that the weather will be  icy or frosty on a random day in England?, icy or frosty,AorB,30,2934526.909497,2934534.260728,7.351231
410,3,18,What is the probability that the weather will be  not frosty on a random day in England?, not frosty,notB,70,2934534.342901,2934537.604655,3.261755
410,3,19,What is the probability that the weather will be  typical and not normal on a random day in England?, typical and not normal,notAandB,0,2934537.726285,2934543.748727,6.022442
410,3,20,What is the probability that the weather will be  not normal on a random day in England?, not normal,notA,40,2934543.876338,2934548.500458,4.624120
410,3,21,If the weather in England is frosty on a random daywhat is the probability that the weather will also be icy on the same day?, icy given frosty,AgB,90,2934548.643081,2934556.212320,7.569239
410,3,22,If the weather in England is not typical on a random daywhat is the probability that the weather will also be normal on the same day?, normal given not typical,AgnotB,0,2934556.343154,2934562.316309,5.973155
410,3,23,What is the probability that the weather will be  normal on a random day in England?, normal,A,60,2934562.476570,2934567.324456,4.847886
410,3,24,What is the probability that the weather will be  not normal or not typical on a random day in England?, not normal or not typical,notAornotB,40,2934567.493283,2934571.299970,3.806687
410,3,25,If the weather in England is icy on a random daywhat is the probability that the weather will also be not frosty on the same day?, not frosty given icy,notBgA,10,2934571.393344,2934578.979845,7.586500
410,3,26,What is the probability that the weather will be  normal or not typical on a random day in England?, normal or not typical,AornotB,60,2934579.060085,2934581.619744,2.559659
410,3,27,What is the probability that the weather will be  frosty on a random day in England?, frosty,B,30,2934581.743447,2934584.579927,2.836480
410,3,28,If the weather in England is not normal on a random daywhat is the probability that the weather will also be typical on the same day?, typical given not normal,BgnotA,0,2934584.693504,2934589.315708,4.622203
410,3,29,If the weather in England is not frosty on a random daywhat is the probability that the weather will also be icy on the same day?, icy given not frosty,AgnotB,10,2934589.426903,2934592.987449,3.560546
410,3,30,If the weather in England is normal on a random daywhat is the probability that the weather will also be not typical on the same day?, not typical given normal,notBgA,0,2934593.110257,2934598.651591,5.541333
410,3,31,If the weather in England is normal on a random daywhat is the probability that the weather will also be typical on the same day?, typical given normal,BgA,100,2934598.776979,2934600.843314,2.066335
410,3,32,If the weather in England is not typical on a random daywhat is the probability that the weather will also be not normal on the same day?, not normal given not typical,notAgnotB,100,2934600.960364,2934604.771202,3.810839
410,3,33,What is the probability that the weather will be  icy and frosty on a random day in England?, icy and frosty,AandB,30,2934604.910412,2934608.803188,3.892776
410,3,34,What is the probability that the weather will be  typical or not normal on a random day in England?, typical or not normal,notAorB,100,2934608.943783,2934612.579100,3.635317
410,3,35,If the weather in England is not icy on a random daywhat is the probability that the weather will also be frosty on the same day?, frosty given not icy,BgnotA,10,2934612.710484,2934618.730911,6.020427
410,3,36,What is the probability that the weather will be  not icy or not frosty on a random day in England?, not icy or not frosty,notAornotB,70,2934618.843910,2934622.914821,4.070911
410,3,37,What is the probability that the weather will be  frosty and not icy on a random day in England?, frosty and not icy,notAandB,10,2934623.060604,2934627.242753,4.182149
410,3,38,What is the probability that the weather will be  not typical on a random day in England?, not typical,notB,40,2934627.410659,2934631.314701,3.904042
410,3,39,What is the probability that the weather will be  not icy on a random day in England?, not icy,notA,70,2934631.494052,2934637.450540,5.956488
410,3,40,What is the probability that the weather will be  not icy and not frosty on a random day in England?, not icy and not frosty,notAandnotB,70,2934637.644123,2934644.402437,6.758314
