ID,block,trial,query,querydetail,querytype,estimate,starttime,endtime,RT
904,1,1,If the weather in England is not normal on a random daywhat is the probability that the weather will also be typical on the same day?, typical given not normal,BgnotA,20,528467.112110,528493.419819,26.307708
904,1,2,What is the probability that the weather will be  typical or not normal on a random day in England?, typical or not normal,notAorB,100,528493.578794,528507.219630,13.640836
904,1,3,What is the probability that the weather will be  not normal on a random day in England?, not normal,notA,30,528507.428819,528515.013535,7.584715
904,1,4,What is the probability that the weather will be  normal and typical on a random day in England?, normal and typical,AandB,15,528515.245542,528520.629324,5.383782
904,1,5,What is the probability that the weather will be  normal on a random day in England?, normal,A,70,528520.862183,528525.581206,4.719022
904,1,6,What is the probability that the weather will be  not icy or not frosty on a random day in England?, not icy or not frosty,notAornotB,66,528525.812215,528539.644883,13.832668
904,1,7,If the weather in England is typical on a random daywhat is the probability that the weather will also be not normal on the same day?, not normal given typical,notAgB,15,528539.895529,528556.004372,16.108843
904,1,8,If the weather in England is frosty on a random daywhat is the probability that the weather will also be icy on the same day?, icy given frosty,AgB,70,528556.195548,528564.956301,8.760753
904,1,9,If the weather in England is not typical on a random daywhat is the probability that the weather will also be normal on the same day?, normal given not typical,AgnotB,15,528565.162279,528594.643529,29.481250
904,1,10,If the weather in England is not typical on a random daywhat is the probability that the weather will also be not normal on the same day?, not normal given not typical,notAgnotB,100,528594.895623,528605.267357,10.371734
904,1,11,If the weather in England is frosty on a random daywhat is the probability that the weather will also be not icy on the same day?, not icy given frosty,notAgB,20,528605.428962,528618.651050,13.222087
904,1,12,What is the probability that the weather will be  not icy on a random day in England?, not icy,notA,66,528618.879023,528626.826826,7.947803
904,1,13,If the weather in England is not icy on a random daywhat is the probability that the weather will also be not frosty on the same day?, not frosty given not icy,notBgnotA,80,528627.029012,528641.810541,14.781529
904,1,14,What is the probability that the weather will be  icy on a random day in England?, icy,A,33,528642.012368,528648.890504,6.878136
904,1,15,What is the probability that the weather will be  not frosty on a random day in England?, not frosty,notB,66,528649.095712,528652.218166,3.122454
904,1,16,What is the probability that the weather will be  frosty and not icy on a random day in England?, frosty and not icy,notAandB,20,528652.379039,528656.490242,4.111203
904,1,17,What is the probability that the weather will be  typical on a random day in England?, typical,B,80,528656.695692,528662.258210,5.562518
904,1,18,What is the probability that the weather will be  normal or not typical on a random day in England?, normal or not typical,AornotB,100,528662.462390,528671.153795,8.691404
904,1,19,If the weather in England is icy on a random daywhat is the probability that the weather will also be frosty on the same day?, frosty given icy,BgA,80,528671.329075,528687.377348,16.048273
904,1,20,What is the probability that the weather will be  not normal and not typical on a random day in England?, not normal and not typical,notAandnotB,20,528687.579058,528703.985231,16.406173
904,1,21,What is the probability that the weather will be  not typical on a random day in England?, not typical,notB,20,528704.145785,528708.560726,4.414941
904,1,22,What is the probability that the weather will be  icy or frosty on a random day in England?, icy or frosty,AorB,33,528708.779099,528716.624572,7.845473
904,1,23,If the weather in England is normal on a random daywhat is the probability that the weather will also be not typical on the same day?, not typical given normal,notBgA,20,528716.812468,528743.975912,27.163444
904,1,24,What is the probability that the weather will be  not normal or not typical on a random day in England?, not normal or not typical,notAornotB,30,528744.145836,528760.175821,16.029986
904,1,25,If the weather in England is not frosty on a random daywhat is the probability that the weather will also be icy on the same day?, icy given not frosty,AgnotB,10,528760.362500,528775.263172,14.900672
904,1,26,If the weather in England is not normal on a random daywhat is the probability that the weather will also be not typical on the same day?, not typical given not normal,notBgnotA,60,528775.462540,528786.703021,11.240480
904,1,27,What is the probability that the weather will be  typical and not normal on a random day in England?, typical and not normal,notAandB,30,528786.895902,528804.342537,17.446635
904,1,28,If the weather in England is normal on a random daywhat is the probability that the weather will also be typical on the same day?, typical given normal,BgA,85,528804.579259,528811.806270,7.227011
904,1,29,What is the probability that the weather will be  frosty or not icy on a random day in England?, frosty or not icy,notAorB,70,528812.029243,528832.533873,20.504630
904,1,30,What is the probability that the weather will be  normal or typical on a random day in England?, normal or typical,AorB,85,528832.695929,528841.077598,8.381669
904,1,31,What is the probability that the weather will be  icy and not frosty on a random day in England?, icy and not frosty,AandnotB,20,528841.262634,528854.597299,13.334665
904,1,32,What is the probability that the weather will be  normal and not typical on a random day in England?, normal and not typical,AandnotB,30,528854.795990,528867.380966,12.584975
904,1,33,What is the probability that the weather will be  icy or not frosty on a random day in England?, icy or not frosty,AornotB,60,528867.579338,528880.820659,13.241322
904,1,34,If the weather in England is icy on a random daywhat is the probability that the weather will also be not frosty on the same day?, not frosty given icy,notBgA,10,528881.029367,528954.746841,73.717474
904,1,35,What is the probability that the weather will be  frosty on a random day in England?, frosty,B,33,528954.929446,528959.491219,4.561773
904,1,36,If the weather in England is not icy on a random daywhat is the probability that the weather will also be frosty on the same day?, frosty given not icy,BgnotA,40,528959.696129,528977.802326,18.106197
904,1,37,What is the probability that the weather will be  icy and frosty on a random day in England?, icy and frosty,AandB,25,528977.996157,528986.874120,8.877964
904,1,38,What is the probability that the weather will be  not icy and not frosty on a random day in England?, not icy and not frosty,notAandnotB,60,528987.029507,528994.601974,7.572466
904,1,39,If the weather in England is not frosty on a random daywhat is the probability that the weather will also be not icy on the same day?, not icy given not frosty,notAgnotB,80,528994.779503,529006.265532,11.486029
904,1,40,If the weather in England is typical on a random daywhat is the probability that the weather will also be normal on the same day?, normal given typical,AgB,80,529006.462860,529022.201192,15.738332
904,2,1,If the weather in England is not normal on a random daywhat is the probability that the weather will also be typical on the same day?, typical given not normal,BgnotA,30,529022.429576,529028.081062,5.651486
904,2,2,What is the probability that the weather will be  typical and not normal on a random day in England?, typical and not normal,notAandB,35,529028.312896,529033.968949,5.656053
904,2,3,What is the probability that the weather will be  not normal and not typical on a random day in England?, not normal and not typical,notAandnotB,30,529034.146234,529040.728672,6.582438
904,2,4,What is the probability that the weather will be  not frosty on a random day in England?, not frosty,notB,60,529040.896250,529043.784612,2.888362
904,2,5,What is the probability that the weather will be  normal on a random day in England?, normal,A,80,529043.996249,529047.752981,3.756733
904,2,6,What is the probability that the weather will be  not icy and not frosty on a random day in England?, not icy and not frosty,notAandnotB,70,529047.996261,529053.096335,5.100074
904,2,7,What is the probability that the weather will be  icy or frosty on a random day in England?, icy or frosty,AorB,33,529053.296263,529057.320260,4.023997
904,2,8,What is the probability that the weather will be  frosty on a random day in England?, frosty,B,25,529057.512933,529061.808366,4.295433
904,2,9,If the weather in England is not typical on a random daywhat is the probability that the weather will also be not normal on the same day?, not normal given not typical,notAgnotB,70,529061.979608,529074.543821,12.564214
904,2,10,If the weather in England is icy on a random daywhat is the probability that the weather will also be frosty on the same day?, frosty given icy,BgA,70,529074.746289,529082.647792,7.901503
904,2,11,What is the probability that the weather will be  normal or typical on a random day in England?, normal or typical,AorB,80,529082.796301,529091.175564,8.379263
904,2,12,What is the probability that the weather will be  not icy on a random day in England?, not icy,notA,70,529091.329651,529095.055328,3.725677
904,2,13,If the weather in England is not frosty on a random daywhat is the probability that the weather will also be not icy on the same day?, not icy given not frosty,notAgnotB,90,529095.229661,529106.887039,11.657378
904,2,14,What is the probability that the weather will be  typical on a random day in England?, typical,B,80,529107.062993,529111.279463,4.216469
904,2,15,If the weather in England is not typical on a random daywhat is the probability that the weather will also be normal on the same day?, normal given not typical,AgnotB,50,529111.446339,529128.006391,16.560051
904,2,16,What is the probability that the weather will be  icy and frosty on a random day in England?, icy and frosty,AandB,30,529128.213001,529139.438462,11.225461
904,2,17,What is the probability that the weather will be  normal and not typical on a random day in England?, normal and not typical,AandnotB,50,529139.646375,529204.492730,64.846355
904,2,18,What is the probability that the weather will be  frosty and not icy on a random day in England?, frosty and not icy,notAandB,30,529204.746469,529213.964458,9.217989
904,2,19,What is the probability that the weather will be  normal or not typical on a random day in England?, normal or not typical,AornotB,80,529214.196476,529220.516342,6.319867
904,2,20,What is the probability that the weather will be  not icy or not frosty on a random day in England?, not icy or not frosty,notAornotB,70,529220.713150,529230.164095,9.450946
904,2,21,If the weather in England is normal on a random daywhat is the probability that the weather will also be not typical on the same day?, not typical given normal,notBgA,25,529230.379823,529258.131437,27.751614
904,2,22,If the weather in England is normal on a random daywhat is the probability that the weather will also be typical on the same day?, typical given normal,BgA,85,529258.363215,529264.891369,6.528154
904,2,23,What is the probability that the weather will be  typical or not normal on a random day in England?, typical or not normal,notAorB,70,529265.096554,529273.955228,8.858674
904,2,24,If the weather in England is not icy on a random daywhat is the probability that the weather will also be not frosty on the same day?, not frosty given not icy,notBgnotA,80,529274.179897,529278.578920,4.399023
904,2,25,What is the probability that the weather will be  icy or not frosty on a random day in England?, icy or not frosty,AornotB,80,529278.779907,529301.698642,22.918735
904,2,26,What is the probability that the weather will be  not typical on a random day in England?, not typical,notB,40,529301.896607,529309.962178,8.065571
904,2,27,What is the probability that the weather will be  not normal or not typical on a random day in England?, not normal or not typical,notAornotB,70,529310.163275,529322.697886,12.534612
904,2,28,If the weather in England is not icy on a random daywhat is the probability that the weather will also be frosty on the same day?, frosty given not icy,BgnotA,20,529322.913289,529334.889578,11.976289
904,2,29,If the weather in England is not frosty on a random daywhat is the probability that the weather will also be icy on the same day?, icy given not frosty,AgnotB,20,529335.096631,529354.073145,18.976514
904,2,30,What is the probability that the weather will be  icy on a random day in England?, icy,A,25,529354.263335,529359.737198,5.473864
904,2,31,What is the probability that the weather will be  frosty or not icy on a random day in England?, frosty or not icy,notAorB,50,529359.946675,529365.776818,5.830143
904,2,32,If the weather in England is frosty on a random daywhat is the probability that the weather will also be icy on the same day?, icy given frosty,AgB,80,529365.996661,529369.952743,3.956082
904,2,33,If the weather in England is typical on a random daywhat is the probability that the weather will also be normal on the same day?, normal given typical,AgB,85,529370.130027,529379.064491,8.934464
904,2,34,If the weather in England is icy on a random daywhat is the probability that the weather will also be not frosty on the same day?, not frosty given icy,notBgA,20,529379.246709,529396.640106,17.393397
904,2,35,If the weather in England is typical on a random daywhat is the probability that the weather will also be not normal on the same day?, not normal given typical,notAgB,25,529396.830066,529401.704003,4.873937
904,2,36,If the weather in England is not normal on a random daywhat is the probability that the weather will also be not typical on the same day?, not typical given not normal,notBgnotA,80,529401.946713,529405.423879,3.477166
904,2,37,What is the probability that the weather will be  normal and typical on a random day in England?, normal and typical,AandB,90,529405.613392,529411.807769,6.194377
904,2,38,If the weather in England is frosty on a random daywhat is the probability that the weather will also be not icy on the same day?, not icy given frosty,notAgB,40,529411.980091,529429.303361,17.323270
904,2,39,What is the probability that the weather will be  icy and not frosty on a random day in England?, icy and not frosty,AandnotB,15,529429.513484,529435.511175,5.997691
904,2,40,What is the probability that the weather will be  not normal on a random day in England?, not normal,notA,40,529435.746806,529439.055071,3.308264
904,3,1,What is the probability that the weather will be  frosty and not icy on a random day in England?, frosty and not icy,notAandB,15,529439.263437,529448.158847,8.895410
904,3,2,What is the probability that the weather will be  normal or not typical on a random day in England?, normal or not typical,AornotB,60,529448.413443,529455.374733,6.961290
904,3,3,If the weather in England is normal on a random daywhat is the probability that the weather will also be typical on the same day?, typical given normal,BgA,80,529455.613469,529462.686501,7.073032
904,3,4,What is the probability that the weather will be  typical and not normal on a random day in England?, typical and not normal,notAandB,50,529462.880159,529476.046209,13.166050
904,3,5,What is the probability that the weather will be  not typical on a random day in England?, not typical,notB,40,529476.263480,529479.598088,3.334608
904,3,6,What is the probability that the weather will be  icy or not frosty on a random day in England?, icy or not frosty,AornotB,40,529479.846838,529490.405850,10.559012
904,3,7,What is the probability that the weather will be  icy or frosty on a random day in England?, icy or frosty,AorB,33,529490.630182,529495.029744,4.399562
904,3,8,If the weather in England is icy on a random daywhat is the probability that the weather will also be frosty on the same day?, frosty given icy,BgA,70,529495.246861,529498.933655,3.686793
904,3,9,If the weather in England is icy on a random daywhat is the probability that the weather will also be not frosty on the same day?, not frosty given icy,notBgA,20,529499.113539,529503.693482,4.579944
904,3,10,If the weather in England is typical on a random daywhat is the probability that the weather will also be not normal on the same day?, not normal given typical,notAgB,30,529503.896875,529514.061296,10.164421
904,3,11,What is the probability that the weather will be  not icy on a random day in England?, not icy,notA,70,529514.246900,529520.621108,6.374208
904,3,12,If the weather in England is not frosty on a random daywhat is the probability that the weather will also be icy on the same day?, icy given not frosty,AgnotB,15,529520.763560,529526.469021,5.705461
904,3,13,What is the probability that the weather will be  not normal and not typical on a random day in England?, not normal and not typical,notAandnotB,30,529526.680232,529533.628792,6.948561
904,3,14,If the weather in England is not typical on a random daywhat is the probability that the weather will also be not normal on the same day?, not normal given not typical,notAgnotB,70,529533.880242,529539.964676,6.084434
904,3,15,What is the probability that the weather will be  typical or not normal on a random day in England?, typical or not normal,notAorB,50,529540.146911,529571.931927,31.785016
904,3,16,If the weather in England is not typical on a random daywhat is the probability that the weather will also be normal on the same day?, normal given not typical,AgnotB,30,529572.096970,529577.299765,5.202795
904,3,17,What is the probability that the weather will be  normal or typical on a random day in England?, normal or typical,AorB,90,529577.563612,529585.195598,7.631986
904,3,18,What is the probability that the weather will be  not normal or not typical on a random day in England?, not normal or not typical,notAornotB,30,529585.363623,529588.099481,2.735858
904,3,19,What is the probability that the weather will be  icy on a random day in England?, icy,A,20,529588.280320,529595.907642,7.627322
904,3,20,What is the probability that the weather will be  frosty on a random day in England?, frosty,B,20,529596.113649,529597.699472,1.585822
904,3,21,If the weather in England is frosty on a random daywhat is the probability that the weather will also be not icy on the same day?, not icy given frosty,notAgB,30,529597.913667,529605.739084,7.825417
904,3,22,If the weather in England is not icy on a random daywhat is the probability that the weather will also be not frosty on the same day?, not frosty given not icy,notBgnotA,80,529605.947008,529611.330938,5.383929
904,3,23,If the weather in England is frosty on a random daywhat is the probability that the weather will also be icy on the same day?, icy given frosty,AgB,80,529611.530365,529615.458804,3.928439
904,3,24,What is the probability that the weather will be  normal and typical on a random day in England?, normal and typical,AandB,85,529615.630333,529628.290498,12.660165
904,3,25,What is the probability that the weather will be  normal and not typical on a random day in England?, normal and not typical,AandnotB,50,529628.463685,529645.002150,16.538465
904,3,26,If the weather in England is not normal on a random daywhat is the probability that the weather will also be not typical on the same day?, not typical given not normal,notBgnotA,50,529645.213737,529650.946013,5.732277
904,3,27,What is the probability that the weather will be  icy and not frosty on a random day in England?, icy and not frosty,AandnotB,30,529651.130406,529660.609771,9.479365
904,3,28,What is the probability that the weather will be  not frosty on a random day in England?, not frosty,notB,70,529660.813751,529666.633591,5.819840
904,3,29,What is the probability that the weather will be  frosty or not icy on a random day in England?, frosty or not icy,notAorB,60,529666.813779,529689.201076,22.387297
904,3,30,If the weather in England is not normal on a random daywhat is the probability that the weather will also be typical on the same day?, typical given not normal,BgnotA,40,529689.380462,529694.888925,5.508463
904,3,31,What is the probability that the weather will be  not normal on a random day in England?, not normal,notA,30,529695.063798,529701.328750,6.264952
904,3,32,What is the probability that the weather will be  normal on a random day in England?, normal,A,70,529701.513790,529704.353008,2.839218
904,3,33,If the weather in England is typical on a random daywhat is the probability that the weather will also be normal on the same day?, normal given typical,AgB,80,529704.563819,529711.224527,6.660708
904,3,34,What is the probability that the weather will be  not icy or not frosty on a random day in England?, not icy or not frosty,notAornotB,50,529711.430496,529733.567955,22.137459
904,3,35,If the weather in England is normal on a random daywhat is the probability that the weather will also be not typical on the same day?, not typical given normal,notBgA,30,529733.797167,529738.239902,4.442735
904,3,36,If the weather in England is not frosty on a random daywhat is the probability that the weather will also be not icy on the same day?, not icy given not frosty,notAgnotB,80,529738.430506,529745.575735,7.145229
904,3,37,What is the probability that the weather will be  typical on a random day in England?, typical,B,70,529745.797198,529750.192315,4.395117
904,3,38,If the weather in England is not icy on a random daywhat is the probability that the weather will also be frosty on the same day?, frosty given not icy,BgnotA,30,529750.430549,529778.726918,28.296369
904,3,39,What is the probability that the weather will be  not icy and not frosty on a random day in England?, not icy and not frosty,notAandnotB,70,529778.913915,529790.158668,11.244753
904,3,40,What is the probability that the weather will be  icy and frosty on a random day in England?, icy and frosty,AandB,25,529790.313934,529798.702401,8.388466
