ID,block,trial,query,querydetail,querytype,estimate,starttime,endtime,RT
801,1,1,What is the probability that the weather will be  not icy on a random day in England?, not icy,notA,70,3020363.882144,3020373.036434,9.154290
801,1,2,If the weather in England is typical on a random daywhat is the probability that the weather will also be not normal on the same day?, not normal given typical,notAgB,60,3020373.132126,3020387.084427,13.952301
801,1,3,If the weather in England is frosty on a random daywhat is the probability that the weather will also be not icy on the same day?, not icy given frosty,notAgB,20,3020387.248766,3020397.878250,10.629484
801,1,4,If the weather in England is not icy on a random daywhat is the probability that the weather will also be not frosty on the same day?, not frosty given not icy,notBgnotA,20,3020398.015436,3020411.021855,13.006419
801,1,5,What is the probability that the weather will be  normal on a random day in England?, normal,A,50,3020411.215402,3020418.213698,6.998297
801,1,6,What is the probability that the weather will be  normal and typical on a random day in England?, normal and typical,AandB,50,3020418.432064,3020422.069585,3.637521
801,1,7,If the weather in England is not normal on a random daywhat is the probability that the weather will also be typical on the same day?, typical given not normal,BgnotA,50,3020422.298741,3020429.573315,7.274574
801,1,8,What is the probability that the weather will be  normal and not typical on a random day in England?, normal and not typical,AandnotB,70,3020429.765372,3020435.781297,6.015925
801,1,9,What is the probability that the weather will be  not typical on a random day in England?, not typical,notB,80,3020435.982054,3020446.860944,10.878890
801,1,10,What is the probability that the weather will be  normal or not typical on a random day in England?, normal or not typical,AornotB,70,3020447.048712,3020454.004842,6.956129
801,1,11,If the weather in England is not typical on a random daywhat is the probability that the weather will also be normal on the same day?, normal given not typical,AgnotB,40,3020454.182082,3020461.828622,7.646540
801,1,12,If the weather in England is icy on a random daywhat is the probability that the weather will also be not frosty on the same day?, not frosty given icy,notBgA,1,3020462.015357,3020472.720728,10.705371
801,1,13,If the weather in England is typical on a random daywhat is the probability that the weather will also be normal on the same day?, normal given typical,AgB,40,3020472.898658,3020490.611958,17.713301
801,1,14,What is the probability that the weather will be  icy and frosty on a random day in England?, icy and frosty,AandB,50,3020490.798658,3020497.923796,7.125138
801,1,15,What is the probability that the weather will be  frosty or not icy on a random day in England?, frosty or not icy,notAorB,50,3020498.098671,3020508.883608,10.784937
801,1,16,If the weather in England is icy on a random daywhat is the probability that the weather will also be frosty on the same day?, frosty given icy,BgA,80,3020509.065317,3020516.715341,7.650023
801,1,17,What is the probability that the weather will be  not icy and not frosty on a random day in England?, not icy and not frosty,notAandnotB,30,3020516.915285,3020523.579378,6.664093
801,1,18,What is the probability that the weather will be  normal or typical on a random day in England?, normal or typical,AorB,50,3020523.748600,3020528.714926,4.966327
801,1,19,If the weather in England is not frosty on a random daywhat is the probability that the weather will also be not icy on the same day?, not icy given not frosty,notAgnotB,20,3020528.881953,3020543.866572,14.984618
801,1,20,If the weather in England is not normal on a random daywhat is the probability that the weather will also be not typical on the same day?, not typical given not normal,notBgnotA,70,3020544.015272,3020556.122608,12.107336
801,1,21,What is the probability that the weather will be  not frosty on a random day in England?, not frosty,notB,20,3020556.248599,3020564.610116,8.361516
801,1,22,If the weather in England is not icy on a random daywhat is the probability that the weather will also be frosty on the same day?, frosty given not icy,BgnotA,70,3020564.848552,3020569.690085,4.841533
801,1,23,What is the probability that the weather will be  frosty and not icy on a random day in England?, frosty and not icy,notAandB,10,3020569.881901,3020576.161895,6.279994
801,1,24,What is the probability that the weather will be  not normal on a random day in England?, not normal,notA,60,3020576.348533,3020588.801637,12.453104
801,1,25,What is the probability that the weather will be  not normal and not typical on a random day in England?, not normal and not typical,notAandnotB,70,3020589.015220,3020593.025372,4.010152
801,1,26,What is the probability that the weather will be  icy and not frosty on a random day in England?, icy and not frosty,AandnotB,20,3020593.298553,3020596.449320,3.150767
801,1,27,What is the probability that the weather will be  frosty on a random day in England?, frosty,B,80,3020596.615208,3020599.569768,2.954561
801,1,28,What is the probability that the weather will be  not icy or not frosty on a random day in England?, not icy or not frosty,notAornotB,20,3020599.748555,3020603.601244,3.852690
801,1,29,If the weather in England is not frosty on a random daywhat is the probability that the weather will also be icy on the same day?, icy given not frosty,AgnotB,10,3020603.798540,3020611.544928,7.746388
801,1,30,If the weather in England is frosty on a random daywhat is the probability that the weather will also be icy on the same day?, icy given frosty,AgB,90,3020611.848528,3020619.368964,7.520436
801,1,31,What is the probability that the weather will be  typical and not normal on a random day in England?, typical and not normal,notAandB,60,3020619.548514,3020628.520550,8.972036
801,1,32,What is the probability that the weather will be  not normal or not typical on a random day in England?, not normal or not typical,notAornotB,60,3020628.665170,3020632.256461,3.591290
801,1,33,If the weather in England is normal on a random daywhat is the probability that the weather will also be not typical on the same day?, not typical given normal,notBgA,80,3020632.431845,3020637.272374,4.840529
801,1,34,If the weather in England is normal on a random daywhat is the probability that the weather will also be typical on the same day?, typical given normal,BgA,20,3020637.515149,3020640.112371,2.597222
801,1,35,If the weather in England is not typical on a random daywhat is the probability that the weather will also be not normal on the same day?, not normal given not typical,notAgnotB,80,3020640.281837,3020648.552058,8.270222
801,1,36,What is the probability that the weather will be  icy or frosty on a random day in England?, icy or frosty,AorB,80,3020648.681822,3020651.471987,2.790165
801,1,37,What is the probability that the weather will be  typical on a random day in England?, typical,B,20,3020651.615148,3020655.912166,4.297018
801,1,38,What is the probability that the weather will be  icy or not frosty on a random day in England?, icy or not frosty,AornotB,90,3020656.115131,3020659.215826,3.100695
801,1,39,What is the probability that the weather will be  icy on a random day in England?, icy,A,90,3020659.398477,3020662.607764,3.209287
801,1,40,What is the probability that the weather will be  typical or not normal on a random day in England?, typical or not normal,notAorB,30,3020662.731807,3020670.119567,7.387760
801,2,1,What is the probability that the weather will be  frosty or not icy on a random day in England?, frosty or not icy,notAorB,20,3020670.365133,3020676.487371,6.122238
801,2,2,If the weather in England is typical on a random daywhat is the probability that the weather will also be normal on the same day?, normal given typical,AgB,20,3020676.681795,3020682.751269,6.069474
801,2,3,What is the probability that the weather will be  not icy or not frosty on a random day in England?, not icy or not frosty,notAornotB,20,3020682.998425,3020687.239165,4.240740
801,2,4,If the weather in England is not normal on a random daywhat is the probability that the weather will also be not typical on the same day?, not typical given not normal,notBgnotA,90,3020687.415121,3020696.166803,8.751682
801,2,5,What is the probability that the weather will be  icy or frosty on a random day in England?, icy or frosty,AorB,80,3020696.281774,3020699.222824,2.941049
801,2,6,What is the probability that the weather will be  icy and frosty on a random day in England?, icy and frosty,AandB,80,3020699.415102,3020702.478650,3.063548
801,2,7,What is the probability that the weather will be  frosty and not icy on a random day in England?, frosty and not icy,notAandB,20,3020702.698427,3020706.206542,3.508115
801,2,8,If the weather in England is not icy on a random daywhat is the probability that the weather will also be frosty on the same day?, frosty given not icy,BgnotA,20,3020706.398396,3020711.470423,5.072027
801,2,9,What is the probability that the weather will be  not typical on a random day in England?, not typical,notB,80,3020711.631733,3020717.966411,6.334678
801,2,10,What is the probability that the weather will be  normal or typical on a random day in England?, normal or typical,AorB,30,3020718.098419,3020722.078162,3.979742
801,2,11,What is the probability that the weather will be  not icy on a random day in England?, not icy,notA,40,3020722.281747,3020731.965933,9.684186
801,2,12,What is the probability that the weather will be  frosty on a random day in England?, frosty,B,60,3020732.131722,3020740.893962,8.762240
801,2,13,What is the probability that the weather will be  not icy and not frosty on a random day in England?, not icy and not frosty,notAandnotB,30,3020741.081729,3020744.221632,3.139903
801,2,14,What is the probability that the weather will be  not normal on a random day in England?, not normal,notA,70,3020744.398361,3020747.957556,3.559195
801,2,15,If the weather in England is frosty on a random daywhat is the probability that the weather will also be icy on the same day?, icy given frosty,AgB,80,3020748.115049,3020753.797414,5.682365
801,2,16,What is the probability that the weather will be  normal or not typical on a random day in England?, normal or not typical,AornotB,70,3020753.965046,3020758.901419,4.936373
801,2,17,If the weather in England is not frosty on a random daywhat is the probability that the weather will also be icy on the same day?, icy given not frosty,AgnotB,20,3020759.031682,3020763.293180,4.261497
801,2,18,What is the probability that the weather will be  normal and typical on a random day in England?, normal and typical,AandB,30,3020763.465035,3020771.317193,7.852157
801,2,19,What is the probability that the weather will be  normal on a random day in England?, normal,A,30,3020771.465002,3020781.429036,9.964035
801,2,20,If the weather in England is not typical on a random daywhat is the probability that the weather will also be normal on the same day?, normal given not typical,AgnotB,30,3020781.631662,3020785.068688,3.437026
801,2,21,If the weather in England is icy on a random daywhat is the probability that the weather will also be not frosty on the same day?, not frosty given icy,notBgA,20,3020785.231688,3020788.436549,3.204862
801,2,22,If the weather in England is normal on a random daywhat is the probability that the weather will also be not typical on the same day?, not typical given normal,notBgA,40,3020788.598342,3020803.724229,15.125887
801,2,23,If the weather in England is not normal on a random daywhat is the probability that the weather will also be typical on the same day?, typical given not normal,BgnotA,20,3020803.948316,3020811.300034,7.351718
801,2,24,What is the probability that the weather will be  typical or not normal on a random day in England?, typical or not normal,notAorB,80,3020811.481631,3020819.731829,8.250199
801,2,25,If the weather in England is typical on a random daywhat is the probability that the weather will also be not normal on the same day?, not normal given typical,notAgB,80,3020819.948317,3020823.747722,3.799404
801,2,26,What is the probability that the weather will be  not frosty on a random day in England?, not frosty,notB,30,3020824.031624,3020830.755545,6.723921
801,2,27,What is the probability that the weather will be  icy and not frosty on a random day in England?, icy and not frosty,AandnotB,10,3020830.948291,3020834.227491,3.279200
801,2,28,What is the probability that the weather will be  not normal and not typical on a random day in England?, not normal and not typical,notAandnotB,80,3020834.431625,3020839.347340,4.915715
801,2,29,What is the probability that the weather will be  typical and not normal on a random day in England?, typical and not normal,notAandB,20,3020839.548292,3020842.859256,3.310964
801,2,30,If the weather in England is not frosty on a random daywhat is the probability that the weather will also be not icy on the same day?, not icy given not frosty,notAgnotB,50,3020843.014957,3020849.467084,6.452127
801,2,31,What is the probability that the weather will be  typical on a random day in England?, typical,B,40,3020849.614937,3020853.051359,3.436422
801,2,32,What is the probability that the weather will be  icy on a random day in England?, icy,A,70,3020853.231608,3020855.787170,2.555562
801,2,33,What is the probability that the weather will be  icy or not frosty on a random day in England?, icy or not frosty,AornotB,10,3020855.964944,3020858.018900,2.053956
801,2,34,What is the probability that the weather will be  not normal or not typical on a random day in England?, not normal or not typical,notAornotB,80,3020858.164929,3020861.242820,3.077891
801,2,35,If the weather in England is not typical on a random daywhat is the probability that the weather will also be not normal on the same day?, not normal given not typical,notAgnotB,80,3020861.414931,3020866.402708,4.987777
801,2,36,If the weather in England is not icy on a random daywhat is the probability that the weather will also be not frosty on the same day?, not frosty given not icy,notBgnotA,90,3020866.531570,3020877.346435,10.814864
801,2,37,If the weather in England is icy on a random daywhat is the probability that the weather will also be frosty on the same day?, frosty given icy,BgA,90,3020877.514925,3020884.034316,6.519391
801,2,38,If the weather in England is frosty on a random daywhat is the probability that the weather will also be not icy on the same day?, not icy given frosty,notAgB,20,3020884.248233,3020887.010196,2.761963
801,2,39,What is the probability that the weather will be  normal and not typical on a random day in England?, normal and not typical,AandnotB,80,3020887.181575,3020894.074038,6.892463
801,2,40,If the weather in England is normal on a random daywhat is the probability that the weather will also be typical on the same day?, typical given normal,BgA,30,3020894.214899,3020899.273897,5.058998
801,3,1,What is the probability that the weather will be  frosty or not icy on a random day in England?, frosty or not icy,notAorB,10,3020899.431560,3020902.537821,3.106261
801,3,2,What is the probability that the weather will be  typical on a random day in England?, typical,B,30,3020902.681561,3020907.930050,5.248489
801,3,3,What is the probability that the weather will be  icy or frosty on a random day in England?, icy or frosty,AorB,70,3020908.131552,3020910.385645,2.254093
801,3,4,If the weather in England is icy on a random daywhat is the probability that the weather will also be frosty on the same day?, frosty given icy,BgA,80,3020910.548207,3020914.761534,4.213327
801,3,5,What is the probability that the weather will be  not normal on a random day in England?, not normal,notA,90,3020914.981546,3020920.833397,5.851852
801,3,6,What is the probability that the weather will be  icy or not frosty on a random day in England?, icy or not frosty,AornotB,20,3020920.981512,3020924.409295,3.427782
801,3,7,What is the probability that the weather will be  icy on a random day in England?, icy,A,80,3020924.598193,3020929.961422,5.363229
801,3,8,What is the probability that the weather will be  not frosty on a random day in England?, not frosty,notB,40,3020930.514862,3020935.401026,4.886163
801,3,9,What is the probability that the weather will be  typical and not normal on a random day in England?, typical and not normal,notAandB,80,3020935.598190,3020945.120835,9.522645
801,3,10,What is the probability that the weather will be  not icy and not frosty on a random day in England?, not icy and not frosty,notAandnotB,20,3020945.248172,3020947.560738,2.312566
801,3,11,What is the probability that the weather will be  not icy or not frosty on a random day in England?, not icy or not frosty,notAornotB,20,3020947.698176,3020950.440665,2.742489
801,3,12,If the weather in England is not normal on a random daywhat is the probability that the weather will also be typical on the same day?, typical given not normal,BgnotA,20,3020950.664840,3020971.096232,20.431392
801,3,13,If the weather in England is not frosty on a random daywhat is the probability that the weather will also be not icy on the same day?, not icy given not frosty,notAgnotB,80,3020971.231485,3020976.280054,5.048569
801,3,14,If the weather in England is typical on a random daywhat is the probability that the weather will also be normal on the same day?, normal given typical,AgB,30,3020976.448146,3020981.511913,5.063767
801,3,15,What is the probability that the weather will be  frosty and not icy on a random day in England?, frosty and not icy,notAandB,10,3020981.698139,3020985.648027,3.949888
801,3,16,What is the probability that the weather will be  typical or not normal on a random day in England?, typical or not normal,notAorB,80,3020985.814801,3020991.233728,5.418927
801,3,17,What is the probability that the weather will be  not icy on a random day in England?, not icy,notA,45,3020991.381463,3020999.887482,8.506020
801,3,18,What is the probability that the weather will be  normal or not typical on a random day in England?, normal or not typical,AornotB,85,3021000.048119,3021008.991277,8.943158
801,3,19,What is the probability that the weather will be  icy and not frosty on a random day in England?, icy and not frosty,AandnotB,15,3021009.098110,3021012.775173,3.677063
801,3,20,What is the probability that the weather will be  normal and typical on a random day in England?, normal and typical,AandB,35,3021012.898098,3021017.111081,4.212983
801,3,21,If the weather in England is not normal on a random daywhat is the probability that the weather will also be not typical on the same day?, not typical given not normal,notBgnotA,90,3021017.314779,3021023.646940,6.332161
801,3,22,What is the probability that the weather will be  frosty on a random day in England?, frosty,B,80,3021023.798085,3021028.423253,4.625168
801,3,23,What is the probability that the weather will be  not normal and not typical on a random day in England?, not normal and not typical,notAandnotB,80,3021028.514754,3021032.038710,3.523956
801,3,24,If the weather in England is normal on a random daywhat is the probability that the weather will also be not typical on the same day?, not typical given normal,notBgA,90,3021032.114766,3021036.470629,4.355863
801,3,25,If the weather in England is icy on a random daywhat is the probability that the weather will also be not frosty on the same day?, not frosty given icy,notBgA,10,3021036.564755,3021047.150367,10.585612
801,3,26,If the weather in England is not icy on a random daywhat is the probability that the weather will also be frosty on the same day?, frosty given not icy,BgnotA,10,3021047.298067,3021055.406147,8.108080
801,3,27,If the weather in England is frosty on a random daywhat is the probability that the weather will also be not icy on the same day?, not icy given frosty,notAgB,10,3021055.564705,3021058.775052,3.210347
801,3,28,What is the probability that the weather will be  normal on a random day in England?, normal,A,30,3021058.948032,3021063.502097,4.554065
801,3,29,If the weather in England is normal on a random daywhat is the probability that the weather will also be typical on the same day?, typical given normal,BgA,50,3021063.631362,3021070.437795,6.806432
801,3,30,If the weather in England is not typical on a random daywhat is the probability that the weather will also be not normal on the same day?, not normal given not typical,notAgnotB,80,3021070.581359,3021075.765651,5.184292
801,3,31,If the weather in England is not icy on a random daywhat is the probability that the weather will also be not frosty on the same day?, not frosty given not icy,notBgnotA,10,3021075.881362,3021079.869565,3.988203
801,3,32,If the weather in England is frosty on a random daywhat is the probability that the weather will also be icy on the same day?, icy given frosty,AgB,80,3021080.014701,3021084.469446,4.454745
801,3,33,What is the probability that the weather will be  not normal or not typical on a random day in England?, not normal or not typical,notAornotB,90,3021084.631341,3021087.397380,2.766039
801,3,34,What is the probability that the weather will be  normal and not typical on a random day in England?, normal and not typical,AandnotB,80,3021087.514669,3021093.645231,6.130562
801,3,35,What is the probability that the weather will be  icy and frosty on a random day in England?, icy and frosty,AandB,90,3021093.831355,3021096.293177,2.461822
801,3,36,What is the probability that the weather will be  normal or typical on a random day in England?, normal or typical,AorB,50,3021096.397992,3021101.325050,4.927058
801,3,37,If the weather in England is not frosty on a random daywhat is the probability that the weather will also be icy on the same day?, icy given not frosty,AgnotB,10,3021101.448004,3021106.396927,4.948923
801,3,38,If the weather in England is typical on a random daywhat is the probability that the weather will also be not normal on the same day?, not normal given typical,notAgB,80,3021106.514670,3021111.636792,5.122122
801,3,39,What is the probability that the weather will be  not typical on a random day in England?, not typical,notB,70,3021111.747972,3021117.404654,5.656682
801,3,40,If the weather in England is not typical on a random daywhat is the probability that the weather will also be normal on the same day?, normal given not typical,AgnotB,20,3021117.497996,3021128.460402,10.962406
