ID,block,trial,query,querydetail,querytype,estimate,starttime,endtime,RT
109,1,1,If the weather in England is icy on a random daywhat is the probability that the weather will also be frosty on the same day?, frosty given icy,BgA,80,2371981.093989,2371991.083466,9.989477
109,1,2,What is the probability that the weather will be  normal or not typical on a random day in England?, normal or not typical,AornotB,90,2371991.210542,2372012.221957,21.011416
109,1,3,If the weather in England is not typical on a random daywhat is the probability that the weather will also be not normal on the same day?, not normal given not typical,notAgnotB,0,2372012.343685,2372025.947733,13.604047
109,1,4,What is the probability that the weather will be  normal and not typical on a random day in England?, normal and not typical,AandnotB,90,2372026.043534,2372039.688056,13.644522
109,1,5,If the weather in England is normal on a random daywhat is the probability that the weather will also be typical on the same day?, typical given normal,BgA,90,2372039.810082,2372048.088853,8.278771
109,1,6,If the weather in England is icy on a random daywhat is the probability that the weather will also be not frosty on the same day?, not frosty given icy,notBgA,80,2372048.176698,2372055.919067,7.742369
109,1,7,If the weather in England is typical on a random daywhat is the probability that the weather will also be normal on the same day?, normal given typical,AgB,85,2372056.026600,2372069.326506,13.299906
109,1,8,If the weather in England is not frosty on a random daywhat is the probability that the weather will also be icy on the same day?, icy given not frosty,AgnotB,0,2372069.443164,2372079.239532,9.796369
109,1,9,What is the probability that the weather will be  not typical on a random day in England?, not typical,notB,15,2372079.343074,2372095.229880,15.886806
109,1,10,What is the probability that the weather will be  icy on a random day in England?, icy,A,15,2372095.326250,2372109.957627,14.631377
109,1,11,What is the probability that the weather will be  typical on a random day in England?, typical,B,90,2372110.042837,2372114.341546,4.298709
109,1,12,What is the probability that the weather will be  frosty on a random day in England?, frosty,B,20,2372114.442813,2372126.989335,12.546523
109,1,13,If the weather in England is not frosty on a random daywhat is the probability that the weather will also be not icy on the same day?, not icy given not frosty,notAgnotB,95,2372127.092681,2372133.813245,6.720564
109,1,14,What is the probability that the weather will be  icy and frosty on a random day in England?, icy and frosty,AandB,85,2372133.909255,2372143.149087,9.239832
109,1,15,What is the probability that the weather will be  icy and not frosty on a random day in England?, icy and not frosty,AandnotB,20,2372143.275839,2372148.989034,5.713195
109,1,16,What is the probability that the weather will be  not normal and not typical on a random day in England?, not normal and not typical,notAandnotB,5,2372149.109111,2372156.669012,7.559901
109,1,17,What is the probability that the weather will be  normal on a random day in England?, normal,A,95,2372156.742426,2372162.012888,5.270462
109,1,18,What is the probability that the weather will be  not icy on a random day in England?, not icy,notA,65,2372162.125641,2372172.620586,10.494945
109,1,19,What is the probability that the weather will be  normal or typical on a random day in England?, normal or typical,AorB,90,2372172.725552,2372177.244491,4.518938
109,1,20,What is the probability that the weather will be  not normal on a random day in England?, not normal,notA,5,2372177.342173,2372187.028218,9.686045
109,1,21,If the weather in England is not typical on a random daywhat is the probability that the weather will also be normal on the same day?, normal given not typical,AgnotB,5,2372187.142110,2372202.715890,15.573780
109,1,22,If the weather in England is not icy on a random daywhat is the probability that the weather will also be frosty on the same day?, frosty given not icy,BgnotA,80,2372202.825344,2372211.291942,8.466598
109,1,23,If the weather in England is frosty on a random daywhat is the probability that the weather will also be icy on the same day?, icy given frosty,AgB,20,2372211.391879,2372218.075669,6.683790
109,1,24,What is the probability that the weather will be  icy or frosty on a random day in England?, icy or frosty,AorB,65,2372218.175160,2372225.651723,7.476563
109,1,25,What is the probability that the weather will be  frosty or not icy on a random day in England?, frosty or not icy,notAorB,60,2372225.758422,2372233.579675,7.821252
109,1,26,What is the probability that the weather will be  typical or not normal on a random day in England?, typical or not normal,notAorB,85,2372233.675014,2372244.195236,10.520222
109,1,27,If the weather in England is frosty on a random daywhat is the probability that the weather will also be not icy on the same day?, not icy given frosty,notAgB,75,2372244.308251,2372253.027081,8.718829
109,1,28,If the weather in England is not normal on a random daywhat is the probability that the weather will also be typical on the same day?, typical given not normal,BgnotA,5,2372253.141507,2372260.050895,6.909388
109,1,29,What is the probability that the weather will be  not icy and not frosty on a random day in England?, not icy and not frosty,notAandnotB,80,2372260.158099,2372265.595037,5.436937
109,1,30,If the weather in England is normal on a random daywhat is the probability that the weather will also be not typical on the same day?, not typical given normal,notBgA,5,2372265.708022,2372273.298891,7.590869
109,1,31,What is the probability that the weather will be  normal and typical on a random day in England?, normal and typical,AandB,90,2372273.407963,2372276.858564,3.450601
109,1,32,What is the probability that the weather will be  frosty and not icy on a random day in England?, frosty and not icy,notAandB,75,2372276.957958,2372281.898558,4.940600
109,1,33,If the weather in England is typical on a random daywhat is the probability that the weather will also be not normal on the same day?, not normal given typical,notAgB,5,2372282.007922,2372291.674398,9.666476
109,1,34,What is the probability that the weather will be  icy or not frosty on a random day in England?, icy or not frosty,AornotB,30,2372291.791132,2372305.370200,13.579068
109,1,35,If the weather in England is not icy on a random daywhat is the probability that the weather will also be not frosty on the same day?, not frosty given not icy,notBgnotA,30,2372305.457694,2372312.194089,6.736395
109,1,36,What is the probability that the weather will be  not normal or not typical on a random day in England?, not normal or not typical,notAornotB,5,2372312.290958,2372319.433823,7.142865
109,1,37,What is the probability that the weather will be  not icy or not frosty on a random day in England?, not icy or not frosty,notAornotB,45,2372319.557552,2372327.865623,8.308071
109,1,38,If the weather in England is not normal on a random daywhat is the probability that the weather will also be not typical on the same day?, not typical given not normal,notBgnotA,5,2372327.974160,2372334.257666,6.283507
109,1,39,What is the probability that the weather will be  not frosty on a random day in England?, not frosty,notB,45,2372334.374116,2372340.865519,6.491403
109,1,40,What is the probability that the weather will be  typical and not normal on a random day in England?, typical and not normal,notAandB,5,2372340.974043,2372345.977349,5.003306
109,2,1,What is the probability that the weather will be  frosty and not icy on a random day in England?, frosty and not icy,notAandB,45,2372346.090661,2372351.945243,5.854582
109,2,2,If the weather in England is not frosty on a random daywhat is the probability that the weather will also be icy on the same day?, icy given not frosty,AgnotB,80,2372352.073938,2372363.897091,11.823153
109,2,3,If the weather in England is not typical on a random daywhat is the probability that the weather will also be not normal on the same day?, not normal given not typical,notAgnotB,80,2372363.990495,2372373.800935,9.810440
109,2,4,If the weather in England is not typical on a random daywhat is the probability that the weather will also be normal on the same day?, normal given not typical,AgnotB,75,2372373.907063,2372377.776723,3.869660
109,2,5,What is the probability that the weather will be  normal and typical on a random day in England?, normal and typical,AandB,90,2372377.873712,2372383.024630,5.150918
109,2,6,What is the probability that the weather will be  not typical on a random day in England?, not typical,notB,15,2372383.140329,2372389.648451,6.508122
109,2,7,What is the probability that the weather will be  typical or not normal on a random day in England?, typical or not normal,notAorB,50,2372389.740236,2372394.144494,4.404258
109,2,8,What is the probability that the weather will be  icy or frosty on a random day in England?, icy or frosty,AorB,75,2372394.273534,2372399.312355,5.038821
109,2,9,What is the probability that the weather will be  normal on a random day in England?, normal,A,80,2372399.390208,2372406.568834,7.178626
109,2,10,What is the probability that the weather will be  typical on a random day in England?, typical,B,90,2372406.656777,2372409.600299,2.943523
109,2,11,What is the probability that the weather will be  not normal or not typical on a random day in England?, not normal or not typical,notAornotB,5,2372409.690065,2372419.520111,9.830046
109,2,12,What is the probability that the weather will be  icy or not frosty on a random day in England?, icy or not frosty,AornotB,25,2372419.639979,2372426.855826,7.215847
109,2,13,If the weather in England is typical on a random daywhat is the probability that the weather will also be normal on the same day?, normal given typical,AgB,95,2372426.956589,2372432.247753,5.291164
109,2,14,What is the probability that the weather will be  frosty or not icy on a random day in England?, frosty or not icy,notAorB,70,2372432.339875,2372440.623613,8.283739
109,2,15,What is the probability that the weather will be  icy and not frosty on a random day in England?, icy and not frosty,AandnotB,40,2372440.723179,2372454.095340,13.372161
109,2,16,If the weather in England is icy on a random daywhat is the probability that the weather will also be not frosty on the same day?, not frosty given icy,notBgA,15,2372454.189666,2372463.767228,9.577562
109,2,17,What is the probability that the weather will be  frosty on a random day in England?, frosty,B,65,2372463.856241,2372469.247327,5.391086
109,2,18,What is the probability that the weather will be  normal and not typical on a random day in England?, normal and not typical,AandnotB,10,2372469.339512,2372481.862895,12.523383
109,2,19,If the weather in England is icy on a random daywhat is the probability that the weather will also be frosty on the same day?, frosty given icy,BgA,85,2372481.939430,2372487.270572,5.331141
109,2,20,What is the probability that the weather will be  normal or not typical on a random day in England?, normal or not typical,AornotB,95,2372487.372712,2372492.798624,5.425912
109,2,21,If the weather in England is not normal on a random daywhat is the probability that the weather will also be typical on the same day?, typical given not normal,BgnotA,55,2372492.906037,2372503.486308,10.580271
109,2,22,If the weather in England is not normal on a random daywhat is the probability that the weather will also be not typical on the same day?, not typical given not normal,notBgnotA,85,2372503.555899,2372518.622179,15.066281
109,2,23,If the weather in England is frosty on a random daywhat is the probability that the weather will also be not icy on the same day?, not icy given frosty,notAgB,50,2372518.789076,2372528.190062,9.400986
109,2,24,If the weather in England is normal on a random daywhat is the probability that the weather will also be typical on the same day?, typical given normal,BgA,90,2372528.305680,2372534.333892,6.028212
109,2,25,If the weather in England is not frosty on a random daywhat is the probability that the weather will also be not icy on the same day?, not icy given not frosty,notAgnotB,70,2372534.422290,2372548.461622,14.039333
109,2,26,What is the probability that the weather will be  typical and not normal on a random day in England?, typical and not normal,notAandB,90,2372548.538820,2372551.437582,2.898761
109,2,27,What is the probability that the weather will be  not icy or not frosty on a random day in England?, not icy or not frosty,notAornotB,40,2372551.538846,2372562.069230,10.530385
109,2,28,What is the probability that the weather will be  not icy and not frosty on a random day in England?, not icy and not frosty,notAandnotB,40,2372562.138710,2372565.861136,3.722426
109,2,29,If the weather in England is typical on a random daywhat is the probability that the weather will also be not normal on the same day?, not normal given typical,notAgB,10,2372565.938661,2372576.244968,10.306306
109,2,30,What is the probability that the weather will be  normal or typical on a random day in England?, normal or typical,AorB,90,2372576.338544,2372579.469125,3.130581
109,2,31,What is the probability that the weather will be  not normal and not typical on a random day in England?, not normal and not typical,notAandnotB,10,2372579.571867,2372583.468820,3.896952
109,2,32,What is the probability that the weather will be  not frosty on a random day in England?, not frosty,notB,65,2372583.555170,2372592.132737,8.577567
109,2,33,If the weather in England is frosty on a random daywhat is the probability that the weather will also be icy on the same day?, icy given frosty,AgB,85,2372592.221798,2372597.828574,5.606776
109,2,34,If the weather in England is normal on a random daywhat is the probability that the weather will also be not typical on the same day?, not typical given normal,notBgA,10,2372597.955020,2372603.364583,5.409563
109,2,35,What is the probability that the weather will be  not normal on a random day in England?, not normal,notA,10,2372604.004985,2372608.836368,4.831384
109,2,36,If the weather in England is not icy on a random daywhat is the probability that the weather will also be frosty on the same day?, frosty given not icy,BgnotA,40,2372608.938254,2372615.716281,6.778027
109,2,37,What is the probability that the weather will be  icy and frosty on a random day in England?, icy and frosty,AandB,65,2372615.788211,2372625.500072,9.711862
109,2,38,If the weather in England is not icy on a random daywhat is the probability that the weather will also be not frosty on the same day?, not frosty given not icy,notBgnotA,75,2372625.604830,2372633.307912,7.703083
109,2,39,What is the probability that the weather will be  icy on a random day in England?, icy,A,30,2372633.404720,2372643.780037,10.375317
109,2,40,What is the probability that the weather will be  not icy on a random day in England?, not icy,notA,70,2372643.954632,2372647.715679,3.761047
109,3,1,If the weather in England is typical on a random daywhat is the probability that the weather will also be normal on the same day?, normal given typical,AgB,90,2372647.854594,2372660.307478,12.452884
109,3,2,What is the probability that the weather will be  not icy or not frosty on a random day in England?, not icy or not frosty,notAornotB,75,2372660.421153,2372666.171361,5.750208
109,3,3,What is the probability that the weather will be  not normal or not typical on a random day in England?, not normal or not typical,notAornotB,10,2372666.287740,2372672.243233,5.955493
109,3,4,If the weather in England is not frosty on a random daywhat is the probability that the weather will also be icy on the same day?, icy given not frosty,AgnotB,35,2372672.337700,2372685.307789,12.970088
109,3,5,What is the probability that the weather will be  normal on a random day in England?, normal,A,90,2372685.420400,2372689.459181,4.038781
109,3,6,What is the probability that the weather will be  normal or typical on a random day in England?, normal or typical,AorB,90,2372689.554216,2372693.882851,4.328635
109,3,7,What is the probability that the weather will be  not frosty on a random day in England?, not frosty,notB,65,2372693.970840,2372701.778698,7.807858
109,3,8,What is the probability that the weather will be  normal or not typical on a random day in England?, normal or not typical,AornotB,95,2372701.870736,2372718.818377,16.947640
109,3,9,If the weather in England is not frosty on a random daywhat is the probability that the weather will also be not icy on the same day?, not icy given not frosty,notAgnotB,75,2372718.937278,2372724.802268,5.864990
109,3,10,What is the probability that the weather will be  typical and not normal on a random day in England?, typical and not normal,notAandB,80,2372724.920566,2372734.026102,9.105537
109,3,11,What is the probability that the weather will be  icy and not frosty on a random day in England?, icy and not frosty,AandnotB,20,2372734.103788,2372749.585831,15.482043
109,3,12,What is the probability that the weather will be  frosty or not icy on a random day in England?, frosty or not icy,notAorB,70,2372749.687000,2372755.121729,5.434729
109,3,13,What is the probability that the weather will be  icy on a random day in England?, icy,A,15,2372755.253620,2372760.714050,5.460429
109,3,14,If the weather in England is frosty on a random daywhat is the probability that the weather will also be not icy on the same day?, not icy given frosty,notAgB,65,2372760.820274,2372767.217452,6.397178
109,3,15,What is the probability that the weather will be  not normal on a random day in England?, not normal,notA,10,2372767.353502,2372770.785407,3.431905
109,3,16,If the weather in England is normal on a random daywhat is the probability that the weather will also be not typical on the same day?, not typical given normal,notBgA,10,2372770.853520,2372776.593307,5.739787
109,3,17,If the weather in England is icy on a random daywhat is the probability that the weather will also be frosty on the same day?, frosty given icy,BgA,95,2372776.686749,2372784.665189,7.978440
109,3,18,If the weather in England is not icy on a random daywhat is the probability that the weather will also be not frosty on the same day?, not frosty given not icy,notBgnotA,50,2372784.753336,2372807.296798,22.543462
109,3,19,If the weather in England is normal on a random daywhat is the probability that the weather will also be typical on the same day?, typical given normal,BgA,90,2372807.403155,2372812.928653,5.525498
109,3,20,What is the probability that the weather will be  frosty and not icy on a random day in England?, frosty and not icy,notAandB,60,2372813.019754,2372818.664528,5.644774
109,3,21,If the weather in England is not typical on a random daywhat is the probability that the weather will also be not normal on the same day?, not normal given not typical,notAgnotB,100,2372818.769685,2372825.680409,6.910724
109,3,22,If the weather in England is not normal on a random daywhat is the probability that the weather will also be typical on the same day?, typical given not normal,BgnotA,20,2372825.802951,2372836.872197,11.069246
109,3,23,What is the probability that the weather will be  icy or frosty on a random day in England?, icy or frosty,AorB,75,2372836.969543,2372841.147274,4.177731
109,3,24,What is the probability that the weather will be  normal and typical on a random day in England?, normal and typical,AandB,90,2372841.236149,2372845.824041,4.587892
109,3,25,If the weather in England is not icy on a random daywhat is the probability that the weather will also be frosty on the same day?, frosty given not icy,BgnotA,75,2372845.902803,2372852.415898,6.513095
109,3,26,What is the probability that the weather will be  icy or not frosty on a random day in England?, icy or not frosty,AornotB,25,2372852.536060,2372868.207629,15.671569
109,3,27,If the weather in England is not typical on a random daywhat is the probability that the weather will also be normal on the same day?, normal given not typical,AgnotB,10,2372868.335924,2372884.503384,16.167460
109,3,28,What is the probability that the weather will be  not icy on a random day in England?, not icy,notA,80,2372884.602415,2372898.055102,13.452687
109,3,29,What is the probability that the weather will be  normal and not typical on a random day in England?, normal and not typical,AandnotB,5,2372898.152311,2372904.927157,6.774846
109,3,30,What is the probability that the weather will be  typical or not normal on a random day in England?, typical or not normal,notAorB,5,2372905.018919,2372908.910942,3.892023
109,3,31,What is the probability that the weather will be  not icy and not frosty on a random day in England?, not icy and not frosty,notAandnotB,65,2372909.018879,2372914.582764,5.563885
109,3,32,If the weather in England is frosty on a random daywhat is the probability that the weather will also be icy on the same day?, icy given frosty,AgB,50,2372914.684970,2372926.078581,11.393611
109,3,33,If the weather in England is icy on a random daywhat is the probability that the weather will also be not frosty on the same day?, not frosty given icy,notBgA,65,2372926.168734,2372935.926377,9.757643
109,3,34,What is the probability that the weather will be  not typical on a random day in England?, not typical,notB,10,2372936.018646,2372939.622315,3.603668
109,3,35,If the weather in England is not normal on a random daywhat is the probability that the weather will also be not typical on the same day?, not typical given not normal,notBgnotA,90,2372939.701940,2372950.150180,10.448240
109,3,36,What is the probability that the weather will be  typical on a random day in England?, typical,B,95,2372950.235153,2372959.782207,9.547054
109,3,37,If the weather in England is typical on a random daywhat is the probability that the weather will also be not normal on the same day?, not normal given typical,notAgB,10,2372959.901765,2372967.389812,7.488047
109,3,38,What is the probability that the weather will be  frosty on a random day in England?, frosty,B,65,2372967.468357,2372979.517712,12.049355
109,3,39,What is the probability that the weather will be  not normal and not typical on a random day in England?, not normal and not typical,notAandnotB,10,2372979.601570,2372983.829529,4.227959
109,3,40,What is the probability that the weather will be  icy and frosty on a random day in England?, icy and frosty,AandB,45,2372983.918211,2372991.461323,7.543112
