ID,block,trial,query,querydetail,querytype,estimate,starttime,endtime,RT
905,1,1,What is the probability that the weather will be  icy on a random day in England?, icy,A,10,3283079.319150,3283096.287812,16.968661
905,1,2,If the weather in England is not frosty on a random daywhat is the probability that the weather will also be not icy on the same day?, not icy given not frosty,notAgnotB,80,3283096.402660,3283113.008153,16.605492
905,1,3,If the weather in England is not normal on a random daywhat is the probability that the weather will also be not typical on the same day?, not typical given not normal,notBgnotA,90,3283113.202879,3283147.378042,34.175163
905,1,4,If the weather in England is not icy on a random daywhat is the probability that the weather will also be not frosty on the same day?, not frosty given not icy,notBgnotA,50,3283147.603323,3283178.225551,30.622228
905,1,5,What is the probability that the weather will be  typical on a random day in England?, typical,B,90,3283178.387026,3283186.817460,8.430433
905,1,6,If the weather in England is typical on a random daywhat is the probability that the weather will also be normal on the same day?, normal given typical,AgB,95,3283186.970486,3283194.017336,7.046849
905,1,7,What is the probability that the weather will be  not normal on a random day in England?, not normal,notA,10,3283194.153935,3283213.161034,19.007099
905,1,8,What is the probability that the weather will be  frosty on a random day in England?, frosty,B,10,3283213.337453,3283229.328982,15.991530
905,1,9,If the weather in England is typical on a random daywhat is the probability that the weather will also be not normal on the same day?, not normal given typical,notAgB,10,3283229.570988,3283250.648699,21.077711
905,1,10,What is the probability that the weather will be  not icy on a random day in England?, not icy,notA,90,3283250.837942,3283262.872458,12.034516
905,1,11,What is the probability that the weather will be  not icy or not frosty on a random day in England?, not icy or not frosty,notAornotB,95,3283263.038095,3283268.912508,5.874414
905,1,12,If the weather in England is icy on a random daywhat is the probability that the weather will also be frosty on the same day?, frosty given icy,BgA,75,3283269.071502,3283287.696143,18.624641
905,1,13,If the weather in England is not typical on a random daywhat is the probability that the weather will also be normal on the same day?, normal given not typical,AgnotB,10,3283287.821778,3283294.488024,6.666247
905,1,14,What is the probability that the weather will be  normal or typical on a random day in England?, normal or typical,AorB,70,3283294.671824,3283300.815959,6.144135
905,1,15,What is the probability that the weather will be  not typical on a random day in England?, not typical,notB,5,3283301.021884,3283314.660768,13.638884
905,1,16,If the weather in England is frosty on a random daywhat is the probability that the weather will also be icy on the same day?, icy given frosty,AgB,95,3283314.838738,3283356.823397,41.984659
905,1,17,What is the probability that the weather will be  not icy and not frosty on a random day in England?, not icy and not frosty,notAandnotB,95,3283356.922584,3283366.087262,9.164678
905,1,18,If the weather in England is not icy on a random daywhat is the probability that the weather will also be frosty on the same day?, frosty given not icy,BgnotA,10,3283366.256051,3283379.543204,13.287154
905,1,19,What is the probability that the weather will be  normal and typical on a random day in England?, normal and typical,AandB,90,3283379.756227,3283386.030870,6.274643
905,1,20,What is the probability that the weather will be  frosty or not icy on a random day in England?, frosty or not icy,notAorB,5,3283386.239632,3283399.438929,13.199297
905,1,21,What is the probability that the weather will be  typical and not normal on a random day in England?, typical and not normal,notAandB,5,3283399.589785,3283411.670557,12.080772
905,1,22,What is the probability that the weather will be  typical or not normal on a random day in England?, typical or not normal,notAorB,60,3283411.889963,3283426.558505,14.668542
905,1,23,If the weather in England is not typical on a random daywhat is the probability that the weather will also be not normal on the same day?, not normal given not typical,notAgnotB,90,3283426.756816,3283434.350332,7.593516
905,1,24,What is the probability that the weather will be  icy and not frosty on a random day in England?, icy and not frosty,AandnotB,40,3283434.490233,3283445.598322,11.108089
905,1,25,If the weather in England is icy on a random daywhat is the probability that the weather will also be not frosty on the same day?, not frosty given icy,notBgA,30,3283445.790371,3283459.846024,14.055653
905,1,26,If the weather in England is not normal on a random daywhat is the probability that the weather will also be typical on the same day?, typical given not normal,BgnotA,10,3283459.957223,3283471.359643,11.402420
905,1,27,What is the probability that the weather will be  not normal or not typical on a random day in England?, not normal or not typical,notAornotB,2,3283471.557371,3283490.917693,19.360323
905,1,28,What is the probability that the weather will be  icy or not frosty on a random day in England?, icy or not frosty,AornotB,5,3283491.057604,3283506.160428,15.102824
905,1,29,What is the probability that the weather will be  not normal and not typical on a random day in England?, not normal and not typical,notAandnotB,5,3283506.257788,3283511.632303,5.374515
905,1,30,What is the probability that the weather will be  normal on a random day in England?, normal,A,99,3283511.741204,3283522.349798,10.608594
905,1,31,If the weather in England is frosty on a random daywhat is the probability that the weather will also be not icy on the same day?, not icy given frosty,notAgB,10,3283522.574666,3283554.044848,31.470182
905,1,32,If the weather in England is normal on a random daywhat is the probability that the weather will also be not typical on the same day?, not typical given normal,notBgA,10,3283554.191736,3283575.636687,21.444951
905,1,33,What is the probability that the weather will be  normal or not typical on a random day in England?, normal or not typical,AornotB,40,3283575.725337,3283586.636466,10.911129
905,1,34,What is the probability that the weather will be  not frosty on a random day in England?, not frosty,notB,90,3283586.758808,3283591.796499,5.037691
905,1,35,What is the probability that the weather will be  frosty and not icy on a random day in England?, frosty and not icy,notAandB,10,3283591.925503,3283606.238329,14.312825
905,1,36,What is the probability that the weather will be  normal and not typical on a random day in England?, normal and not typical,AandnotB,5,3283606.375705,3283612.119191,5.743486
905,1,37,If the weather in England is normal on a random daywhat is the probability that the weather will also be typical on the same day?, typical given normal,BgA,99,3283612.275784,3283620.900124,8.624340
905,1,38,What is the probability that the weather will be  icy or frosty on a random day in England?, icy or frosty,AorB,10,3283621.009199,3283637.364120,16.354920
905,1,39,If the weather in England is not frosty on a random daywhat is the probability that the weather will also be icy on the same day?, icy given not frosty,AgnotB,10,3283637.542761,3283648.179796,10.637035
905,1,40,What is the probability that the weather will be  icy and frosty on a random day in England?, icy and frosty,AandB,5,3283648.292831,3283662.974759,14.681928
905,2,1,What is the probability that the weather will be  normal and typical on a random day in England?, normal and typical,AandB,99,3283663.159753,3283674.388485,11.228731
905,2,2,What is the probability that the weather will be  typical and not normal on a random day in England?, typical and not normal,notAandB,20,3283674.543229,3283679.675287,5.132058
905,2,3,If the weather in England is normal on a random daywhat is the probability that the weather will also be not typical on the same day?, not typical given normal,notBgA,10,3283679.759955,3283707.466976,27.707021
905,2,4,If the weather in England is not icy on a random daywhat is the probability that the weather will also be not frosty on the same day?, not frosty given not icy,notBgnotA,90,3283707.643643,3283714.931056,7.287413
905,2,5,What is the probability that the weather will be  not icy on a random day in England?, not icy,notA,99,3283715.010394,3283721.394944,6.384550
905,2,6,If the weather in England is not frosty on a random daywhat is the probability that the weather will also be not icy on the same day?, not icy given not frosty,notAgnotB,99,3283721.577129,3283726.474749,4.897620
905,2,7,What is the probability that the weather will be  icy and not frosty on a random day in England?, icy and not frosty,AandnotB,10,3283726.610548,3283732.642700,6.032152
905,2,8,If the weather in England is not typical on a random daywhat is the probability that the weather will also be not normal on the same day?, not normal given not typical,notAgnotB,99,3283732.793969,3283750.850426,18.056457
905,2,9,If the weather in England is icy on a random daywhat is the probability that the weather will also be frosty on the same day?, frosty given icy,BgA,90,3283750.944153,3283760.554340,9.610187
905,2,10,What is the probability that the weather will be  not icy or not frosty on a random day in England?, not icy or not frosty,notAornotB,98,3283760.677649,3283767.866228,7.188579
905,2,11,What is the probability that the weather will be  not icy and not frosty on a random day in England?, not icy and not frosty,notAandnotB,98,3283767.977732,3283771.714230,3.736498
905,2,12,What is the probability that the weather will be  typical or not normal on a random day in England?, typical or not normal,notAorB,5,3283771.794420,3283778.466255,6.671834
905,2,13,If the weather in England is not typical on a random daywhat is the probability that the weather will also be normal on the same day?, normal given not typical,AgnotB,5,3283778.594526,3283789.197076,10.602550
905,2,14,What is the probability that the weather will be  not normal and not typical on a random day in England?, not normal and not typical,notAandnotB,99,3283789.294663,3283791.833949,2.539286
905,2,15,What is the probability that the weather will be  normal on a random day in England?, normal,A,99,3283791.961356,3283796.794340,4.832984
905,2,16,What is the probability that the weather will be  icy or frosty on a random day in England?, icy or frosty,AorB,5,3283796.944755,3283804.281845,7.337090
905,2,17,What is the probability that the weather will be  not typical on a random day in England?, not typical,notB,5,3283804.378178,3283810.802480,6.424302
905,2,18,What is the probability that the weather will be  not frosty on a random day in England?, not frosty,notB,95,3283810.994932,3283819.580351,8.585420
905,2,19,If the weather in England is not icy on a random daywhat is the probability that the weather will also be frosty on the same day?, frosty given not icy,BgnotA,5,3283819.761690,3283832.417490,12.655800
905,2,20,If the weather in England is not frosty on a random daywhat is the probability that the weather will also be icy on the same day?, icy given not frosty,AgnotB,5,3283832.511859,3283836.972346,4.460487
905,2,21,If the weather in England is not normal on a random daywhat is the probability that the weather will also be not typical on the same day?, not typical given not normal,notBgnotA,99,3283837.061914,3283843.289343,6.227429
905,2,22,If the weather in England is normal on a random daywhat is the probability that the weather will also be typical on the same day?, typical given normal,BgA,99,3283843.412009,3283847.753266,4.341257
905,2,23,What is the probability that the weather will be  frosty on a random day in England?, frosty,B,5,3283847.895372,3283854.338479,6.443107
905,2,24,If the weather in England is frosty on a random daywhat is the probability that the weather will also be icy on the same day?, icy given frosty,AgB,80,3283854.445451,3283861.856961,7.411511
905,2,25,What is the probability that the weather will be  icy and frosty on a random day in England?, icy and frosty,AandB,80,3283862.062231,3283868.584875,6.522643
905,2,26,What is the probability that the weather will be  typical on a random day in England?, typical,B,90,3283868.695658,3283873.609023,4.913365
905,2,27,What is the probability that the weather will be  not normal on a random day in England?, not normal,notA,5,3283873.762351,3283881.400873,7.638522
905,2,28,If the weather in England is frosty on a random daywhat is the probability that the weather will also be not icy on the same day?, not icy given frosty,notAgB,10,3283881.579145,3283889.192627,7.613482
905,2,29,What is the probability that the weather will be  icy or not frosty on a random day in England?, icy or not frosty,AornotB,10,3283889.345918,3283902.160462,12.814544
905,2,30,If the weather in England is typical on a random daywhat is the probability that the weather will also be not normal on the same day?, not normal given typical,notAgB,2,3283902.312735,3283909.104551,6.791817
905,2,31,What is the probability that the weather will be  normal or typical on a random day in England?, normal or typical,AorB,99,3283909.262757,3283914.344287,5.081529
905,2,32,What is the probability that the weather will be  frosty or not icy on a random day in England?, frosty or not icy,notAorB,10,3283914.496218,3283927.776166,13.279948
905,2,33,What is the probability that the weather will be  normal or not typical on a random day in England?, normal or not typical,AornotB,80,3283927.913045,3283941.104007,13.190962
905,2,34,If the weather in England is icy on a random daywhat is the probability that the weather will also be not frosty on the same day?, not frosty given icy,notBgA,20,3283941.229889,3283952.951822,11.721933
905,2,35,If the weather in England is typical on a random daywhat is the probability that the weather will also be normal on the same day?, normal given typical,AgB,99,3283953.096710,3283962.447730,9.351021
905,2,36,What is the probability that the weather will be  normal and not typical on a random day in England?, normal and not typical,AandnotB,10,3283962.580166,3283982.863474,20.283308
905,2,37,If the weather in England is not normal on a random daywhat is the probability that the weather will also be typical on the same day?, typical given not normal,BgnotA,10,3283983.047071,3283996.855296,13.808225
905,2,38,What is the probability that the weather will be  not normal or not typical on a random day in England?, not normal or not typical,notAornotB,3,3283996.997223,3284010.143599,13.146376
905,2,39,What is the probability that the weather will be  icy on a random day in England?, icy,A,5,3284010.230716,3284014.887680,4.656964
905,2,40,What is the probability that the weather will be  frosty and not icy on a random day in England?, frosty and not icy,notAandB,5,3284015.014142,3284022.751080,7.736938
905,3,1,What is the probability that the weather will be  typical and not normal on a random day in England?, typical and not normal,notAandB,3,3284022.864237,3284035.230943,12.366706
905,3,2,If the weather in England is not frosty on a random daywhat is the probability that the weather will also be not icy on the same day?, not icy given not frosty,notAgnotB,90,3284035.314391,3284040.598762,5.284371
905,3,3,What is the probability that the weather will be  not icy and not frosty on a random day in England?, not icy and not frosty,notAandnotB,90,3284040.731139,3284045.774696,5.043557
905,3,4,What is the probability that the weather will be  normal or typical on a random day in England?, normal or typical,AorB,99,3284045.864532,3284049.782615,3.918084
905,3,5,If the weather in England is not normal on a random daywhat is the probability that the weather will also be not typical on the same day?, not typical given not normal,notBgnotA,99,3284049.897910,3284055.446576,5.548666
905,3,6,If the weather in England is frosty on a random daywhat is the probability that the weather will also be icy on the same day?, icy given frosty,AgB,90,3284055.581313,3284062.286107,6.704794
905,3,7,What is the probability that the weather will be  frosty and not icy on a random day in England?, frosty and not icy,notAandB,20,3284062.364709,3284094.510102,32.145392
905,3,8,What is the probability that the weather will be  icy or frosty on a random day in England?, icy or frosty,AorB,10,3284094.665122,3284101.797982,7.132860
905,3,9,What is the probability that the weather will be  not icy on a random day in England?, not icy,notA,90,3284101.965192,3284108.381980,6.416788
905,3,10,If the weather in England is normal on a random daywhat is the probability that the weather will also be typical on the same day?, typical given normal,BgA,99,3284108.465347,3284127.549706,19.084359
905,3,11,What is the probability that the weather will be  normal or not typical on a random day in England?, normal or not typical,AornotB,95,3284127.665544,3284137.925578,10.260034
905,3,12,If the weather in England is not icy on a random daywhat is the probability that the weather will also be frosty on the same day?, frosty given not icy,BgnotA,10,3284138.032340,3284146.517456,8.485116
905,3,13,If the weather in England is icy on a random daywhat is the probability that the weather will also be not frosty on the same day?, not frosty given icy,notBgA,10,3284146.615765,3284151.173405,4.557640
905,3,14,If the weather in England is typical on a random daywhat is the probability that the weather will also be normal on the same day?, normal given typical,AgB,99,3284151.349217,3284154.357337,3.008120
905,3,15,What is the probability that the weather will be  icy or not frosty on a random day in England?, icy or not frosty,AornotB,10,3284154.499213,3284160.045316,5.546103
905,3,16,What is the probability that the weather will be  not normal or not typical on a random day in England?, not normal or not typical,notAornotB,99,3284160.182598,3284163.573220,3.390622
905,3,17,If the weather in England is not typical on a random daywhat is the probability that the weather will also be normal on the same day?, normal given not typical,AgnotB,10,3284163.749315,3284170.981138,7.231824
905,3,18,If the weather in England is not frosty on a random daywhat is the probability that the weather will also be icy on the same day?, icy given not frosty,AgnotB,10,3284171.132726,3284174.477122,3.344396
905,3,19,If the weather in England is not typical on a random daywhat is the probability that the weather will also be not normal on the same day?, not normal given not typical,notAgnotB,1,3284174.682782,3284179.757247,5.074465
905,3,20,What is the probability that the weather will be  frosty on a random day in England?, frosty,B,5,3284179.899527,3284207.472091,27.572564
905,3,21,What is the probability that the weather will be  icy and not frosty on a random day in England?, icy and not frosty,AandnotB,5,3284207.566538,3284211.020357,3.453819
905,3,22,What is the probability that the weather will be  not icy or not frosty on a random day in England?, not icy or not frosty,notAornotB,5,3284211.316581,3284214.367551,3.050970
905,3,23,What is the probability that the weather will be  normal and not typical on a random day in England?, normal and not typical,AandnotB,5,3284214.583265,3284222.244479,7.661214
905,3,24,What is the probability that the weather will be  typical on a random day in England?, typical,B,99,3284222.333393,3284228.916926,6.583533
905,3,25,What is the probability that the weather will be  not normal and not typical on a random day in England?, not normal and not typical,notAandnotB,5,3284229.033488,3284232.388376,3.354887
905,3,26,If the weather in England is icy on a random daywhat is the probability that the weather will also be frosty on the same day?, frosty given icy,BgA,90,3284232.500177,3284240.732294,8.232117
905,3,27,If the weather in England is frosty on a random daywhat is the probability that the weather will also be not icy on the same day?, not icy given frosty,notAgB,10,3284240.816947,3284248.100187,7.283240
905,3,28,What is the probability that the weather will be  not typical on a random day in England?, not typical,notB,1,3284248.217041,3284254.940466,6.723425
905,3,29,What is the probability that the weather will be  not frosty on a random day in England?, not frosty,notB,90,3284255.033767,3284259.332072,4.298305
905,3,30,If the weather in England is not icy on a random daywhat is the probability that the weather will also be not frosty on the same day?, not frosty given not icy,notBgnotA,95,3284259.433843,3284266.495066,7.061223
905,3,31,What is the probability that the weather will be  icy and frosty on a random day in England?, icy and frosty,AandB,10,3284266.617269,3284271.691956,5.074687
905,3,32,If the weather in England is typical on a random daywhat is the probability that the weather will also be not normal on the same day?, not normal given typical,notAgB,5,3284271.817338,3284278.443793,6.626455
905,3,33,What is the probability that the weather will be  not normal on a random day in England?, not normal,notA,5,3284278.550750,3284290.539849,11.989100
905,3,34,What is the probability that the weather will be  normal and typical on a random day in England?, normal and typical,AandB,99,3284290.634247,3284294.083636,3.449389
905,3,35,What is the probability that the weather will be  normal on a random day in England?, normal,A,99,3284294.167624,3284298.843811,4.676187
905,3,36,What is the probability that the weather will be  typical or not normal on a random day in England?, typical or not normal,notAorB,10,3284298.934348,3284305.539563,6.605215
905,3,37,What is the probability that the weather will be  frosty or not icy on a random day in England?, frosty or not icy,notAorB,5,3284305.751091,3284315.094391,9.343299
905,3,38,If the weather in England is normal on a random daywhat is the probability that the weather will also be not typical on the same day?, not typical given normal,notBgA,1,3284315.184006,3284321.011260,5.827254
905,3,39,What is the probability that the weather will be  icy on a random day in England?, icy,A,5,3284321.101260,3284325.222631,4.121372
905,3,40,If the weather in England is not normal on a random daywhat is the probability that the weather will also be typical on the same day?, typical given not normal,BgnotA,99,3284325.318005,3284333.171169,7.853164
