ID,block,trial,query,querydetail,querytype,estimate,starttime,endtime,RT
112,1,1,What is the probability that the weather will be  frosty or not icy on a random day in England?, frosty or not icy,notAorB,20,2371278.720623,2371303.930191,25.209568
112,1,2,If the weather in England is not frosty on a random daywhat is the probability that the weather will also be not icy on the same day?, not icy given not frosty,notAgnotB,90,2371304.054086,2371323.867935,19.813849
112,1,3,What is the probability that the weather will be  not normal or not typical on a random day in England?, not normal or not typical,notAornotB,50,2371324.004174,2371334.221822,10.217648
112,1,4,What is the probability that the weather will be  icy and not frosty on a random day in England?, icy and not frosty,AandnotB,30,2371334.370937,2371343.557517,9.186580
112,1,5,What is the probability that the weather will be  normal on a random day in England?, normal,A,75,2371343.737612,2371354.725285,10.987673
112,1,6,What is the probability that the weather will be  typical or not normal on a random day in England?, typical or not normal,notAorB,60,2371354.820999,2371369.653043,14.832044
112,1,7,If the weather in England is not typical on a random daywhat is the probability that the weather will also be not normal on the same day?, not normal given not typical,notAgnotB,100,2371369.804379,2371378.916770,9.112391
112,1,8,What is the probability that the weather will be  icy or frosty on a random day in England?, icy or frosty,AorB,20,2371379.021113,2371386.796649,7.775536
112,1,9,What is the probability that the weather will be  normal or typical on a random day in England?, normal or typical,AorB,80,2371386.904480,2371393.084448,6.179967
112,1,10,What is the probability that the weather will be  not normal and not typical on a random day in England?, not normal and not typical,notAandnotB,40,2371393.204530,2371401.924290,8.719760
112,1,11,What is the probability that the weather will be  typical on a random day in England?, typical,B,50,2371402.054563,2371411.700315,9.645752
112,1,12,If the weather in England is not icy on a random daywhat is the probability that the weather will also be frosty on the same day?, frosty given not icy,BgnotA,10,2371411.821261,2371461.795155,49.973894
112,1,13,If the weather in England is not frosty on a random daywhat is the probability that the weather will also be icy on the same day?, icy given not frosty,AgnotB,20,2371461.888177,2371466.571063,4.682886
112,1,14,What is the probability that the weather will be  icy on a random day in England?, icy,A,10,2371466.671516,2371474.138936,7.467420
112,1,15,What is the probability that the weather will be  not frosty on a random day in England?, not frosty,notB,99,2371474.238245,2371478.114724,3.876479
112,1,16,What is the probability that the weather will be  normal and typical on a random day in England?, normal and typical,AandB,80,2371478.204936,2371482.506634,4.301698
112,1,17,If the weather in England is normal on a random daywhat is the probability that the weather will also be not typical on the same day?, not typical given normal,notBgA,60,2371482.604982,2371490.690536,8.085553
112,1,18,If the weather in England is icy on a random daywhat is the probability that the weather will also be not frosty on the same day?, not frosty given icy,notBgA,10,2371490.771653,2371496.946587,6.174934
112,1,19,If the weather in England is frosty on a random daywhat is the probability that the weather will also be not icy on the same day?, not icy given frosty,notAgB,10,2371497.038339,2371524.761804,27.723465
112,1,20,What is the probability that the weather will be  not normal on a random day in England?, not normal,notA,40,2371524.871806,2371534.177593,9.305787
112,1,21,What is the probability that the weather will be  not icy and not frosty on a random day in England?, not icy and not frosty,notAandnotB,90,2371534.271860,2371539.193505,4.921645
112,1,22,If the weather in England is typical on a random daywhat is the probability that the weather will also be not normal on the same day?, not normal given typical,notAgB,50,2371539.288548,2371546.441218,7.152671
112,1,23,What is the probability that the weather will be  icy and frosty on a random day in England?, icy and frosty,AandB,5,2371546.538562,2371552.373894,5.835332
112,1,24,What is the probability that the weather will be  frosty on a random day in England?, frosty,B,5,2371552.455289,2371554.521425,2.066136
112,1,25,If the weather in England is icy on a random daywhat is the probability that the weather will also be frosty on the same day?, frosty given icy,BgA,10,2371554.621958,2371559.153010,4.531052
112,1,26,What is the probability that the weather will be  normal or not typical on a random day in England?, normal or not typical,AornotB,89,2371559.271951,2371579.712778,20.440827
112,1,27,If the weather in England is normal on a random daywhat is the probability that the weather will also be typical on the same day?, typical given normal,BgA,10,2371579.822085,2371593.224255,13.402170
112,1,28,If the weather in England is not normal on a random daywhat is the probability that the weather will also be typical on the same day?, typical given not normal,BgnotA,70,2371593.305471,2371601.120208,7.814737
112,1,29,If the weather in England is typical on a random daywhat is the probability that the weather will also be normal on the same day?, normal given typical,AgB,100,2371601.222202,2371608.719897,7.497695
112,1,30,What is the probability that the weather will be  frosty and not icy on a random day in England?, frosty and not icy,notAandB,5,2371608.805540,2371613.784015,4.978475
112,1,31,If the weather in England is not normal on a random daywhat is the probability that the weather will also be not typical on the same day?, not typical given not normal,notBgnotA,100,2371613.888902,2371616.927781,3.038879
112,1,32,What is the probability that the weather will be  not icy on a random day in England?, not icy,notA,90,2371617.022256,2371622.807679,5.785422
112,1,33,What is the probability that the weather will be  normal and not typical on a random day in England?, normal and not typical,AandnotB,10,2371622.922286,2371627.999494,5.077208
112,1,34,What is the probability that the weather will be  icy or not frosty on a random day in England?, icy or not frosty,AornotB,20,2371628.105622,2371641.998998,13.893375
112,1,35,If the weather in England is not typical on a random daywhat is the probability that the weather will also be normal on the same day?, normal given not typical,AgnotB,30,2371642.072366,2371669.718696,27.646330
112,1,36,What is the probability that the weather will be  not icy or not frosty on a random day in England?, not icy or not frosty,notAornotB,99,2371669.872509,2371674.486533,4.614024
112,1,37,What is the probability that the weather will be  typical and not normal on a random day in England?, typical and not normal,notAandB,75,2371674.605868,2371678.694424,4.088555
112,1,38,If the weather in England is not icy on a random daywhat is the probability that the weather will also be not frosty on the same day?, not frosty given not icy,notBgnotA,100,2371678.855853,2371685.086320,6.230467
112,1,39,If the weather in England is frosty on a random daywhat is the probability that the weather will also be icy on the same day?, icy given frosty,AgB,100,2371685.222588,2371688.470250,3.247662
112,1,40,What is the probability that the weather will be  not typical on a random day in England?, not typical,notB,20,2371688.605905,2371713.269771,24.663866
112,2,1,What is the probability that the weather will be  not icy and not frosty on a random day in England?, not icy and not frosty,notAandnotB,100,2371713.389377,2371716.501642,3.112266
112,2,2,If the weather in England is normal on a random daywhat is the probability that the weather will also be not typical on the same day?, not typical given normal,notBgA,20,2371716.606070,2371724.589466,7.983396
112,2,3,If the weather in England is normal on a random daywhat is the probability that the weather will also be typical on the same day?, typical given normal,BgA,100,2371724.706109,2371728.941373,4.235264
112,2,4,If the weather in England is not typical on a random daywhat is the probability that the weather will also be not normal on the same day?, not normal given not typical,notAgnotB,100,2371729.089464,2371735.989247,6.899783
112,2,5,If the weather in England is not normal on a random daywhat is the probability that the weather will also be typical on the same day?, typical given not normal,BgnotA,0,2371736.089464,2371738.397444,2.307980
112,2,6,What is the probability that the weather will be  not frosty on a random day in England?, not frosty,notB,99,2371738.539506,2371744.893073,6.353567
112,2,7,What is the probability that the weather will be  normal and not typical on a random day in England?, normal and not typical,AandnotB,20,2371745.006196,2371749.052966,4.046770
112,2,8,What is the probability that the weather will be  not normal or not typical on a random day in England?, not normal or not typical,notAornotB,100,2371749.156221,2371753.108749,3.952528
112,2,9,What is the probability that the weather will be  normal or not typical on a random day in England?, normal or not typical,AornotB,0,2371753.222915,2371756.500844,3.277928
112,2,10,What is the probability that the weather will be  not normal and not typical on a random day in England?, not normal and not typical,notAandnotB,100,2371756.656240,2371759.868611,3.212371
112,2,11,What is the probability that the weather will be  normal or typical on a random day in England?, normal or typical,AorB,100,2371760.006250,2371762.588586,2.582336
112,2,12,If the weather in England is not frosty on a random daywhat is the probability that the weather will also be icy on the same day?, icy given not frosty,AgnotB,1,2371762.739632,2371793.252055,30.512423
112,2,13,What is the probability that the weather will be  typical or not normal on a random day in England?, typical or not normal,notAorB,1,2371793.389768,2371798.427958,5.038190
112,2,14,What is the probability that the weather will be  icy and frosty on a random day in England?, icy and frosty,AandB,20,2371798.539792,2371801.755730,3.215937
112,2,15,What is the probability that the weather will be  icy and not frosty on a random day in England?, icy and not frosty,AandnotB,1,2371801.856503,2371803.779798,1.923294
112,2,16,What is the probability that the weather will be  icy on a random day in England?, icy,A,20,2371803.889847,2371809.060093,5.170247
112,2,17,If the weather in England is icy on a random daywhat is the probability that the weather will also be frosty on the same day?, frosty given icy,BgA,100,2371809.156534,2371812.947500,3.790966
112,2,18,If the weather in England is not frosty on a random daywhat is the probability that the weather will also be not icy on the same day?, not icy given not frosty,notAgnotB,100,2371813.056530,2371815.315760,2.259230
112,2,19,What is the probability that the weather will be  not normal on a random day in England?, not normal,notA,50,2371815.423195,2371819.212751,3.789556
112,2,20,What is the probability that the weather will be  frosty on a random day in England?, frosty,B,20,2371819.339906,2371821.739575,2.399669
112,2,21,If the weather in England is frosty on a random daywhat is the probability that the weather will also be not icy on the same day?, not icy given frosty,notAgB,0,2371821.839906,2371827.531495,5.691589
112,2,22,If the weather in England is icy on a random daywhat is the probability that the weather will also be not frosty on the same day?, not frosty given icy,notBgA,0,2371827.639969,2371829.410818,1.770849
112,2,23,What is the probability that the weather will be  icy or not frosty on a random day in England?, icy or not frosty,AornotB,0,2371829.523316,2371832.811309,3.287993
112,2,24,If the weather in England is frosty on a random daywhat is the probability that the weather will also be icy on the same day?, icy given frosty,AgB,100,2371832.906627,2371838.386975,5.480347
112,2,25,What is the probability that the weather will be  normal on a random day in England?, normal,A,90,2371838.489976,2371843.714983,5.225007
112,2,26,What is the probability that the weather will be  not icy on a random day in England?, not icy,notA,90,2371843.806682,2371847.714797,3.908116
112,2,27,If the weather in England is not typical on a random daywhat is the probability that the weather will also be normal on the same day?, normal given not typical,AgnotB,20,2371847.823339,2371853.578654,5.755315
112,2,28,If the weather in England is not icy on a random daywhat is the probability that the weather will also be frosty on the same day?, frosty given not icy,BgnotA,0,2371853.690038,2371858.330794,4.640756
112,2,29,If the weather in England is typical on a random daywhat is the probability that the weather will also be normal on the same day?, normal given typical,AgB,100,2371858.440074,2371861.674453,3.234379
112,2,30,If the weather in England is typical on a random daywhat is the probability that the weather will also be not normal on the same day?, not normal given typical,notAgB,0,2371861.756767,2371864.354546,2.597779
112,2,31,What is the probability that the weather will be  icy or frosty on a random day in England?, icy or frosty,AorB,20,2371864.473449,2371868.410339,3.936890
112,2,32,If the weather in England is not normal on a random daywhat is the probability that the weather will also be not typical on the same day?, not typical given not normal,notBgnotA,100,2371868.506793,2371873.626235,5.119443
112,2,33,What is the probability that the weather will be  frosty and not icy on a random day in England?, frosty and not icy,notAandB,0,2371873.723490,2371883.930091,10.206602
112,2,34,What is the probability that the weather will be  frosty or not icy on a random day in England?, frosty or not icy,notAorB,0,2371884.040200,2371895.130287,11.090087
112,2,35,What is the probability that the weather will be  typical on a random day in England?, typical,B,50,2371895.240236,2371898.033978,2.793742
112,2,36,What is the probability that the weather will be  typical and not normal on a random day in England?, typical and not normal,notAandB,0,2371898.156940,2371900.297754,2.140814
112,2,37,What is the probability that the weather will be  not icy or not frosty on a random day in England?, not icy or not frosty,notAornotB,100,2371900.406944,2371902.753629,2.346685
112,2,38,What is the probability that the weather will be  normal and typical on a random day in England?, normal and typical,AandB,100,2371902.856946,2371907.537529,4.680583
112,2,39,What is the probability that the weather will be  not typical on a random day in England?, not typical,notB,50,2371907.623693,2371910.681478,3.057785
112,2,40,If the weather in England is not icy on a random daywhat is the probability that the weather will also be not frosty on the same day?, not frosty given not icy,notBgnotA,100,2371910.806972,2371914.129343,3.322371
112,3,1,If the weather in England is frosty on a random daywhat is the probability that the weather will also be not icy on the same day?, not icy given frosty,notAgB,0,2371914.257030,2371917.297530,3.040500
112,3,2,What is the probability that the weather will be  normal or typical on a random day in England?, normal or typical,AorB,50,2371917.407039,2371921.464791,4.057752
112,3,3,If the weather in England is icy on a random daywhat is the probability that the weather will also be frosty on the same day?, frosty given icy,BgA,100,2371921.590378,2371927.049094,5.458716
112,3,4,What is the probability that the weather will be  typical or not normal on a random day in England?, typical or not normal,notAorB,0,2371927.157090,2371930.921061,3.763971
112,3,5,What is the probability that the weather will be  typical and not normal on a random day in England?, typical and not normal,notAandB,0,2371931.040444,2371936.745193,5.704749
112,3,6,What is the probability that the weather will be  icy and frosty on a random day in England?, icy and frosty,AandB,10,2371936.840463,2371939.312817,2.472354
112,3,7,If the weather in England is not normal on a random daywhat is the probability that the weather will also be typical on the same day?, typical given not normal,BgnotA,0,2371939.407138,2371946.016846,6.609708
112,3,8,What is the probability that the weather will be  normal or not typical on a random day in England?, normal or not typical,AornotB,75,2371946.107153,2371951.176553,5.069400
112,3,9,What is the probability that the weather will be  icy or not frosty on a random day in England?, icy or not frosty,AornotB,10,2371951.323863,2371954.776496,3.452634
112,3,10,If the weather in England is not frosty on a random daywhat is the probability that the weather will also be not icy on the same day?, not icy given not frosty,notAgnotB,100,2371954.907211,2371957.648470,2.741259
112,3,11,What is the probability that the weather will be  normal on a random day in England?, normal,A,90,2371957.757232,2371960.944707,3.187475
112,3,12,What is the probability that the weather will be  not typical on a random day in England?, not typical,notB,50,2371961.073913,2371964.152289,3.078376
112,3,13,What is the probability that the weather will be  not frosty on a random day in England?, not frosty,notB,90,2371964.273899,2371967.376239,3.102340
112,3,14,What is the probability that the weather will be  not normal on a random day in England?, not normal,notA,50,2371967.490604,2371969.464180,1.973576
112,3,15,If the weather in England is frosty on a random daywhat is the probability that the weather will also be icy on the same day?, icy given frosty,AgB,100,2371969.573417,2371972.888124,3.314708
112,3,16,What is the probability that the weather will be  normal and typical on a random day in England?, normal and typical,AandB,90,2371972.990635,2371986.383828,13.393193
112,3,17,If the weather in England is normal on a random daywhat is the probability that the weather will also be typical on the same day?, typical given normal,BgA,100,2371986.506844,2371989.271779,2.764935
112,3,18,If the weather in England is not normal on a random daywhat is the probability that the weather will also be not typical on the same day?, not typical given not normal,notBgnotA,100,2371989.390736,2371991.855724,2.464988
112,3,19,If the weather in England is not icy on a random daywhat is the probability that the weather will also be not frosty on the same day?, not frosty given not icy,notBgnotA,100,2371991.957392,2371993.807717,1.850325
112,3,20,If the weather in England is normal on a random daywhat is the probability that the weather will also be not typical on the same day?, not typical given normal,notBgA,0,2371993.924083,2371996.823798,2.899715
112,3,21,If the weather in England is not frosty on a random daywhat is the probability that the weather will also be icy on the same day?, icy given not frosty,AgnotB,0,2371996.924094,2371998.407667,1.483573
112,3,22,What is the probability that the weather will be  frosty on a random day in England?, frosty,B,10,2371998.507408,2372001.423695,2.916286
112,3,23,What is the probability that the weather will be  typical on a random day in England?, typical,B,50,2372001.524111,2372003.751822,2.227711
112,3,24,What is the probability that the weather will be  icy or frosty on a random day in England?, icy or frosty,AorB,20,2372003.857455,2372007.791372,3.933917
112,3,25,What is the probability that the weather will be  not normal and not typical on a random day in England?, not normal and not typical,notAandnotB,50,2372007.890783,2372011.583314,3.692531
112,3,26,What is the probability that the weather will be  normal and not typical on a random day in England?, normal and not typical,AandnotB,50,2372011.707473,2372013.152211,1.444738
112,3,27,If the weather in England is not typical on a random daywhat is the probability that the weather will also be normal on the same day?, normal given not typical,AgnotB,0,2372013.274163,2372016.111408,2.837246
112,3,28,What is the probability that the weather will be  not icy on a random day in England?, not icy,notA,90,2372016.224169,2372022.607091,6.382922
112,3,29,If the weather in England is not icy on a random daywhat is the probability that the weather will also be frosty on the same day?, frosty given not icy,BgnotA,0,2372022.723676,2372025.887084,3.163408
112,3,30,What is the probability that the weather will be  not icy and not frosty on a random day in England?, not icy and not frosty,notAandnotB,80,2372026.007561,2372030.222923,4.215361
112,3,31,What is the probability that the weather will be  icy and not frosty on a random day in England?, icy and not frosty,AandnotB,80,2372030.324251,2372033.294940,2.970690
112,3,32,If the weather in England is typical on a random daywhat is the probability that the weather will also be normal on the same day?, normal given typical,AgB,100,2372033.407597,2372037.086779,3.679182
112,3,33,If the weather in England is icy on a random daywhat is the probability that the weather will also be not frosty on the same day?, not frosty given icy,notBgA,0,2372037.207617,2372039.054831,1.847214
112,3,34,What is the probability that the weather will be  frosty and not icy on a random day in England?, frosty and not icy,notAandB,10,2372039.174295,2372043.054690,3.880395
112,3,35,If the weather in England is typical on a random daywhat is the probability that the weather will also be not normal on the same day?, not normal given typical,notAgB,0,2372043.174305,2372045.830672,2.656368
112,3,36,What is the probability that the weather will be  not normal or not typical on a random day in England?, not normal or not typical,notAornotB,50,2372045.941006,2372051.110515,5.169509
112,3,37,What is the probability that the weather will be  icy on a random day in England?, icy,A,10,2372051.224368,2372054.830546,3.606178
112,3,38,What is the probability that the weather will be  not icy or not frosty on a random day in England?, not icy or not frosty,notAornotB,10,2372054.924357,2372057.870330,2.945973
112,3,39,If the weather in England is not typical on a random daywhat is the probability that the weather will also be not normal on the same day?, not normal given not typical,notAgnotB,100,2372057.974371,2372066.206138,8.231767
112,3,40,What is the probability that the weather will be  frosty or not icy on a random day in England?, frosty or not icy,notAorB,10,2372066.291122,2372068.982120,2.690998
