ID,block,trial,query,querydetail,querytype,estimate,starttime,endtime,RT
401,1,1,If the weather in England is normal on a random daywhat is the probability that the weather will also be typical on the same day?, typical given normal,BgA,70,1209509.935757,1209523.810932,13.875174
401,1,2,What is the probability that the weather will be  icy and frosty on a random day in England?, icy and frosty,AandB,30,1209524.002407,1209537.379928,13.377521
401,1,3,What is the probability that the weather will be  normal or typical on a random day in England?, normal or typical,AorB,70,1209537.552382,1209546.845991,9.293609
401,1,4,What is the probability that the weather will be  typical and not normal on a random day in England?, typical and not normal,notAandB,50,1209547.002034,1209561.117731,14.115697
401,1,5,What is the probability that the weather will be  typical or not normal on a random day in England?, typical or not normal,notAorB,50,1209561.302356,1209578.045432,16.743076
401,1,6,If the weather in England is icy on a random daywhat is the probability that the weather will also be not frosty on the same day?, not frosty given icy,notBgA,60,1209578.218976,1209599.277088,21.058111
401,1,7,What is the probability that the weather will be  not typical on a random day in England?, not typical,notB,30,1209599.468916,1209611.612963,12.144047
401,1,8,What is the probability that the weather will be  frosty on a random day in England?, frosty,B,30,1209611.785569,1209618.748878,6.963309
401,1,9,If the weather in England is frosty on a random daywhat is the probability that the weather will also be icy on the same day?, icy given frosty,AgB,35,1209618.935236,1209633.836537,14.901300
401,1,10,What is the probability that the weather will be  frosty or not icy on a random day in England?, frosty or not icy,notAorB,30,1209633.968569,1209651.428262,17.459693
401,1,11,What is the probability that the weather will be  not normal or not typical on a random day in England?, not normal or not typical,notAornotB,30,1209651.568561,1209658.516260,6.947699
401,1,12,What is the probability that the weather will be  icy on a random day in England?, icy,A,15,1209658.668530,1209666.916189,8.247659
401,1,13,What is the probability that the weather will be  not normal and not typical on a random day in England?, not normal and not typical,notAandnotB,30,1209667.051867,1209678.179945,11.128078
401,1,14,What is the probability that the weather will be  icy and not frosty on a random day in England?, icy and not frosty,AandnotB,20,1209678.335169,1209694.427651,16.092481
401,1,15,What is the probability that the weather will be  normal and not typical on a random day in England?, normal and not typical,AandnotB,30,1209694.601787,1209703.867472,9.265685
401,1,16,If the weather in England is not normal on a random daywhat is the probability that the weather will also be typical on the same day?, typical given not normal,BgnotA,40,1209704.018716,1209721.083286,17.064570
401,1,17,What is the probability that the weather will be  not icy and not frosty on a random day in England?, not icy and not frosty,notAandnotB,75,1209721.251779,1209734.235332,12.983553
401,1,18,If the weather in England is icy on a random daywhat is the probability that the weather will also be frosty on the same day?, frosty given icy,BgA,50,1209734.401709,1209742.626817,8.225108
401,1,19,What is the probability that the weather will be  icy or frosty on a random day in England?, icy or frosty,AorB,20,1209742.818416,1209750.410929,7.592513
401,1,20,What is the probability that the weather will be  not frosty on a random day in England?, not frosty,notB,70,1209750.618404,1209764.658495,14.040091
401,1,21,What is the probability that the weather will be  not normal on a random day in England?, not normal,notA,30,1209764.785057,1209772.834347,8.049290
401,1,22,What is the probability that the weather will be  not icy on a random day in England?, not icy,notA,75,1209773.001708,1209780.802199,7.800492
401,1,23,If the weather in England is typical on a random daywhat is the probability that the weather will also be normal on the same day?, normal given typical,AgB,80,1209780.985035,1209793.018150,12.033115
401,1,24,If the weather in England is not frosty on a random daywhat is the probability that the weather will also be not icy on the same day?, not icy given not frosty,notAgnotB,90,1209793.185014,1209806.258245,13.073231
401,1,25,What is the probability that the weather will be  icy or not frosty on a random day in England?, icy or not frosty,AornotB,10,1209806.401657,1209816.881794,10.480137
401,1,26,What is the probability that the weather will be  not icy or not frosty on a random day in England?, not icy or not frosty,notAornotB,80,1209817.051641,1209832.033483,14.981841
401,1,27,If the weather in England is not icy on a random daywhat is the probability that the weather will also be not frosty on the same day?, not frosty given not icy,notBgnotA,90,1209832.201609,1209846.553240,14.351631
401,1,28,If the weather in England is not typical on a random daywhat is the probability that the weather will also be not normal on the same day?, not normal given not typical,notAgnotB,85,1209846.718219,1209858.673122,11.954903
401,1,29,What is the probability that the weather will be  normal or not typical on a random day in England?, normal or not typical,AornotB,40,1209858.868230,1209870.056990,11.188760
401,1,30,If the weather in England is not normal on a random daywhat is the probability that the weather will also be not typical on the same day?, not typical given not normal,notBgnotA,80,1209870.235081,1209885.856713,15.621632
401,1,31,What is the probability that the weather will be  frosty and not icy on a random day in England?, frosty and not icy,notAandB,20,1209886.051789,1209898.104498,12.052709
401,1,32,If the weather in England is frosty on a random daywhat is the probability that the weather will also be not icy on the same day?, not icy given frosty,notAgB,50,1209898.285063,1209918.872177,20.587114
401,1,33,If the weather in England is typical on a random daywhat is the probability that the weather will also be not normal on the same day?, not normal given typical,notAgB,20,1209919.018110,1209957.023715,38.005605
401,1,34,If the weather in England is not frosty on a random daywhat is the probability that the weather will also be icy on the same day?, icy given not frosty,AgnotB,5,1209957.184718,1209979.780215,22.595497
401,1,35,If the weather in England is normal on a random daywhat is the probability that the weather will also be not typical on the same day?, not typical given normal,notBgA,20,1209979.951317,1209991.871127,11.919810
401,1,36,What is the probability that the weather will be  typical on a random day in England?, typical,B,65,1209992.034646,1210004.871258,12.836612
401,1,37,If the weather in England is not icy on a random daywhat is the probability that the weather will also be frosty on the same day?, frosty given not icy,BgnotA,15,1210005.017953,1210021.494585,16.476632
401,1,38,What is the probability that the weather will be  normal and typical on a random day in England?, normal and typical,AandB,65,1210021.601262,1210032.062407,10.461145
401,1,39,What is the probability that the weather will be  normal on a random day in England?, normal,A,65,1210032.234612,1210047.198235,14.963623
401,1,40,If the weather in England is not typical on a random daywhat is the probability that the weather will also be normal on the same day?, normal given not typical,AgnotB,30,1210047.351219,1210068.541862,21.190642
401,2,1,If the weather in England is not frosty on a random daywhat is the probability that the weather will also be icy on the same day?, icy given not frosty,AgnotB,5,1210068.718004,1210077.629948,8.911945
401,2,2,If the weather in England is icy on a random daywhat is the probability that the weather will also be not frosty on the same day?, not frosty given icy,notBgA,5,1210077.767800,1210100.413368,22.645568
401,2,3,If the weather in England is not typical on a random daywhat is the probability that the weather will also be not normal on the same day?, not normal given not typical,notAgnotB,60,1210100.567765,1210110.877254,10.309489
401,2,4,If the weather in England is normal on a random daywhat is the probability that the weather will also be typical on the same day?, typical given normal,BgA,50,1210111.017757,1210127.972950,16.955193
401,2,5,What is the probability that the weather will be  not normal and not typical on a random day in England?, not normal and not typical,notAandnotB,15,1210128.134386,1210138.500792,10.366406
401,2,6,What is the probability that the weather will be  not normal on a random day in England?, not normal,notA,15,1210138.651042,1210154.100603,15.449560
401,2,7,What is the probability that the weather will be  not icy on a random day in England?, not icy,notA,80,1210154.267675,1210161.444473,7.176797
401,2,8,What is the probability that the weather will be  not frosty on a random day in England?, not frosty,notB,75,1210161.600988,1210172.268177,10.667189
401,2,9,If the weather in England is icy on a random daywhat is the probability that the weather will also be frosty on the same day?, frosty given icy,BgA,80,1210172.450975,1210186.523938,14.072963
401,2,10,What is the probability that the weather will be  normal or not typical on a random day in England?, normal or not typical,AornotB,65,1210186.700952,1210205.619762,18.918810
401,2,11,What is the probability that the weather will be  frosty on a random day in England?, frosty,B,10,1210205.751166,1210211.555908,5.804742
401,2,12,If the weather in England is not normal on a random daywhat is the probability that the weather will also be not typical on the same day?, not typical given not normal,notBgnotA,60,1210211.684486,1210231.195271,19.510785
401,2,13,If the weather in England is not typical on a random daywhat is the probability that the weather will also be normal on the same day?, normal given not typical,AgnotB,40,1210231.334203,1210237.939337,6.605134
401,2,14,What is the probability that the weather will be  not icy or not frosty on a random day in England?, not icy or not frosty,notAornotB,90,1210238.067509,1210248.619190,10.551682
401,2,15,What is the probability that the weather will be  frosty or not icy on a random day in England?, frosty or not icy,notAorB,5,1210248.767507,1210262.538861,13.771353
401,2,16,If the weather in England is frosty on a random daywhat is the probability that the weather will also be not icy on the same day?, not icy given frosty,notAgB,80,1210262.700814,1210275.538581,12.837767
401,2,17,What is the probability that the weather will be  icy or frosty on a random day in England?, icy or frosty,AorB,10,1210275.717470,1210284.162431,8.444962
401,2,18,What is the probability that the weather will be  icy on a random day in England?, icy,A,5,1210284.334118,1210293.298605,8.964487
401,2,19,What is the probability that the weather will be  normal and not typical on a random day in England?, normal and not typical,AandnotB,70,1210293.434021,1210299.602230,6.168209
401,2,20,What is the probability that the weather will be  typical and not normal on a random day in England?, typical and not normal,notAandB,65,1210299.784376,1210305.602122,5.817746
401,2,21,What is the probability that the weather will be  not normal or not typical on a random day in England?, not normal or not typical,notAornotB,30,1210305.751006,1210311.706021,5.955015
401,2,22,If the weather in England is frosty on a random daywhat is the probability that the weather will also be icy on the same day?, icy given frosty,AgB,10,1210311.901022,1210328.529827,16.628805
401,2,23,What is the probability that the weather will be  typical on a random day in England?, typical,B,70,1210328.684005,1210333.338259,4.654254
401,2,24,What is the probability that the weather will be  normal on a random day in England?, normal,A,70,1210333.517637,1210336.865802,3.348165
401,2,25,What is the probability that the weather will be  not icy and not frosty on a random day in England?, not icy and not frosty,notAandnotB,90,1210337.050652,1210357.145337,20.094684
401,2,26,What is the probability that the weather will be  icy and frosty on a random day in England?, icy and frosty,AandB,10,1210357.283976,1210362.689219,5.405243
401,2,27,If the weather in England is typical on a random daywhat is the probability that the weather will also be normal on the same day?, normal given typical,AgB,80,1210362.850619,1210374.993086,12.142467
401,2,28,What is the probability that the weather will be  typical or not normal on a random day in England?, typical or not normal,notAorB,30,1210375.217284,1210389.336856,14.119572
401,2,29,If the weather in England is normal on a random daywhat is the probability that the weather will also be not typical on the same day?, not typical given normal,notBgA,20,1210389.483930,1210405.392584,15.908654
401,2,30,What is the probability that the weather will be  icy and not frosty on a random day in England?, icy and not frosty,AandnotB,3,1210405.533906,1210416.008614,10.474707
401,2,31,If the weather in England is not frosty on a random daywhat is the probability that the weather will also be not icy on the same day?, not icy given not frosty,notAgnotB,95,1210416.167489,1210429.800221,13.632732
401,2,32,If the weather in England is typical on a random daywhat is the probability that the weather will also be not normal on the same day?, not normal given typical,notAgB,20,1210429.950789,1210457.783837,27.833048
401,2,33,What is the probability that the weather will be  normal and typical on a random day in England?, normal and typical,AandB,70,1210457.967137,1210465.343654,7.376517
401,2,34,What is the probability that the weather will be  normal or typical on a random day in England?, normal or typical,AorB,80,1210465.484082,1210477.247508,11.763427
401,2,35,If the weather in England is not icy on a random daywhat is the probability that the weather will also be frosty on the same day?, frosty given not icy,BgnotA,5,1210477.367117,1210489.775498,12.408381
401,2,36,What is the probability that the weather will be  frosty and not icy on a random day in England?, frosty and not icy,notAandB,30,1210489.917088,1210503.199059,13.281971
401,2,37,If the weather in England is not icy on a random daywhat is the probability that the weather will also be not frosty on the same day?, not frosty given not icy,notBgnotA,70,1210503.333640,1210514.006938,10.673298
401,2,38,If the weather in England is not normal on a random daywhat is the probability that the weather will also be typical on the same day?, typical given not normal,BgnotA,30,1210514.133713,1210523.751652,9.617939
401,2,39,What is the probability that the weather will be  icy or not frosty on a random day in England?, icy or not frosty,AornotB,3,1210523.883685,1210536.166690,12.283005
401,2,40,What is the probability that the weather will be  not typical on a random day in England?, not typical,notB,60,1210536.317019,1210549.054400,12.737381
401,3,1,What is the probability that the weather will be  normal or not typical on a random day in England?, normal or not typical,AornotB,75,1210549.233904,1210557.294230,8.060325
401,3,2,If the weather in England is not normal on a random daywhat is the probability that the weather will also be not typical on the same day?, not typical given not normal,notBgnotA,70,1210557.500351,1210569.678053,12.177701
401,3,3,What is the probability that the weather will be  not icy or not frosty on a random day in England?, not icy or not frosty,notAornotB,90,1210569.866989,1210578.509950,8.642962
401,3,4,What is the probability that the weather will be  not frosty on a random day in England?, not frosty,notB,90,1210578.650297,1210587.821792,9.171495
401,3,5,What is the probability that the weather will be  frosty or not icy on a random day in England?, frosty or not icy,notAorB,10,1210588.033652,1210597.589644,9.555992
401,3,6,If the weather in England is not normal on a random daywhat is the probability that the weather will also be typical on the same day?, typical given not normal,BgnotA,35,1210597.766945,1210621.213279,23.446333
401,3,7,What is the probability that the weather will be  typical on a random day in England?, typical,B,75,1210621.366888,1210627.909421,6.542534
401,3,8,What is the probability that the weather will be  normal and not typical on a random day in England?, normal and not typical,AandnotB,75,1210628.066890,1210637.772997,9.706107
401,3,9,What is the probability that the weather will be  not typical on a random day in England?, not typical,notB,50,1210637.933556,1210647.556848,9.623292
401,3,10,What is the probability that the weather will be  normal and typical on a random day in England?, normal and typical,AandB,70,1210647.750194,1210657.796716,10.046521
401,3,11,If the weather in England is typical on a random daywhat is the probability that the weather will also be not normal on the same day?, not normal given typical,notAgB,30,1210657.916826,1210666.972582,9.055756
401,3,12,What is the probability that the weather will be  not normal on a random day in England?, not normal,notA,25,1210667.116822,1210674.212650,7.095829
401,3,13,If the weather in England is not icy on a random daywhat is the probability that the weather will also be not frosty on the same day?, not frosty given not icy,notBgnotA,90,1210674.383454,1210685.092513,10.709060
401,3,14,What is the probability that the weather will be  icy on a random day in England?, icy,A,5,1210685.233442,1210690.956966,5.723524
401,3,15,What is the probability that the weather will be  frosty on a random day in England?, frosty,B,10,1210691.100105,1210695.540406,4.440301
401,3,16,What is the probability that the weather will be  typical or not normal on a random day in England?, typical or not normal,notAorB,60,1210695.700100,1210702.580019,6.879919
401,3,17,If the weather in England is not typical on a random daywhat is the probability that the weather will also be normal on the same day?, normal given not typical,AgnotB,40,1210702.750077,1210714.363860,11.613782
401,3,18,What is the probability that the weather will be  icy or not frosty on a random day in England?, icy or not frosty,AornotB,10,1210714.499971,1210734.027570,19.527599
401,3,19,If the weather in England is frosty on a random daywhat is the probability that the weather will also be not icy on the same day?, not icy given frosty,notAgB,70,1210734.133357,1210746.507367,12.374009
401,3,20,What is the probability that the weather will be  not normal or not typical on a random day in England?, not normal or not typical,notAornotB,20,1210746.666685,1210752.219314,5.552629
401,3,21,If the weather in England is not frosty on a random daywhat is the probability that the weather will also be not icy on the same day?, not icy given not frosty,notAgnotB,95,1210752.350001,1210765.595058,13.245057
401,3,22,If the weather in England is frosty on a random daywhat is the probability that the weather will also be icy on the same day?, icy given frosty,AgB,40,1210765.733214,1210775.858908,10.125694
401,3,23,What is the probability that the weather will be  icy and frosty on a random day in England?, icy and frosty,AandB,3,1210775.999923,1210784.274976,8.275054
401,3,24,If the weather in England is icy on a random daywhat is the probability that the weather will also be not frosty on the same day?, not frosty given icy,notBgA,3,1210784.416877,1210794.122955,9.706079
401,3,25,If the weather in England is not icy on a random daywhat is the probability that the weather will also be frosty on the same day?, frosty given not icy,BgnotA,95,1210794.283225,1210811.210339,16.927114
401,3,26,What is the probability that the weather will be  typical and not normal on a random day in England?, typical and not normal,notAandB,40,1210811.349869,1210821.490201,10.140333
401,3,27,What is the probability that the weather will be  normal or typical on a random day in England?, normal or typical,AorB,75,1210821.650092,1210827.874092,6.224000
401,3,28,What is the probability that the weather will be  icy and not frosty on a random day in England?, icy and not frosty,AandnotB,3,1210828.016509,1210835.866131,7.849622
401,3,29,If the weather in England is normal on a random daywhat is the probability that the weather will also be typical on the same day?, typical given normal,BgA,75,1210836.000070,1210842.449909,6.449839
401,3,30,What is the probability that the weather will be  icy or frosty on a random day in England?, icy or frosty,AorB,5,1210842.616775,1210848.946223,6.329448
401,3,31,What is the probability that the weather will be  frosty and not icy on a random day in England?, frosty and not icy,notAandB,5,1210849.133130,1210857.185886,8.052756
401,3,32,What is the probability that the weather will be  not icy and not frosty on a random day in England?, not icy and not frosty,notAandnotB,90,1210857.349824,1210863.617573,6.267750
401,3,33,If the weather in England is not frosty on a random daywhat is the probability that the weather will also be icy on the same day?, icy given not frosty,AgnotB,3,1210863.749784,1210872.217528,8.467744
401,3,34,What is the probability that the weather will be  normal on a random day in England?, normal,A,75,1210872.333358,1210879.185796,6.852439
401,3,35,If the weather in England is icy on a random daywhat is the probability that the weather will also be frosty on the same day?, frosty given icy,BgA,80,1210879.333082,1210886.513209,7.180127
401,3,36,What is the probability that the weather will be  not icy on a random day in England?, not icy,notA,95,1210886.649772,1210893.905099,7.255327
401,3,37,If the weather in England is normal on a random daywhat is the probability that the weather will also be not typical on the same day?, not typical given normal,notBgA,45,1210894.049723,1210909.072826,15.023103
401,3,38,If the weather in England is typical on a random daywhat is the probability that the weather will also be normal on the same day?, normal given typical,AgB,65,1210909.166634,1210922.456640,13.290007
401,3,39,If the weather in England is not typical on a random daywhat is the probability that the weather will also be not normal on the same day?, not normal given not typical,notAgnotB,30,1210922.582993,1210933.840524,11.257531
401,3,40,What is the probability that the weather will be  not normal and not typical on a random day in England?, not normal and not typical,notAandnotB,30,1210933.966321,1210944.040320,10.073999
