ID,block,trial,query,querydetail,querytype,estimate,starttime,endtime,RT
906,1,1,What is the probability that the weather will be  icy or not frosty on a random day in England?, icy or not frosty,AornotB,100,3284833.092517,3284879.588402,46.495885
906,1,2,What is the probability that the weather will be  frosty on a random day in England?, frosty,B,10,3284879.675817,3284899.147892,19.472076
906,1,3,What is the probability that the weather will be  not icy or not frosty on a random day in England?, not icy or not frosty,notAornotB,90,3284899.259135,3284912.637562,13.378426
906,1,4,What is the probability that the weather will be  not normal on a random day in England?, not normal,notA,5,3284912.775823,3284967.352931,54.577109
906,1,5,What is the probability that the weather will be  not icy and not frosty on a random day in England?, not icy and not frosty,notAandnotB,90,3284967.509073,3284973.547998,6.038925
906,1,6,What is the probability that the weather will be  not typical on a random day in England?, not typical,notB,5,3284973.675725,3284978.812018,5.136293
906,1,7,If the weather in England is typical on a random daywhat is the probability that the weather will also be not normal on the same day?, not normal given typical,notAgB,5,3284978.992385,3285006.258717,27.266332
906,1,8,What is the probability that the weather will be  typical on a random day in England?, typical,B,95,3285006.375738,3285012.555097,6.179359
906,1,9,What is the probability that the weather will be  not normal or not typical on a random day in England?, not normal or not typical,notAornotB,5,3285012.659033,3285017.058915,4.399882
906,1,10,What is the probability that the weather will be  icy and not frosty on a random day in England?, icy and not frosty,AandnotB,0,3285017.175688,3285021.290767,4.115079
906,1,11,If the weather in England is icy on a random daywhat is the probability that the weather will also be not frosty on the same day?, not frosty given icy,notBgA,30,3285021.392397,3285043.490292,22.097895
906,1,12,If the weather in England is not normal on a random daywhat is the probability that the weather will also be not typical on the same day?, not typical given not normal,notBgnotA,100,3285043.609006,3285051.418043,7.809037
906,1,13,What is the probability that the weather will be  normal and typical on a random day in England?, normal and typical,AandB,5,3285051.558979,3285057.449909,5.890929
906,1,14,If the weather in England is not icy on a random daywhat is the probability that the weather will also be frosty on the same day?, frosty given not icy,BgnotA,10,3285057.558967,3285097.272930,39.713963
906,1,15,If the weather in England is not frosty on a random daywhat is the probability that the weather will also be icy on the same day?, icy given not frosty,AgnotB,10,3285097.425607,3285109.448692,12.023085
906,1,16,If the weather in England is not frosty on a random daywhat is the probability that the weather will also be not icy on the same day?, not icy given not frosty,notAgnotB,90,3285109.575579,3285114.512613,4.937034
906,1,17,If the weather in England is not normal on a random daywhat is the probability that the weather will also be typical on the same day?, typical given not normal,BgnotA,30,3285114.625606,3285122.488454,7.862848
906,1,18,What is the probability that the weather will be  typical or not normal on a random day in England?, typical or not normal,notAorB,100,3285122.608928,3285129.008252,6.399323
906,1,19,What is the probability that the weather will be  normal or typical on a random day in England?, normal or typical,AorB,95,3285129.158924,3285133.888224,4.729300
906,1,20,What is the probability that the weather will be  not frosty on a random day in England?, not frosty,notB,90,3285134.008921,3285142.839914,8.830993
906,1,21,What is the probability that the weather will be  normal on a random day in England?, normal,A,95,3285142.958890,3285146.192067,3.233177
906,1,22,What is the probability that the weather will be  normal or not typical on a random day in England?, normal or not typical,AornotB,100,3285146.308905,3285151.495789,5.186883
906,1,23,What is the probability that the weather will be  icy on a random day in England?, icy,A,10,3285151.658899,3285156.655799,4.996900
906,1,24,What is the probability that the weather will be  frosty or not icy on a random day in England?, frosty or not icy,notAorB,100,3285156.792200,3285162.423560,5.631360
906,1,25,What is the probability that the weather will be  normal and not typical on a random day in England?, normal and not typical,AandnotB,100,3285162.525559,3285167.871415,5.345857
906,1,26,If the weather in England is not typical on a random daywhat is the probability that the weather will also be normal on the same day?, normal given not typical,AgnotB,50,3285168.025538,3285184.326933,16.301395
906,1,27,If the weather in England is frosty on a random daywhat is the probability that the weather will also be icy on the same day?, icy given frosty,AgB,100,3285184.458861,3285191.983047,7.524186
906,1,28,What is the probability that the weather will be  icy or frosty on a random day in England?, icy or frosty,AorB,10,3285192.125512,3285197.286596,5.161083
906,1,29,If the weather in England is normal on a random daywhat is the probability that the weather will also be typical on the same day?, typical given normal,BgA,100,3285197.425537,3285208.110370,10.684833
906,1,30,What is the probability that the weather will be  not normal and not typical on a random day in England?, not normal and not typical,notAandnotB,5,3285208.258849,3285214.734446,6.475597
906,1,31,What is the probability that the weather will be  typical and not normal on a random day in England?, typical and not normal,notAandB,100,3285214.858855,3285218.662084,3.803230
906,1,32,What is the probability that the weather will be  not icy on a random day in England?, not icy,notA,90,3285218.825493,3285225.021987,6.196494
906,1,33,What is the probability that the weather will be  frosty and not icy on a random day in England?, frosty and not icy,notAandB,100,3285225.125507,3285228.429808,3.304301
906,1,34,If the weather in England is frosty on a random daywhat is the probability that the weather will also be not icy on the same day?, not icy given frosty,notAgB,30,3285228.558811,3285235.877673,7.318862
906,1,35,If the weather in England is typical on a random daywhat is the probability that the weather will also be normal on the same day?, normal given typical,AgB,90,3285235.992161,3285244.613840,8.621679
906,1,36,If the weather in England is not typical on a random daywhat is the probability that the weather will also be not normal on the same day?, not normal given not typical,notAgnotB,95,3285244.692127,3285260.493259,15.801131
906,1,37,If the weather in England is normal on a random daywhat is the probability that the weather will also be not typical on the same day?, not typical given normal,notBgA,50,3285260.608812,3285274.524737,13.915925
906,1,38,If the weather in England is icy on a random daywhat is the probability that the weather will also be frosty on the same day?, frosty given icy,BgA,90,3285274.658792,3285280.908268,6.249476
906,1,39,If the weather in England is not icy on a random daywhat is the probability that the weather will also be not frosty on the same day?, not frosty given not icy,notBgnotA,90,3285281.008789,3285284.996446,3.987658
906,1,40,What is the probability that the weather will be  icy and frosty on a random day in England?, icy and frosty,AandB,100,3285285.092101,3285291.532244,6.440143
906,2,1,What is the probability that the weather will be  frosty or not icy on a random day in England?, frosty or not icy,notAorB,100,3285291.742120,3285296.172162,4.430042
906,2,2,What is the probability that the weather will be  normal or typical on a random day in England?, normal or typical,AorB,95,3285296.375447,3285300.652067,4.276620
906,2,3,What is the probability that the weather will be  icy and frosty on a random day in England?, icy and frosty,AandB,10,3285300.775423,3285308.019857,7.244434
906,2,4,What is the probability that the weather will be  normal or not typical on a random day in England?, normal or not typical,AornotB,100,3285308.125435,3285318.059662,9.934227
906,2,5,What is the probability that the weather will be  not icy and not frosty on a random day in England?, not icy and not frosty,notAandnotB,10,3285318.258732,3285322.323388,4.064656
906,2,6,What is the probability that the weather will be  not icy on a random day in England?, not icy,notA,90,3285322.442066,3285326.787280,4.345214
906,2,7,If the weather in England is not frosty on a random daywhat is the probability that the weather will also be icy on the same day?, icy given not frosty,AgnotB,50,3285326.908753,3285332.627170,5.718417
906,2,8,What is the probability that the weather will be  frosty on a random day in England?, frosty,B,10,3285332.792077,3285336.339539,3.547463
906,2,9,What is the probability that the weather will be  icy or not frosty on a random day in England?, icy or not frosty,AornotB,100,3285336.508739,3285339.756453,3.247714
906,2,10,If the weather in England is not icy on a random daywhat is the probability that the weather will also be frosty on the same day?, frosty given not icy,BgnotA,10,3285339.925405,3285362.834524,22.909120
906,2,11,What is the probability that the weather will be  icy and not frosty on a random day in England?, icy and not frosty,AandnotB,10,3285363.042042,3285369.475222,6.433180
906,2,12,What is the probability that the weather will be  not frosty on a random day in England?, not frosty,notB,90,3285369.642045,3285373.850171,4.208127
906,2,13,What is the probability that the weather will be  typical and not normal on a random day in England?, typical and not normal,notAandB,25,3285373.942030,3285390.081773,16.139743
906,2,14,What is the probability that the weather will be  normal and not typical on a random day in England?, normal and not typical,AandnotB,25,3285390.242029,3285393.641667,3.399638
906,2,15,If the weather in England is typical on a random daywhat is the probability that the weather will also be normal on the same day?, normal given typical,AgB,100,3285393.792001,3285438.376631,44.584630
906,2,16,What is the probability that the weather will be  icy on a random day in England?, icy,A,10,3285438.491977,3285447.136462,8.644485
906,2,17,What is the probability that the weather will be  normal on a random day in England?, normal,A,95,3285447.291986,3285453.696571,6.404584
906,2,18,What is the probability that the weather will be  typical on a random day in England?, typical,B,95,3285453.858618,3285457.176250,3.317632
906,2,19,If the weather in England is normal on a random daywhat is the probability that the weather will also be typical on the same day?, typical given normal,BgA,100,3285457.308677,3285465.871934,8.563257
906,2,20,If the weather in England is frosty on a random daywhat is the probability that the weather will also be not icy on the same day?, not icy given frosty,notAgB,50,3285465.991934,3285471.815945,5.824011
906,2,21,What is the probability that the weather will be  not normal or not typical on a random day in England?, not normal or not typical,notAornotB,5,3285471.908615,3285476.416022,4.507407
906,2,22,If the weather in England is icy on a random daywhat is the probability that the weather will also be frosty on the same day?, frosty given icy,BgA,100,3285476.591956,3285494.671261,18.079305
906,2,23,If the weather in England is not typical on a random daywhat is the probability that the weather will also be normal on the same day?, normal given not typical,AgnotB,30,3285494.825265,3285502.391274,7.566009
906,2,24,What is the probability that the weather will be  typical or not normal on a random day in England?, typical or not normal,notAorB,100,3285502.558594,3285508.670915,6.112320
906,2,25,If the weather in England is not normal on a random daywhat is the probability that the weather will also be not typical on the same day?, not typical given not normal,notBgnotA,100,3285508.858595,3285528.158453,19.299858
906,2,26,If the weather in England is not normal on a random daywhat is the probability that the weather will also be typical on the same day?, typical given not normal,BgnotA,50,3285528.341891,3285534.174282,5.832391
906,2,27,If the weather in England is typical on a random daywhat is the probability that the weather will also be not normal on the same day?, not normal given typical,notAgB,50,3285534.341901,3285542.894126,8.552224
906,2,28,What is the probability that the weather will be  icy or frosty on a random day in England?, icy or frosty,AorB,10,3285543.058566,3285547.053982,3.995416
906,2,29,If the weather in England is not frosty on a random daywhat is the probability that the weather will also be not icy on the same day?, not icy given not frosty,notAgnotB,100,3285547.258562,3285555.405793,8.147231
906,2,30,If the weather in England is not typical on a random daywhat is the probability that the weather will also be not normal on the same day?, not normal given not typical,notAgnotB,100,3285555.591886,3285565.693580,10.101694
906,2,31,What is the probability that the weather will be  not normal and not typical on a random day in England?, not normal and not typical,notAandnotB,100,3285565.875197,3285572.725357,6.850161
906,2,32,If the weather in England is icy on a random daywhat is the probability that the weather will also be not frosty on the same day?, not frosty given icy,notBgA,100,3285572.908530,3285586.629053,13.720523
906,2,33,What is the probability that the weather will be  not typical on a random day in England?, not typical,notB,5,3285586.825198,3285591.493166,4.667968
906,2,34,If the weather in England is normal on a random daywhat is the probability that the weather will also be not typical on the same day?, not typical given normal,notBgA,50,3285591.675165,3285596.500810,4.825645
906,2,35,What is the probability that the weather will be  frosty and not icy on a random day in England?, frosty and not icy,notAandB,100,3285596.675186,3285605.852609,9.177423
906,2,36,If the weather in England is not icy on a random daywhat is the probability that the weather will also be not frosty on the same day?, not frosty given not icy,notBgnotA,100,3285606.041806,3285623.820149,17.778342
906,2,37,What is the probability that the weather will be  not icy or not frosty on a random day in England?, not icy or not frosty,notAornotB,100,3285623.975128,3285629.972034,5.996906
906,2,38,What is the probability that the weather will be  not normal on a random day in England?, not normal,notA,5,3285630.158486,3285637.892115,7.733629
906,2,39,What is the probability that the weather will be  normal and typical on a random day in England?, normal and typical,AandB,95,3285638.091817,3285643.395687,5.303869
906,2,40,If the weather in England is frosty on a random daywhat is the probability that the weather will also be icy on the same day?, icy given frosty,AgB,100,3285643.541815,3285655.651392,12.109577
906,3,1,What is the probability that the weather will be  typical and not normal on a random day in England?, typical and not normal,notAandB,35,3285655.858465,3285663.443200,7.584735
906,3,2,If the weather in England is not frosty on a random daywhat is the probability that the weather will also be not icy on the same day?, not icy given not frosty,notAgnotB,35,3285663.641790,3285682.674746,19.032956
906,3,3,What is the probability that the weather will be  icy or frosty on a random day in England?, icy or frosty,AorB,90,3285682.925104,3285687.531365,4.606261
906,3,4,If the weather in England is typical on a random daywhat is the probability that the weather will also be normal on the same day?, normal given typical,AgB,100,3285687.658444,3285703.450240,15.791796
906,3,5,What is the probability that the weather will be  not normal or not typical on a random day in England?, not normal or not typical,notAornotB,95,3285703.558424,3285709.138078,5.579653
906,3,6,What is the probability that the weather will be  icy and not frosty on a random day in England?, icy and not frosty,AandnotB,30,3285709.258422,3285719.633833,10.375411
906,3,7,If the weather in England is not frosty on a random daywhat is the probability that the weather will also be icy on the same day?, icy given not frosty,AgnotB,0,3285719.758406,3285727.961850,8.203443
906,3,8,If the weather in England is not typical on a random daywhat is the probability that the weather will also be not normal on the same day?, not normal given not typical,notAgnotB,100,3285728.074537,3285739.281010,11.206472
906,3,9,If the weather in England is icy on a random daywhat is the probability that the weather will also be frosty on the same day?, frosty given icy,BgA,100,3285739.441731,3285743.273336,3.831605
906,3,10,What is the probability that the weather will be  frosty or not icy on a random day in England?, frosty or not icy,notAorB,10,3285743.425036,3285748.729223,5.304187
906,3,11,What is the probability that the weather will be  not frosty on a random day in England?, not frosty,notB,90,3285748.875029,3285753.147589,4.272560
906,3,12,What is the probability that the weather will be  icy on a random day in England?, icy,A,10,3285753.258367,3285759.464814,6.206447
906,3,13,What is the probability that the weather will be  normal or not typical on a random day in England?, normal or not typical,AornotB,5,3285759.575045,3285765.568991,5.993946
906,3,14,If the weather in England is not icy on a random daywhat is the probability that the weather will also be not frosty on the same day?, not frosty given not icy,notBgnotA,100,3285765.725022,3285773.520554,7.795531
906,3,15,If the weather in England is normal on a random daywhat is the probability that the weather will also be typical on the same day?, typical given normal,BgA,100,3285773.708370,3285783.800278,10.091909
906,3,16,If the weather in England is not typical on a random daywhat is the probability that the weather will also be normal on the same day?, normal given not typical,AgnotB,0,3285784.008362,3285801.184338,17.175976
906,3,17,If the weather in England is normal on a random daywhat is the probability that the weather will also be not typical on the same day?, not typical given normal,notBgA,0,3285801.408329,3285812.039801,10.631472
906,3,18,If the weather in England is not normal on a random daywhat is the probability that the weather will also be not typical on the same day?, not typical given not normal,notBgnotA,0,3285812.191665,3285814.543715,2.352050
906,3,19,What is the probability that the weather will be  not icy on a random day in England?, not icy,notA,10,3285814.724997,3285820.023411,5.298414
906,3,20,What is the probability that the weather will be  frosty on a random day in England?, frosty,B,10,3285820.174994,3285827.919457,7.744463
906,3,21,What is the probability that the weather will be  typical on a random day in England?, typical,B,95,3285828.091645,3285834.222776,6.131131
906,3,22,What is the probability that the weather will be  not typical on a random day in England?, not typical,notB,5,3285834.341639,3285850.663169,16.321530
906,3,23,What is the probability that the weather will be  normal and typical on a random day in England?, normal and typical,AandB,95,3285850.758304,3285863.566393,12.808089
906,3,24,What is the probability that the weather will be  typical or not normal on a random day in England?, typical or not normal,notAorB,100,3285863.691619,3285865.942339,2.250721
906,3,25,What is the probability that the weather will be  not normal and not typical on a random day in England?, not normal and not typical,notAandnotB,95,3285866.058284,3285874.710101,8.651817
906,3,26,If the weather in England is frosty on a random daywhat is the probability that the weather will also be icy on the same day?, icy given frosty,AgB,100,3285874.824949,3285878.614039,3.789091
906,3,27,If the weather in England is typical on a random daywhat is the probability that the weather will also be not normal on the same day?, not normal given typical,notAgB,50,3285878.758278,3285885.477857,6.719579
906,3,28,What is the probability that the weather will be  normal on a random day in England?, normal,A,95,3285885.658270,3285893.022520,7.364249
906,3,29,What is the probability that the weather will be  icy or not frosty on a random day in England?, icy or not frosty,AornotB,10,3285893.208266,3285908.133333,14.925067
906,3,30,What is the probability that the weather will be  not icy or not frosty on a random day in England?, not icy or not frosty,notAornotB,90,3285908.258248,3285916.877174,8.618926
906,3,31,What is the probability that the weather will be  normal or typical on a random day in England?, normal or typical,AorB,95,3285917.041581,3285922.764959,5.723378
906,3,32,If the weather in England is icy on a random daywhat is the probability that the weather will also be not frosty on the same day?, not frosty given icy,notBgA,50,3285922.941575,3285928.676823,5.735248
906,3,33,What is the probability that the weather will be  not icy and not frosty on a random day in England?, not icy and not frosty,notAandnotB,90,3285928.791570,3285932.108728,3.317158
906,3,34,What is the probability that the weather will be  not normal on a random day in England?, not normal,notA,95,3285932.208225,3285938.244604,6.036379
906,3,35,If the weather in England is not normal on a random daywhat is the probability that the weather will also be typical on the same day?, typical given not normal,BgnotA,50,3285938.341562,3285949.860321,11.518758
906,3,36,If the weather in England is not icy on a random daywhat is the probability that the weather will also be frosty on the same day?, frosty given not icy,BgnotA,5,3285949.991544,3285957.220233,7.228689
906,3,37,If the weather in England is frosty on a random daywhat is the probability that the weather will also be not icy on the same day?, not icy given frosty,notAgB,30,3285957.408214,3285965.787919,8.379705
906,3,38,What is the probability that the weather will be  frosty and not icy on a random day in England?, frosty and not icy,notAandB,100,3285965.924865,3285970.603809,4.678944
906,3,39,What is the probability that the weather will be  normal and not typical on a random day in England?, normal and not typical,AandnotB,100,3285970.791529,3285974.163743,3.372214
906,3,40,What is the probability that the weather will be  icy and frosty on a random day in England?, icy and frosty,AandB,10,3285974.341534,3285979.035604,4.694070
