ID,block,trial,query,querydetail,querytype,estimate,starttime,endtime,RT
302,1,1,If the weather in England is typical on a random daywhat is the probability that the weather will also be not normal on the same day?, not normal given typical,notAgB,50,98080.888769,98093.641462,12.752694
302,1,2,What is the probability that the weather will be  not normal and not typical on a random day in England?, not normal and not typical,notAandnotB,20,98093.772136,98106.737166,12.965030
302,1,3,What is the probability that the weather will be  normal and typical on a random day in England?, normal and typical,AandB,75,98106.888821,98115.667178,8.778356
302,1,4,If the weather in England is frosty on a random daywhat is the probability that the weather will also be icy on the same day?, icy given frosty,AgB,90,98115.855497,98123.442997,7.587499
302,1,5,If the weather in England is not normal on a random daywhat is the probability that the weather will also be typical on the same day?, typical given not normal,BgnotA,25,98123.605528,98133.458709,9.853181
302,1,6,What is the probability that the weather will be  not icy and not frosty on a random day in England?, not icy and not frosty,notAandnotB,90,98133.605541,98148.002407,14.396866
302,1,7,What is the probability that the weather will be  typical and not normal on a random day in England?, typical and not normal,notAandB,0,98148.138861,98164.926589,16.787728
302,1,8,What is the probability that the weather will be  not normal on a random day in England?, not normal,notA,25,98165.055578,98182.793581,17.738003
302,1,9,If the weather in England is frosty on a random daywhat is the probability that the weather will also be not icy on the same day?, not icy given frosty,notAgB,10,98182.938968,98187.953479,5.014511
302,1,10,If the weather in England is not icy on a random daywhat is the probability that the weather will also be frosty on the same day?, frosty given not icy,BgnotA,10,98188.072286,98198.377133,10.304846
302,1,11,What is the probability that the weather will be  icy and frosty on a random day in England?, icy and frosty,AandB,10,98198.505589,98210.520885,12.015296
302,1,12,What is the probability that the weather will be  icy or not frosty on a random day in England?, icy or not frosty,AornotB,10,98210.655587,98217.976749,7.321162
302,1,13,If the weather in England is icy on a random daywhat is the probability that the weather will also be frosty on the same day?, frosty given icy,BgA,90,98218.105634,98224.976522,6.870888
302,1,14,What is the probability that the weather will be  normal on a random day in England?, normal,A,75,98225.088980,98234.024588,8.935608
302,1,15,What is the probability that the weather will be  frosty or not icy on a random day in England?, frosty or not icy,notAorB,10,98234.205660,98242.200103,7.994444
302,1,16,What is the probability that the weather will be  normal and not typical on a random day in England?, normal and not typical,AandnotB,0,98242.322325,98246.096379,3.774055
302,1,17,What is the probability that the weather will be  not icy or not frosty on a random day in England?, not icy or not frosty,notAornotB,90,98246.239016,98250.199925,3.960910
302,1,18,If the weather in England is not typical on a random daywhat is the probability that the weather will also be not normal on the same day?, not normal given not typical,notAgnotB,100,98250.322348,98256.023697,5.701349
302,1,19,What is the probability that the weather will be  not typical on a random day in England?, not typical,notB,25,98256.139017,98261.255824,5.116807
302,1,20,If the weather in England is not frosty on a random daywhat is the probability that the weather will also be not icy on the same day?, not icy given not frosty,notAgnotB,90,98261.422329,98275.951285,14.528956
302,1,21,What is the probability that the weather will be  frosty and not icy on a random day in England?, frosty and not icy,notAandB,10,98276.072382,98281.447304,5.374922
302,1,22,If the weather in England is not typical on a random daywhat is the probability that the weather will also be normal on the same day?, normal given not typical,AgnotB,0,98281.589028,98288.415063,6.826035
302,1,23,If the weather in England is not icy on a random daywhat is the probability that the weather will also be not frosty on the same day?, not frosty given not icy,notBgnotA,90,98288.522390,98310.550452,22.028062
302,1,24,What is the probability that the weather will be  icy or frosty on a random day in England?, icy or frosty,AorB,10,98310.689088,98319.870298,9.181210
302,1,25,What is the probability that the weather will be  typical or not normal on a random day in England?, typical or not normal,notAorB,0,98319.989092,98325.638126,5.649034
302,1,26,What is the probability that the weather will be  typical on a random day in England?, typical,B,75,98325.772451,98332.070283,6.297833
302,1,27,What is the probability that the weather will be  not normal or not typical on a random day in England?, not normal or not typical,notAornotB,25,98332.205750,98337.069945,4.864195
302,1,28,If the weather in England is not normal on a random daywhat is the probability that the weather will also be not typical on the same day?, not typical given not normal,notBgnotA,100,98337.189088,98341.957688,4.768600
302,1,29,What is the probability that the weather will be  icy and not frosty on a random day in England?, icy and not frosty,AandnotB,10,98342.089124,98349.782781,7.693657
302,1,30,What is the probability that the weather will be  frosty on a random day in England?, frosty,B,10,98349.889140,98353.181510,3.292370
302,1,31,If the weather in England is normal on a random daywhat is the probability that the weather will also be typical on the same day?, typical given normal,BgA,100,98353.305780,98362.501334,9.195554
302,1,32,If the weather in England is normal on a random daywhat is the probability that the weather will also be not typical on the same day?, not typical given normal,notBgA,0,98362.605790,98368.973133,6.367344
302,1,33,What is the probability that the weather will be  icy on a random day in England?, icy,A,10,98369.072519,98375.341019,6.268500
302,1,34,What is the probability that the weather will be  normal or typical on a random day in England?, normal or typical,AorB,75,98375.472487,98379.996731,4.524244
302,1,35,If the weather in England is typical on a random daywhat is the probability that the weather will also be normal on the same day?, normal given typical,AgB,100,98380.122510,98387.820545,7.698035
302,1,36,What is the probability that the weather will be  normal or not typical on a random day in England?, normal or not typical,AornotB,25,98387.939159,98394.612670,6.673510
302,1,37,What is the probability that the weather will be  not frosty on a random day in England?, not frosty,notB,90,98394.772527,98401.412217,6.639690
302,1,38,If the weather in England is icy on a random daywhat is the probability that the weather will also be not frosty on the same day?, not frosty given icy,notBgA,10,98401.539176,98407.132080,5.592905
302,1,39,What is the probability that the weather will be  not icy on a random day in England?, not icy,notA,90,98407.255876,98410.780003,3.524128
302,1,40,If the weather in England is not frosty on a random daywhat is the probability that the weather will also be icy on the same day?, icy given not frosty,AgnotB,10,98410.889198,98452.139045,41.249847
302,2,1,If the weather in England is not icy on a random daywhat is the probability that the weather will also be frosty on the same day?, frosty given not icy,BgnotA,10,98452.289259,98455.570936,3.281677
302,2,2,What is the probability that the weather will be  not normal and not typical on a random day in England?, not normal and not typical,notAandnotB,25,98455.689271,98460.218906,4.529635
302,2,3,If the weather in England is not icy on a random daywhat is the probability that the weather will also be not frosty on the same day?, not frosty given not icy,notBgnotA,90,98460.339258,98466.578644,6.239386
302,2,4,What is the probability that the weather will be  not icy and not frosty on a random day in England?, not icy and not frosty,notAandnotB,90,98466.689284,98471.602496,4.913212
302,2,5,What is the probability that the weather will be  not normal on a random day in England?, not normal,notA,25,98471.722628,98474.898494,3.175866
302,2,6,What is the probability that the weather will be  frosty and not icy on a random day in England?, frosty and not icy,notAandB,10,98475.022628,98478.122425,3.099797
302,2,7,What is the probability that the weather will be  typical or not normal on a random day in England?, typical or not normal,notAorB,0,98478.205976,98481.362302,3.156326
302,2,8,What is the probability that the weather will be  icy on a random day in England?, icy,A,10,98481.472615,98484.546503,3.073888
302,2,9,What is the probability that the weather will be  not normal or not typical on a random day in England?, not normal or not typical,notAornotB,25,98484.655978,98491.545915,6.889938
302,2,10,If the weather in England is not normal on a random daywhat is the probability that the weather will also be not typical on the same day?, not typical given not normal,notBgnotA,100,98491.672649,98495.705814,4.033165
302,2,11,If the weather in England is normal on a random daywhat is the probability that the weather will also be not typical on the same day?, not typical given normal,notBgA,0,98495.806002,98504.153919,8.347917
302,2,12,What is the probability that the weather will be  normal and typical on a random day in England?, normal and typical,AandB,75,98504.305999,98508.177670,3.871671
302,2,13,What is the probability that the weather will be  not icy on a random day in England?, not icy,notA,90,98508.322650,98511.633457,3.310806
302,2,14,What is the probability that the weather will be  typical on a random day in England?, typical,B,75,98511.755988,98515.665712,3.909724
302,2,15,If the weather in England is normal on a random daywhat is the probability that the weather will also be typical on the same day?, typical given normal,BgA,100,98515.806003,98520.489225,4.683221
302,2,16,If the weather in England is icy on a random daywhat is the probability that the weather will also be not frosty on the same day?, not frosty given icy,notBgA,10,98520.589351,98527.881188,7.291837
302,2,17,What is the probability that the weather will be  frosty or not icy on a random day in England?, frosty or not icy,notAorB,10,98528.006025,98532.089068,4.083043
302,2,18,What is the probability that the weather will be  icy and not frosty on a random day in England?, icy and not frosty,AandnotB,10,98532.189349,98534.440891,2.251542
302,2,19,What is the probability that the weather will be  icy or frosty on a random day in England?, icy or frosty,AorB,10,98534.539375,98537.200813,2.661438
302,2,20,If the weather in England is not frosty on a random daywhat is the probability that the weather will also be not icy on the same day?, not icy given not frosty,notAgnotB,90,98537.306038,98544.400641,7.094603
302,2,21,If the weather in England is not frosty on a random daywhat is the probability that the weather will also be icy on the same day?, icy given not frosty,AgnotB,10,98544.472725,98548.280676,3.807950
302,2,22,If the weather in England is typical on a random daywhat is the probability that the weather will also be normal on the same day?, normal given typical,AgB,100,98548.372720,98553.440599,5.067879
302,2,23,What is the probability that the weather will be  normal or typical on a random day in England?, normal or typical,AorB,75,98553.539372,98558.120312,4.580940
302,2,24,If the weather in England is not typical on a random daywhat is the probability that the weather will also be normal on the same day?, normal given not typical,AgnotB,0,98558.256055,98566.192250,7.936195
302,2,25,If the weather in England is not typical on a random daywhat is the probability that the weather will also be not normal on the same day?, not normal given not typical,notAgnotB,100,98566.339416,98570.616010,4.276593
302,2,26,What is the probability that the weather will be  normal on a random day in England?, normal,A,75,98570.722742,98575.480178,4.757436
302,2,27,What is the probability that the weather will be  not frosty on a random day in England?, not frosty,notB,90,98575.622749,98578.983814,3.361065
302,2,28,What is the probability that the weather will be  typical and not normal on a random day in England?, typical and not normal,notAandB,0,98579.106091,98582.943825,3.837734
302,2,29,If the weather in England is typical on a random daywhat is the probability that the weather will also be not normal on the same day?, not normal given typical,notAgB,0,98583.056101,98585.855811,2.799711
302,2,30,What is the probability that the weather will be  normal or not typical on a random day in England?, normal or not typical,AornotB,0,98585.956149,98588.295990,2.339841
302,2,31,What is the probability that the weather will be  not typical on a random day in England?, not typical,notB,25,98588.406106,98593.746311,5.340205
302,2,32,If the weather in England is icy on a random daywhat is the probability that the weather will also be frosty on the same day?, frosty given icy,BgA,90,98593.839421,98596.591390,2.751970
302,2,33,What is the probability that the weather will be  icy and frosty on a random day in England?, icy and frosty,AandB,10,98596.689431,98622.590769,25.901338
302,2,34,If the weather in England is frosty on a random daywhat is the probability that the weather will also be not icy on the same day?, not icy given frosty,notAgB,10,98622.756136,98628.670633,5.914497
302,2,35,If the weather in England is frosty on a random daywhat is the probability that the weather will also be icy on the same day?, icy given frosty,AgB,90,98628.772832,98632.086565,3.313734
302,2,36,What is the probability that the weather will be  not icy or not frosty on a random day in England?, not icy or not frosty,notAornotB,90,98632.172832,98635.558459,3.385627
302,2,37,If the weather in England is not normal on a random daywhat is the probability that the weather will also be typical on the same day?, typical given not normal,BgnotA,0,98635.639488,98638.326573,2.687085
302,2,38,What is the probability that the weather will be  icy or not frosty on a random day in England?, icy or not frosty,AornotB,10,98638.422818,98651.222128,12.799310
302,2,39,What is the probability that the weather will be  normal and not typical on a random day in England?, normal and not typical,AandnotB,0,98651.322843,98654.654101,3.331258
302,2,40,What is the probability that the weather will be  frosty on a random day in England?, frosty,B,10,98654.739514,98657.030306,2.290792
302,3,1,If the weather in England is frosty on a random daywhat is the probability that the weather will also be not icy on the same day?, not icy given frosty,notAgB,10,98657.139524,98665.093778,7.954254
302,3,2,If the weather in England is not frosty on a random daywhat is the probability that the weather will also be not icy on the same day?, not icy given not frosty,notAgnotB,90,98665.189516,98706.884766,41.695250
302,3,3,If the weather in England is not icy on a random daywhat is the probability that the weather will also be not frosty on the same day?, not frosty given not icy,notBgnotA,90,98706.956231,98719.197527,12.241295
302,3,4,What is the probability that the weather will be  typical on a random day in England?, typical,B,75,98719.272942,98722.620554,3.347612
302,3,5,If the weather in England is not frosty on a random daywhat is the probability that the weather will also be icy on the same day?, icy given not frosty,AgnotB,10,98722.722962,98728.172265,5.449304
302,3,6,What is the probability that the weather will be  icy and frosty on a random day in England?, icy and frosty,AandB,10,98728.272937,98730.892195,2.619258
302,3,7,What is the probability that the weather will be  normal and typical on a random day in England?, normal and typical,AandB,75,98730.989614,98733.956155,2.966541
302,3,8,What is the probability that the weather will be  icy or frosty on a random day in England?, icy or frosty,AorB,10,98734.039601,98737.052029,3.012428
302,3,9,What is the probability that the weather will be  not icy and not frosty on a random day in England?, not icy and not frosty,notAandnotB,90,98737.139601,98739.883948,2.744347
302,3,10,What is the probability that the weather will be  frosty and not icy on a random day in England?, frosty and not icy,notAandB,10,98739.989632,98743.427876,3.438244
302,3,11,If the weather in England is frosty on a random daywhat is the probability that the weather will also be icy on the same day?, icy given frosty,AgB,90,98743.506355,98748.803743,5.297388
302,3,12,What is the probability that the weather will be  not icy or not frosty on a random day in England?, not icy or not frosty,notAornotB,90,98748.906283,98753.299611,4.393327
302,3,13,What is the probability that the weather will be  not normal on a random day in England?, not normal,notA,25,98753.389649,98758.155532,4.765883
302,3,14,If the weather in England is normal on a random daywhat is the probability that the weather will also be not typical on the same day?, not typical given normal,notBgA,0,98758.289651,98769.355355,11.065703
302,3,15,If the weather in England is icy on a random daywhat is the probability that the weather will also be not frosty on the same day?, not frosty given icy,notBgA,10,98769.439674,98772.828081,3.388407
302,3,16,What is the probability that the weather will be  not typical on a random day in England?, not typical,notB,25,98772.956341,98777.315029,4.358688
302,3,17,If the weather in England is typical on a random daywhat is the probability that the weather will also be not normal on the same day?, not normal given typical,notAgB,0,98777.422993,98781.131023,3.708030
302,3,18,What is the probability that the weather will be  normal and not typical on a random day in England?, normal and not typical,AandnotB,0,98781.223019,98784.459306,3.236287
302,3,19,What is the probability that the weather will be  typical or not normal on a random day in England?, typical or not normal,notAorB,0,98784.573073,98787.546877,2.973804
302,3,20,What is the probability that the weather will be  not normal and not typical on a random day in England?, not normal and not typical,notAandnotB,25,98787.656358,98791.538700,3.882342
302,3,21,What is the probability that the weather will be  frosty or not icy on a random day in England?, frosty or not icy,notAorB,10,98791.656360,98796.202641,4.546281
302,3,22,What is the probability that the weather will be  normal or not typical on a random day in England?, normal or not typical,AornotB,0,98796.323039,98803.826512,7.503473
302,3,23,If the weather in England is typical on a random daywhat is the probability that the weather will also be normal on the same day?, normal given typical,AgB,100,98803.973043,98810.562239,6.589196
302,3,24,What is the probability that the weather will be  normal or typical on a random day in England?, normal or typical,AorB,75,98810.656373,98814.602135,3.945762
302,3,25,If the weather in England is not typical on a random daywhat is the probability that the weather will also be normal on the same day?, normal given not typical,AgnotB,0,98814.706397,98819.514103,4.807706
302,3,26,If the weather in England is not typical on a random daywhat is the probability that the weather will also be not normal on the same day?, not normal given not typical,notAgnotB,100,98819.639743,98828.321831,8.682088
302,3,27,What is the probability that the weather will be  frosty on a random day in England?, frosty,B,10,98828.423081,98832.066075,3.642994
302,3,28,If the weather in England is normal on a random daywhat is the probability that the weather will also be typical on the same day?, typical given normal,BgA,100,98832.173084,98835.673645,3.500561
302,3,29,What is the probability that the weather will be  not normal or not typical on a random day in England?, not normal or not typical,notAornotB,25,98835.773084,98843.737445,7.964361
302,3,30,If the weather in England is not normal on a random daywhat is the probability that the weather will also be typical on the same day?, typical given not normal,BgnotA,0,98843.873097,98847.466445,3.593347
302,3,31,If the weather in England is not icy on a random daywhat is the probability that the weather will also be frosty on the same day?, frosty given not icy,BgnotA,10,98847.556430,98853.297212,5.740782
302,3,32,If the weather in England is icy on a random daywhat is the probability that the weather will also be frosty on the same day?, frosty given icy,BgA,90,98853.406481,98858.889124,5.482642
302,3,33,What is the probability that the weather will be  icy on a random day in England?, icy,A,10,98859.006439,98866.049225,7.042787
302,3,34,If the weather in England is not normal on a random daywhat is the probability that the weather will also be not typical on the same day?, not typical given not normal,notBgnotA,100,98866.156433,98869.152865,2.996432
302,3,35,What is the probability that the weather will be  not frosty on a random day in England?, not frosty,notB,90,98869.256463,98872.984753,3.728290
302,3,36,What is the probability that the weather will be  icy or not frosty on a random day in England?, icy or not frosty,AornotB,10,98873.089808,98876.312693,3.222885
302,3,37,What is the probability that the weather will be  typical and not normal on a random day in England?, typical and not normal,notAandB,0,98876.406450,98879.672665,3.266214
302,3,38,What is the probability that the weather will be  normal on a random day in England?, normal,A,75,98879.773153,98886.800845,7.027692
302,3,39,What is the probability that the weather will be  not icy on a random day in England?, not icy,notA,90,98886.923127,98891.120302,4.197175
302,3,40,What is the probability that the weather will be  icy and not frosty on a random day in England?, icy and not frosty,AandnotB,10,98891.206466,98895.536196,4.329730
