ID,block,trial,query,querydetail,querytype,estimate,starttime,endtime,RT
805,1,1,What is the probability that the weather will be  not normal on a random day in England?, not normal,notA,5,3024023.545015,3024031.971809,8.426793
805,1,2,If the weather in England is typical on a random daywhat is the probability that the weather will also be not normal on the same day?, not normal given typical,notAgB,3,3024032.078343,3024049.957963,17.879620
805,1,3,What is the probability that the weather will be  frosty on a random day in England?, frosty,B,33,3024050.078306,3024071.330246,21.251940
805,1,4,What is the probability that the weather will be  icy or frosty on a random day in England?, icy or frosty,AorB,33,3024071.428298,3024075.069851,3.641553
805,1,5,What is the probability that the weather will be  not frosty on a random day in England?, not frosty,notB,66,3024075.178286,3024080.357611,5.179325
805,1,6,If the weather in England is not typical on a random daywhat is the probability that the weather will also be normal on the same day?, normal given not typical,AgnotB,50,3024080.478296,3024093.013365,12.535068
805,1,7,What is the probability that the weather will be  not typical on a random day in England?, not typical,notB,5,3024093.128199,3024103.421188,10.292989
805,1,8,If the weather in England is not typical on a random daywhat is the probability that the weather will also be not normal on the same day?, not normal given not typical,notAgnotB,5,3024103.511612,3024111.084939,7.573327
805,1,9,If the weather in England is not frosty on a random daywhat is the probability that the weather will also be icy on the same day?, icy given not frosty,AgnotB,0,3024111.178274,3024116.620622,5.442348
805,1,10,If the weather in England is not icy on a random daywhat is the probability that the weather will also be frosty on the same day?, frosty given not icy,BgnotA,0,3024116.744885,3024123.444453,6.699568
805,1,11,What is the probability that the weather will be  typical or not normal on a random day in England?, typical or not normal,notAorB,10,3024123.628245,3024142.548314,18.920069
805,1,12,If the weather in England is not frosty on a random daywhat is the probability that the weather will also be not icy on the same day?, not icy given not frosty,notAgnotB,100,3024142.644908,3024160.347586,17.702678
805,1,13,If the weather in England is frosty on a random daywhat is the probability that the weather will also be not icy on the same day?, not icy given frosty,notAgB,5,3024160.444852,3024171.043492,10.598640
805,1,14,If the weather in England is normal on a random daywhat is the probability that the weather will also be not typical on the same day?, not typical given normal,notBgA,5,3024171.128207,3024190.746949,19.618742
805,1,15,What is the probability that the weather will be  frosty or not icy on a random day in England?, frosty or not icy,notAorB,5,3024190.844836,3024201.770759,10.925922
805,1,16,What is the probability that the weather will be  not icy and not frosty on a random day in England?, not icy and not frosty,notAandnotB,66,3024201.861495,3024207.562620,5.701125
805,1,17,What is the probability that the weather will be  frosty and not icy on a random day in England?, frosty and not icy,notAandB,20,3024207.661486,3024216.146415,8.484929
805,1,18,If the weather in England is not normal on a random daywhat is the probability that the weather will also be typical on the same day?, typical given not normal,BgnotA,20,3024216.228138,3024233.842020,17.613882
805,1,19,What is the probability that the weather will be  typical and not normal on a random day in England?, typical and not normal,notAandB,5,3024233.944763,3024241.505713,7.560950
805,1,20,If the weather in England is icy on a random daywhat is the probability that the weather will also be not frosty on the same day?, not frosty given icy,notBgA,2,3024241.594782,3024263.521388,21.926607
805,1,21,What is the probability that the weather will be  normal and not typical on a random day in England?, normal and not typical,AandnotB,5,3024263.611472,3024269.217147,5.605675
805,1,22,If the weather in England is frosty on a random daywhat is the probability that the weather will also be icy on the same day?, icy given frosty,AgB,70,3024269.311415,3024278.456862,9.145447
805,1,23,What is the probability that the weather will be  icy on a random day in England?, icy,A,33,3024278.561415,3024283.792895,5.231480
805,1,24,What is the probability that the weather will be  not normal or not typical on a random day in England?, not normal or not typical,notAornotB,10,3024283.878072,3024291.536485,7.658413
805,1,25,What is the probability that the weather will be  normal on a random day in England?, normal,A,90,3024291.628061,3024304.184240,12.556179
805,1,26,What is the probability that the weather will be  not icy on a random day in England?, not icy,notA,66,3024304.294717,3024308.312048,4.017331
805,1,27,What is the probability that the weather will be  not normal and not typical on a random day in England?, not normal and not typical,notAandnotB,10,3024308.428012,3024320.127775,11.699763
805,1,28,What is the probability that the weather will be  normal or not typical on a random day in England?, normal or not typical,AornotB,0,3024320.228024,3024330.663794,10.435769
805,1,29,If the weather in England is normal on a random daywhat is the probability that the weather will also be typical on the same day?, typical given normal,BgA,100,3024330.777990,3024337.239335,6.461345
805,1,30,What is the probability that the weather will be  normal or typical on a random day in England?, normal or typical,AorB,90,3024337.344652,3024348.767336,11.422684
805,1,31,What is the probability that the weather will be  typical on a random day in England?, typical,B,90,3024348.861310,3024354.567276,5.705966
805,1,32,What is the probability that the weather will be  icy and frosty on a random day in England?, icy and frosty,AandB,33,3024354.677995,3024357.823091,3.145096
805,1,33,If the weather in England is typical on a random daywhat is the probability that the weather will also be normal on the same day?, normal given typical,AgB,99,3024357.911299,3024372.742565,14.831266
805,1,34,If the weather in England is icy on a random daywhat is the probability that the weather will also be frosty on the same day?, frosty given icy,BgA,70,3024372.844625,3024383.710312,10.865687
805,1,35,What is the probability that the weather will be  normal and typical on a random day in England?, normal and typical,AandB,100,3024383.811298,3024391.726004,7.914706
805,1,36,If the weather in England is not normal on a random daywhat is the probability that the weather will also be not typical on the same day?, not typical given not normal,notBgnotA,100,3024391.827953,3024406.285686,14.457734
805,1,37,What is the probability that the weather will be  not icy or not frosty on a random day in England?, not icy or not frosty,notAornotB,66,3024406.377936,3024412.381560,6.003624
805,1,38,What is the probability that the weather will be  icy or not frosty on a random day in England?, icy or not frosty,AornotB,5,3024412.494597,3024418.789468,6.294871
805,1,39,If the weather in England is not icy on a random daywhat is the probability that the weather will also be not frosty on the same day?, not frosty given not icy,notBgnotA,99,3024418.877904,3024468.860220,49.982317
805,1,40,What is the probability that the weather will be  icy and not frosty on a random day in England?, icy and not frosty,AandnotB,5,3024468.944545,3024474.788189,5.843644
805,2,1,What is the probability that the weather will be  not normal on a random day in England?, not normal,notA,10,3024474.911194,3024486.627792,11.716598
805,2,2,If the weather in England is not normal on a random daywhat is the probability that the weather will also be not typical on the same day?, not typical given not normal,notBgnotA,100,3024486.711201,3024503.563363,16.852162
805,2,3,If the weather in England is icy on a random daywhat is the probability that the weather will also be not frosty on the same day?, not frosty given icy,notBgA,5,3024503.661144,3024511.092556,7.431412
805,2,4,What is the probability that the weather will be  not normal and not typical on a random day in England?, not normal and not typical,notAandnotB,20,3024511.194484,3024526.227025,15.032541
805,2,5,What is the probability that the weather will be  normal and typical on a random day in England?, normal and typical,AandB,90,3024526.327807,3024532.434658,6.106851
805,2,6,What is the probability that the weather will be  normal and not typical on a random day in England?, normal and not typical,AandnotB,5,3024532.527798,3024538.357634,5.829836
805,2,7,What is the probability that the weather will be  frosty on a random day in England?, frosty,B,33,3024538.461133,3024542.562747,4.101614
805,2,8,If the weather in England is not frosty on a random daywhat is the probability that the weather will also be not icy on the same day?, not icy given not frosty,notAgnotB,70,3024542.677770,3024557.714756,15.036986
805,2,9,If the weather in England is typical on a random daywhat is the probability that the weather will also be normal on the same day?, normal given typical,AgB,100,3024557.811091,3024564.778139,6.967048
805,2,10,What is the probability that the weather will be  not frosty on a random day in England?, not frosty,notB,66,3024564.877697,3024571.145853,6.268156
805,2,11,What is the probability that the weather will be  icy on a random day in England?, icy,A,33,3024571.261069,3024575.625826,4.364757
805,2,12,What is the probability that the weather will be  normal or typical on a random day in England?, normal or typical,AorB,90,3024575.727758,3024583.177469,7.449711
805,2,13,If the weather in England is not icy on a random daywhat is the probability that the weather will also be frosty on the same day?, frosty given not icy,BgnotA,5,3024583.261078,3024597.500263,14.239185
805,2,14,What is the probability that the weather will be  typical or not normal on a random day in England?, typical or not normal,notAorB,50,3024597.611072,3024611.297003,13.685931
805,2,15,If the weather in England is not frosty on a random daywhat is the probability that the weather will also be icy on the same day?, icy given not frosty,AgnotB,5,3024611.411031,3024621.680800,10.269768
805,2,16,What is the probability that the weather will be  icy or frosty on a random day in England?, icy or frosty,AorB,33,3024621.794373,3024631.480378,9.686005
805,2,17,What is the probability that the weather will be  frosty or not icy on a random day in England?, frosty or not icy,notAorB,50,3024631.594335,3024639.984106,8.389772
805,2,18,What is the probability that the weather will be  normal or not typical on a random day in England?, normal or not typical,AornotB,50,3024640.094362,3024645.207869,5.113507
805,2,19,If the weather in England is not typical on a random daywhat is the probability that the weather will also be not normal on the same day?, not normal given not typical,notAgnotB,100,3024645.311010,3024652.247645,6.936635
805,2,20,What is the probability that the weather will be  icy and not frosty on a random day in England?, icy and not frosty,AandnotB,5,3024652.327675,3024659.495690,7.168015
805,2,21,What is the probability that the weather will be  not icy and not frosty on a random day in England?, not icy and not frosty,notAandnotB,66,3024659.627643,3024665.943333,6.315690
805,2,22,If the weather in England is not icy on a random daywhat is the probability that the weather will also be not frosty on the same day?, not frosty given not icy,notBgnotA,100,3024666.027663,3024672.927135,6.899472
805,2,23,If the weather in England is frosty on a random daywhat is the probability that the weather will also be icy on the same day?, icy given frosty,AgB,90,3024673.010988,3024680.879196,7.868208
805,2,24,What is the probability that the weather will be  not icy or not frosty on a random day in England?, not icy or not frosty,notAornotB,66,3024680.977656,3024685.545909,4.568253
805,2,25,What is the probability that the weather will be  not icy on a random day in England?, not icy,notA,66,3024685.660975,3024696.182593,10.521618
805,2,26,If the weather in England is not typical on a random daywhat is the probability that the weather will also be normal on the same day?, normal given not typical,AgnotB,5,3024696.294283,3024712.574292,16.280009
805,2,27,If the weather in England is normal on a random daywhat is the probability that the weather will also be typical on the same day?, typical given normal,BgA,100,3024712.677616,3024727.654128,14.976512
805,2,28,What is the probability that the weather will be  frosty and not icy on a random day in England?, frosty and not icy,notAandB,5,3024727.727604,3024733.392587,5.664983
805,2,29,If the weather in England is typical on a random daywhat is the probability that the weather will also be not normal on the same day?, not normal given typical,notAgB,5,3024733.494248,3024740.309738,6.815491
805,2,30,If the weather in England is not normal on a random daywhat is the probability that the weather will also be typical on the same day?, typical given not normal,BgnotA,5,3024740.444232,3024748.285432,7.841200
805,2,31,What is the probability that the weather will be  normal on a random day in England?, normal,A,90,3024748.427571,3024754.134005,5.706435
805,2,32,What is the probability that the weather will be  typical on a random day in England?, typical,B,90,3024754.227563,3024761.980888,7.753324
805,2,33,What is the probability that the weather will be  not typical on a random day in England?, not typical,notB,10,3024762.094279,3024764.349529,2.255250
805,2,34,If the weather in England is frosty on a random daywhat is the probability that the weather will also be not icy on the same day?, not icy given frosty,notAgB,5,3024764.460881,3024776.583519,12.122637
805,2,35,If the weather in England is icy on a random daywhat is the probability that the weather will also be frosty on the same day?, frosty given icy,BgA,90,3024776.677551,3024784.340598,7.663047
805,2,36,If the weather in England is normal on a random daywhat is the probability that the weather will also be not typical on the same day?, not typical given normal,notBgA,5,3024784.427506,3024793.679124,9.251619
805,2,37,What is the probability that the weather will be  typical and not normal on a random day in England?, typical and not normal,notAandB,5,3024793.794194,3024798.236332,4.442138
805,2,38,What is the probability that the weather will be  icy and frosty on a random day in England?, icy and frosty,AandB,33,3024798.360825,3024801.876061,3.515236
805,2,39,What is the probability that the weather will be  icy or not frosty on a random day in England?, icy or not frosty,AornotB,5,3024801.977527,3024804.972069,2.994543
805,2,40,What is the probability that the weather will be  not normal or not typical on a random day in England?, not normal or not typical,notAornotB,10,3024805.060820,3024811.563809,6.502990
805,3,1,What is the probability that the weather will be  normal and typical on a random day in England?, normal and typical,AandB,90,3024811.660843,3024819.860821,8.199979
805,3,2,If the weather in England is icy on a random daywhat is the probability that the weather will also be frosty on the same day?, frosty given icy,BgA,90,3024819.960848,3024826.411469,6.450621
805,3,3,What is the probability that the weather will be  not icy or not frosty on a random day in England?, not icy or not frosty,notAornotB,66,3024826.510829,3024831.067472,4.556643
805,3,4,What is the probability that the weather will be  normal or typical on a random day in England?, normal or typical,AorB,90,3024831.177491,3024841.931085,10.753594
805,3,5,What is the probability that the weather will be  icy on a random day in England?, icy,A,33,3024842.044124,3024845.787373,3.743249
805,3,6,If the weather in England is icy on a random daywhat is the probability that the weather will also be not frosty on the same day?, not frosty given icy,notBgA,5,3024845.910774,3024851.258738,5.347964
805,3,7,What is the probability that the weather will be  normal on a random day in England?, normal,A,90,3024851.394108,3024855.372208,3.978100
805,3,8,What is the probability that the weather will be  not icy on a random day in England?, not icy,notA,66,3024855.460779,3024858.042704,2.581925
805,3,9,What is the probability that the weather will be  not normal on a random day in England?, not normal,notA,10,3024858.144130,3024861.290608,3.146478
805,3,10,If the weather in England is frosty on a random daywhat is the probability that the weather will also be not icy on the same day?, not icy given frosty,notAgB,5,3024861.377427,3024867.194566,5.817139
805,3,11,What is the probability that the weather will be  not normal or not typical on a random day in England?, not normal or not typical,notAornotB,10,3024867.310767,3024875.434372,8.123605
805,3,12,If the weather in England is not normal on a random daywhat is the probability that the weather will also be typical on the same day?, typical given not normal,BgnotA,0,3024875.527450,3024881.218236,5.690786
805,3,13,If the weather in England is frosty on a random daywhat is the probability that the weather will also be icy on the same day?, icy given frosty,AgB,70,3024881.360767,3024890.362072,9.001305
805,3,14,If the weather in England is not normal on a random daywhat is the probability that the weather will also be not typical on the same day?, not typical given not normal,notBgnotA,100,3024890.444075,3024906.225560,15.781485
805,3,15,If the weather in England is not frosty on a random daywhat is the probability that the weather will also be not icy on the same day?, not icy given not frosty,notAgnotB,99,3024906.294085,3024912.105418,5.811333
805,3,16,What is the probability that the weather will be  not icy and not frosty on a random day in England?, not icy and not frosty,notAandnotB,66,3024912.210737,3024918.673275,6.462537
805,3,17,What is the probability that the weather will be  icy or not frosty on a random day in England?, icy or not frosty,AornotB,5,3024918.760738,3024923.169248,4.408510
805,3,18,What is the probability that the weather will be  frosty and not icy on a random day in England?, frosty and not icy,notAandB,5,3024923.277397,3024925.049173,1.771775
805,3,19,If the weather in England is not typical on a random daywhat is the probability that the weather will also be normal on the same day?, normal given not typical,AgnotB,5,3024925.160723,3024943.704728,18.544005
805,3,20,What is the probability that the weather will be  icy and frosty on a random day in England?, icy and frosty,AandB,33,3024943.827374,3024947.672546,3.845172
805,3,21,What is the probability that the weather will be  icy and not frosty on a random day in England?, icy and not frosty,AandnotB,5,3024947.777338,3024950.987370,3.210031
805,3,22,What is the probability that the weather will be  frosty on a random day in England?, frosty,B,33,3024951.110697,3024954.600707,3.490010
805,3,23,What is the probability that the weather will be  not typical on a random day in England?, not typical,notB,10,3024954.710700,3024957.160294,2.449594
805,3,24,If the weather in England is normal on a random daywhat is the probability that the weather will also be typical on the same day?, typical given normal,BgA,100,3024957.244053,3024967.056072,9.812019
805,3,25,If the weather in England is not icy on a random daywhat is the probability that the weather will also be not frosty on the same day?, not frosty given not icy,notBgnotA,66,3024967.127349,3024977.927512,10.800163
805,3,26,What is the probability that the weather will be  typical on a random day in England?, typical,B,90,3024978.044008,3024982.240131,4.196123
805,3,27,If the weather in England is not frosty on a random daywhat is the probability that the weather will also be icy on the same day?, icy given not frosty,AgnotB,5,3024982.360668,3024989.658286,7.297618
805,3,28,What is the probability that the weather will be  normal or not typical on a random day in England?, normal or not typical,AornotB,100,3024989.743989,3024994.719509,4.975520
805,3,29,If the weather in England is not icy on a random daywhat is the probability that the weather will also be frosty on the same day?, frosty given not icy,BgnotA,5,3024994.810677,3025006.903814,12.093138
805,3,30,What is the probability that the weather will be  frosty or not icy on a random day in England?, frosty or not icy,notAorB,100,3025007.010650,3025023.118835,16.108185
805,3,31,If the weather in England is normal on a random daywhat is the probability that the weather will also be not typical on the same day?, not typical given normal,notBgA,10,3025023.227293,3025036.618300,13.391007
805,3,32,What is the probability that the weather will be  typical and not normal on a random day in England?, typical and not normal,notAandB,5,3025036.710597,3025044.689123,7.978525
805,3,33,What is the probability that the weather will be  typical or not normal on a random day in England?, typical or not normal,notAorB,5,3025044.793932,3025048.486066,3.692133
805,3,34,What is the probability that the weather will be  not frosty on a random day in England?, not frosty,notB,66,3025048.610588,3025053.165999,4.555411
805,3,35,If the weather in England is typical on a random daywhat is the probability that the weather will also be not normal on the same day?, not normal given typical,notAgB,0,3025053.243921,3025063.485713,10.241792
805,3,36,If the weather in England is not typical on a random daywhat is the probability that the weather will also be not normal on the same day?, not normal given not typical,notAgnotB,100,3025063.577246,3025076.357436,12.780190
805,3,37,What is the probability that the weather will be  not normal and not typical on a random day in England?, not normal and not typical,notAandnotB,10,3025076.477255,3025080.317379,3.840123
805,3,38,If the weather in England is typical on a random daywhat is the probability that the weather will also be normal on the same day?, normal given typical,AgB,100,3025080.427227,3025090.388830,9.961603
805,3,39,What is the probability that the weather will be  normal and not typical on a random day in England?, normal and not typical,AandnotB,10,3025090.493861,3025094.893043,4.399182
805,3,40,What is the probability that the weather will be  icy or frosty on a random day in England?, icy or frosty,AorB,33,3025095.010553,3025102.588822,7.578269
