ID,block,trial,query,querydetail,querytype,estimate,starttime,endtime,RT
807,1,1,What is the probability that the weather will be  normal and typical on a random day in England?, normal and typical,AandB,50,2547547.340490,2547556.236650,8.896160
807,1,2,What is the probability that the weather will be  not normal and not typical on a random day in England?, not normal and not typical,notAandnotB,50,2547556.340417,2547560.461126,4.120709
807,1,3,What is the probability that the weather will be  not icy or not frosty on a random day in England?, not icy or not frosty,notAornotB,30,2547560.557097,2547572.127060,11.569963
807,1,4,If the weather in England is icy on a random daywhat is the probability that the weather will also be frosty on the same day?, frosty given icy,BgA,90,2547572.240264,2547579.422770,7.182506
807,1,5,What is the probability that the weather will be  not frosty on a random day in England?, not frosty,notB,70,2547579.606869,2547585.662587,6.055718
807,1,6,What is the probability that the weather will be  icy and not frosty on a random day in England?, icy and not frosty,AandnotB,20,2547585.756840,2547596.470309,10.713470
807,1,7,What is the probability that the weather will be  normal or typical on a random day in England?, normal or typical,AorB,50,2547596.590096,2547606.237946,9.647850
807,1,8,What is the probability that the weather will be  not typical on a random day in England?, not typical,notB,10,2547606.373277,2547615.365760,8.992482
807,1,9,If the weather in England is normal on a random daywhat is the probability that the weather will also be typical on the same day?, typical given normal,BgA,100,2547615.506591,2547632.933303,17.426712
807,1,10,If the weather in England is not frosty on a random daywhat is the probability that the weather will also be not icy on the same day?, not icy given not frosty,notAgnotB,80,2547633.073058,2547641.789184,8.716125
807,1,11,What is the probability that the weather will be  not icy on a random day in England?, not icy,notA,80,2547641.922970,2547652.820857,10.897887
807,1,12,If the weather in England is frosty on a random daywhat is the probability that the weather will also be icy on the same day?, icy given frosty,AgB,90,2547652.989010,2547667.356487,14.367477
807,1,13,What is the probability that the weather will be  typical on a random day in England?, typical,B,60,2547667.472786,2547676.204321,8.731535
807,1,14,What is the probability that the weather will be  normal on a random day in England?, normal,A,60,2547676.389314,2547680.036071,3.646758
807,1,15,If the weather in England is not icy on a random daywhat is the probability that the weather will also be not frosty on the same day?, not frosty given not icy,notBgnotA,90,2547680.205960,2547695.179726,14.973765
807,1,16,If the weather in England is not icy on a random daywhat is the probability that the weather will also be frosty on the same day?, frosty given not icy,BgnotA,12,2547695.289156,2547703.803571,8.514415
807,1,17,If the weather in England is typical on a random daywhat is the probability that the weather will also be normal on the same day?, normal given typical,AgB,70,2547703.905748,2547710.083210,6.177462
807,1,18,What is the probability that the weather will be  normal and not typical on a random day in England?, normal and not typical,AandnotB,50,2547710.172385,2547723.466940,13.294555
807,1,19,If the weather in England is not normal on a random daywhat is the probability that the weather will also be typical on the same day?, typical given not normal,BgnotA,15,2547723.555566,2547740.338737,16.783171
807,1,20,If the weather in England is frosty on a random daywhat is the probability that the weather will also be not icy on the same day?, not icy given frosty,notAgB,20,2547740.438751,2547753.138000,12.699249
807,1,21,What is the probability that the weather will be  normal or not typical on a random day in England?, normal or not typical,AornotB,30,2547753.238636,2547774.505447,21.266812
807,1,22,What is the probability that the weather will be  typical or not normal on a random day in England?, typical or not normal,notAorB,20,2547774.605108,2547784.729428,10.124320
807,1,23,What is the probability that the weather will be  icy on a random day in England?, icy,A,20,2547784.821731,2547790.505345,5.683615
807,1,24,What is the probability that the weather will be  icy or not frosty on a random day in England?, icy or not frosty,AornotB,30,2547790.588302,2547799.208847,8.620545
807,1,25,What is the probability that the weather will be  icy and frosty on a random day in England?, icy and frosty,AandB,40,2547799.288229,2547805.528692,6.240462
807,1,26,What is the probability that the weather will be  typical and not normal on a random day in England?, typical and not normal,notAandB,20,2547805.621507,2547809.840528,4.219021
807,1,27,What is the probability that the weather will be  frosty or not icy on a random day in England?, frosty or not icy,notAorB,14,2547809.921479,2547837.735836,27.814357
807,1,28,If the weather in England is not frosty on a random daywhat is the probability that the weather will also be icy on the same day?, icy given not frosty,AgnotB,10,2547837.821188,2547864.046988,26.225801
807,1,29,What is the probability that the weather will be  icy or frosty on a random day in England?, icy or frosty,AorB,30,2547864.137646,2547872.375122,8.237476
807,1,30,What is the probability that the weather will be  not normal or not typical on a random day in England?, not normal or not typical,notAornotB,40,2547872.454241,2547884.070480,11.616240
807,1,31,If the weather in England is not typical on a random daywhat is the probability that the weather will also be not normal on the same day?, not normal given not typical,notAgnotB,90,2547884.154151,2547899.710064,15.555913
807,1,32,If the weather in England is normal on a random daywhat is the probability that the weather will also be not typical on the same day?, not typical given normal,notBgA,0,2547899.803954,2547917.986589,18.182635
807,1,33,What is the probability that the weather will be  frosty on a random day in England?, frosty,B,30,2547918.103835,2547924.693696,6.589861
807,1,34,If the weather in England is icy on a random daywhat is the probability that the weather will also be not frosty on the same day?, not frosty given icy,notBgA,1,2547924.753789,2547932.149230,7.395441
807,1,35,What is the probability that the weather will be  frosty and not icy on a random day in England?, frosty and not icy,notAandB,10,2547932.237040,2547939.365124,7.128084
807,1,36,If the weather in England is not typical on a random daywhat is the probability that the weather will also be normal on the same day?, normal given not typical,AgnotB,10,2547939.436986,2547947.500754,8.063768
807,1,37,What is the probability that the weather will be  not icy and not frosty on a random day in England?, not icy and not frosty,notAandnotB,70,2547947.603550,2547972.828144,25.224594
807,1,38,What is the probability that the weather will be  not normal on a random day in England?, not normal,notA,50,2547972.919980,2547995.579493,22.659513
807,1,39,If the weather in England is not normal on a random daywhat is the probability that the weather will also be not typical on the same day?, not typical given not normal,notBgnotA,90,2547995.653152,2548010.043030,14.389878
807,1,40,If the weather in England is typical on a random daywhat is the probability that the weather will also be not normal on the same day?, not normal given typical,notAgB,1,2548010.119660,2548017.987053,7.867394
807,2,1,What is the probability that the weather will be  icy on a random day in England?, icy,A,30,2548018.086241,2548022.090798,4.004557
807,2,2,What is the probability that the weather will be  typical on a random day in England?, typical,B,50,2548022.186244,2548027.722801,5.536556
807,2,3,If the weather in England is normal on a random daywhat is the probability that the weather will also be not typical on the same day?, not typical given normal,notBgA,1,2548027.802842,2548035.090465,7.287623
807,2,4,What is the probability that the weather will be  not typical on a random day in England?, not typical,notB,50,2548035.169350,2548040.306364,5.137015
807,2,5,What is the probability that the weather will be  not normal on a random day in England?, not normal,notA,50,2548040.369379,2548044.858193,4.488814
807,2,6,What is the probability that the weather will be  not icy or not frosty on a random day in England?, not icy or not frosty,notAornotB,70,2548044.952669,2548049.330030,4.377361
807,2,7,What is the probability that the weather will be  not frosty on a random day in England?, not frosty,notB,70,2548049.402652,2548053.201766,3.799114
807,2,8,What is the probability that the weather will be  normal or not typical on a random day in England?, normal or not typical,AornotB,1,2548053.302592,2548058.569713,5.267121
807,2,9,If the weather in England is not typical on a random daywhat is the probability that the weather will also be not normal on the same day?, not normal given not typical,notAgnotB,90,2548058.669193,2548081.905004,23.235810
807,2,10,If the weather in England is not typical on a random daywhat is the probability that the weather will also be normal on the same day?, normal given not typical,AgnotB,1,2548082.002331,2548101.040676,19.038344
807,2,11,What is the probability that the weather will be  frosty and not icy on a random day in England?, frosty and not icy,notAandB,1,2548101.118828,2548105.280530,4.161701
807,2,12,If the weather in England is icy on a random daywhat is the probability that the weather will also be not frosty on the same day?, not frosty given icy,notBgA,1,2548105.368765,2548110.664508,5.295743
807,2,13,If the weather in England is normal on a random daywhat is the probability that the weather will also be typical on the same day?, typical given normal,BgA,90,2548110.752074,2548121.144065,10.391992
807,2,14,What is the probability that the weather will be  icy or frosty on a random day in England?, icy or frosty,AorB,30,2548121.202040,2548128.175922,6.973882
807,2,15,What is the probability that the weather will be  normal on a random day in England?, normal,A,50,2548128.251932,2548132.295812,4.043880
807,2,16,If the weather in England is not icy on a random daywhat is the probability that the weather will also be frosty on the same day?, frosty given not icy,BgnotA,1,2548132.401898,2548139.015589,6.613692
807,2,17,What is the probability that the weather will be  normal and typical on a random day in England?, normal and typical,AandB,50,2548139.118480,2548147.255350,8.136870
807,2,18,If the weather in England is typical on a random daywhat is the probability that the weather will also be normal on the same day?, normal given typical,AgB,90,2548147.351777,2548153.135068,5.783291
807,2,19,What is the probability that the weather will be  icy or not frosty on a random day in England?, icy or not frosty,AornotB,20,2548153.201737,2548167.358842,14.157105
807,2,20,What is the probability that the weather will be  normal and not typical on a random day in England?, normal and not typical,AandnotB,20,2548167.451597,2548173.350504,5.898907
807,2,21,If the weather in England is not frosty on a random daywhat is the probability that the weather will also be icy on the same day?, icy given not frosty,AgnotB,1,2548173.451519,2548178.342530,4.891011
807,2,22,What is the probability that the weather will be  typical and not normal on a random day in England?, typical and not normal,notAandB,1,2548178.434766,2548182.470776,4.036010
807,2,23,What is the probability that the weather will be  frosty or not icy on a random day in England?, frosty or not icy,notAorB,30,2548182.518093,2548187.302149,4.784056
807,2,24,If the weather in England is frosty on a random daywhat is the probability that the weather will also be not icy on the same day?, not icy given frosty,notAgB,1,2548187.401365,2548199.461990,12.060625
807,2,25,If the weather in England is not normal on a random daywhat is the probability that the weather will also be typical on the same day?, typical given not normal,BgnotA,90,2548199.551274,2548205.453774,5.902499
807,2,26,What is the probability that the weather will be  not icy on a random day in England?, not icy,notA,70,2548205.534559,2548217.853411,12.318852
807,2,27,What is the probability that the weather will be  frosty on a random day in England?, frosty,B,30,2548217.934426,2548222.037487,4.103061
807,2,28,What is the probability that the weather will be  icy and frosty on a random day in England?, icy and frosty,AandB,30,2548222.134404,2548226.757072,4.622668
807,2,29,If the weather in England is typical on a random daywhat is the probability that the weather will also be not normal on the same day?, not normal given typical,notAgB,1,2548226.834421,2548248.300782,21.466362
807,2,30,What is the probability that the weather will be  not normal or not typical on a random day in England?, not normal or not typical,notAornotB,70,2548248.384206,2548255.868455,7.484249
807,2,31,What is the probability that the weather will be  typical or not normal on a random day in England?, typical or not normal,notAorB,1,2548255.950243,2548259.300505,3.350262
807,2,32,If the weather in England is not normal on a random daywhat is the probability that the weather will also be not typical on the same day?, not typical given not normal,notBgnotA,90,2548259.384075,2548269.179957,9.795882
807,2,33,If the weather in England is not frosty on a random daywhat is the probability that the weather will also be not icy on the same day?, not icy given not frosty,notAgnotB,90,2548269.284016,2548273.715827,4.431811
807,2,34,If the weather in England is frosty on a random daywhat is the probability that the weather will also be icy on the same day?, icy given frosty,AgB,90,2548273.800580,2548278.139673,4.339094
807,2,35,What is the probability that the weather will be  normal or typical on a random day in England?, normal or typical,AorB,50,2548278.217170,2548283.275539,5.058369
807,2,36,If the weather in England is icy on a random daywhat is the probability that the weather will also be frosty on the same day?, frosty given icy,BgA,90,2548283.350562,2548288.547391,5.196829
807,2,37,If the weather in England is not icy on a random daywhat is the probability that the weather will also be not frosty on the same day?, not frosty given not icy,notBgnotA,90,2548288.633806,2548293.203276,4.569470
807,2,38,What is the probability that the weather will be  not icy and not frosty on a random day in England?, not icy and not frosty,notAandnotB,90,2548293.300451,2548299.603118,6.302667
807,2,39,What is the probability that the weather will be  icy and not frosty on a random day in England?, icy and not frosty,AandnotB,1,2548299.700372,2548303.531201,3.830829
807,2,40,What is the probability that the weather will be  not normal and not typical on a random day in England?, not normal and not typical,notAandnotB,50,2548303.617010,2548310.994795,7.377785
807,3,1,If the weather in England is not typical on a random daywhat is the probability that the weather will also be not normal on the same day?, not normal given not typical,notAgnotB,90,2548311.116928,2548315.586655,4.469727
807,3,2,If the weather in England is not normal on a random daywhat is the probability that the weather will also be typical on the same day?, typical given not normal,BgnotA,1,2548315.683600,2548322.266896,6.583296
807,3,3,If the weather in England is typical on a random daywhat is the probability that the weather will also be not normal on the same day?, not normal given typical,notAgB,1,2548322.383504,2548325.013374,2.629869
807,3,4,What is the probability that the weather will be  frosty or not icy on a random day in England?, frosty or not icy,notAorB,1,2548325.150122,2548329.146436,3.996314
807,3,5,What is the probability that the weather will be  not icy on a random day in England?, not icy,notA,50,2548329.250077,2548335.754105,6.504028
807,3,6,If the weather in England is icy on a random daywhat is the probability that the weather will also be frosty on the same day?, frosty given icy,BgA,90,2548335.850044,2548340.545960,4.695916
807,3,7,What is the probability that the weather will be  icy or not frosty on a random day in England?, icy or not frosty,AornotB,10,2548340.650004,2548347.153777,6.503772
807,3,8,What is the probability that the weather will be  not icy and not frosty on a random day in England?, not icy and not frosty,notAandnotB,70,2548347.249952,2548354.273595,7.023643
807,3,9,What is the probability that the weather will be  normal on a random day in England?, normal,A,50,2548354.399857,2548357.457755,3.057897
807,3,10,If the weather in England is not normal on a random daywhat is the probability that the weather will also be not typical on the same day?, not typical given not normal,notBgnotA,90,2548357.549851,2548367.441217,9.891366
807,3,11,What is the probability that the weather will be  normal and typical on a random day in England?, normal and typical,AandB,50,2548367.549760,2548372.361110,4.811349
807,3,12,What is the probability that the weather will be  not frosty on a random day in England?, not frosty,notB,70,2548372.466387,2548377.408997,4.942610
807,3,13,What is the probability that the weather will be  typical and not normal on a random day in England?, typical and not normal,notAandB,1,2548377.499675,2548383.185284,5.685609
807,3,14,If the weather in England is not icy on a random daywhat is the probability that the weather will also be frosty on the same day?, frosty given not icy,BgnotA,1,2548383.282952,2548387.595832,4.312880
807,3,15,What is the probability that the weather will be  frosty and not icy on a random day in England?, frosty and not icy,notAandB,12,2548387.749588,2548395.224494,7.474907
807,3,16,If the weather in England is frosty on a random daywhat is the probability that the weather will also be icy on the same day?, icy given frosty,AgB,90,2548395.366211,2548399.192421,3.826210
807,3,17,If the weather in England is typical on a random daywhat is the probability that the weather will also be normal on the same day?, normal given typical,AgB,90,2548399.299443,2548410.696085,11.396643
807,3,18,What is the probability that the weather will be  typical on a random day in England?, typical,B,50,2548410.766037,2548418.528321,7.762284
807,3,19,If the weather in England is icy on a random daywhat is the probability that the weather will also be not frosty on the same day?, not frosty given icy,notBgA,11,2548418.649281,2548423.079698,4.430418
807,3,20,What is the probability that the weather will be  not normal on a random day in England?, not normal,notA,50,2548423.182580,2548429.679535,6.496955
807,3,21,What is the probability that the weather will be  not normal and not typical on a random day in England?, not normal and not typical,notAandnotB,50,2548429.799176,2548433.831427,4.032251
807,3,22,If the weather in England is normal on a random daywhat is the probability that the weather will also be not typical on the same day?, not typical given normal,notBgA,11,2548433.965831,2548447.415158,13.449327
807,3,23,What is the probability that the weather will be  icy or frosty on a random day in England?, icy or frosty,AorB,30,2548447.499019,2548451.006971,3.507952
807,3,24,If the weather in England is not icy on a random daywhat is the probability that the weather will also be not frosty on the same day?, not frosty given not icy,notBgnotA,90,2548451.115674,2548456.462832,5.347158
807,3,25,If the weather in England is not frosty on a random daywhat is the probability that the weather will also be not icy on the same day?, not icy given not frosty,notAgnotB,90,2548456.582286,2548462.926631,6.344345
807,3,26,What is the probability that the weather will be  not normal or not typical on a random day in England?, not normal or not typical,notAornotB,50,2548463.065560,2548467.750553,4.684993
807,3,27,What is the probability that the weather will be  typical or not normal on a random day in England?, typical or not normal,notAorB,30,2548467.882165,2548474.230332,6.348166
807,3,28,What is the probability that the weather will be  icy on a random day in England?, icy,A,20,2548474.348767,2548483.118388,8.769621
807,3,29,What is the probability that the weather will be  not icy or not frosty on a random day in England?, not icy or not frosty,notAornotB,70,2548483.265371,2548489.261931,5.996560
807,3,30,What is the probability that the weather will be  frosty on a random day in England?, frosty,B,20,2548489.381978,2548493.974021,4.592042
807,3,31,What is the probability that the weather will be  icy and not frosty on a random day in England?, icy and not frosty,AandnotB,11,2548494.098597,2548497.581694,3.483097
807,3,32,If the weather in England is not typical on a random daywhat is the probability that the weather will also be normal on the same day?, normal given not typical,AgnotB,1,2548497.698558,2548502.477832,4.779274
807,3,33,What is the probability that the weather will be  not typical on a random day in England?, not typical,notB,50,2548502.631870,2548506.765450,4.133580
807,3,34,What is the probability that the weather will be  normal and not typical on a random day in England?, normal and not typical,AandnotB,1,2548506.898517,2548510.288397,3.389879
807,3,35,If the weather in England is not frosty on a random daywhat is the probability that the weather will also be icy on the same day?, icy given not frosty,AgnotB,1,2548510.415133,2548517.685303,7.270170
807,3,36,If the weather in England is normal on a random daywhat is the probability that the weather will also be typical on the same day?, typical given normal,BgA,90,2548517.831737,2548521.149055,3.317318
807,3,37,What is the probability that the weather will be  icy and frosty on a random day in England?, icy and frosty,AandB,90,2548521.248343,2548523.933028,2.684684
807,3,38,What is the probability that the weather will be  normal or not typical on a random day in England?, normal or not typical,AornotB,1,2548524.098350,2548527.103926,3.005576
807,3,39,If the weather in England is frosty on a random daywhat is the probability that the weather will also be not icy on the same day?, not icy given frosty,notAgB,1,2548527.214970,2548531.031669,3.816699
807,3,40,What is the probability that the weather will be  normal or typical on a random day in England?, normal or typical,AorB,50,2548531.148264,2548535.596681,4.448417
