ID,block,trial,query,querydetail,querytype,estimate,starttime,endtime,RT
408,1,1,If the weather in England is not frosty on a random daywhat is the probability that the weather will also be not icy on the same day?, not icy given not frosty,notAgnotB,100,2932535.448820,2932560.074298,24.625477
408,1,2,What is the probability that the weather will be  typical or not normal on a random day in England?, typical or not normal,notAorB,100,2932560.248880,2932586.987319,26.738439
408,1,3,What is the probability that the weather will be  icy or not frosty on a random day in England?, icy or not frosty,AornotB,100,2932587.232279,2932608.549159,21.316880
408,1,4,If the weather in England is frosty on a random daywhat is the probability that the weather will also be not icy on the same day?, not icy given frosty,notAgB,50,2932608.665708,2932620.844845,12.179137
408,1,5,What is the probability that the weather will be  normal on a random day in England?, normal,A,50,2932621.015693,2932633.292614,12.276920
408,1,6,If the weather in England is not typical on a random daywhat is the probability that the weather will also be not normal on the same day?, not normal given not typical,notAgnotB,100,2932633.399083,2932640.596577,7.197494
408,1,7,What is the probability that the weather will be  not frosty on a random day in England?, not frosty,notB,50,2932640.832381,2932645.820425,4.988043
408,1,8,If the weather in England is not icy on a random daywhat is the probability that the weather will also be frosty on the same day?, frosty given not icy,BgnotA,50,2932646.049081,2932658.815127,12.766046
408,1,9,What is the probability that the weather will be  typical and not normal on a random day in England?, typical and not normal,notAandB,0,2932659.032483,2932669.928441,10.895958
408,1,10,What is the probability that the weather will be  not icy on a random day in England?, not icy,notA,50,2932670.149134,2932675.628024,5.478890
408,1,11,What is the probability that the weather will be  icy on a random day in England?, icy,A,50,2932675.899129,2932678.868069,2.968940
408,1,12,If the weather in England is typical on a random daywhat is the probability that the weather will also be not normal on the same day?, not normal given typical,notAgB,100,2932679.149200,2932686.963889,7.814689
408,1,13,If the weather in England is icy on a random daywhat is the probability that the weather will also be frosty on the same day?, frosty given icy,BgA,100,2932687.282481,2932726.739377,39.456897
408,1,14,If the weather in England is not typical on a random daywhat is the probability that the weather will also be normal on the same day?, normal given not typical,AgnotB,0,2932726.949254,2932734.491393,7.542138
408,1,15,What is the probability that the weather will be  not normal or not typical on a random day in England?, not normal or not typical,notAornotB,100,2932734.749271,2932743.659143,8.909872
408,1,16,What is the probability that the weather will be  not icy or not frosty on a random day in England?, not icy or not frosty,notAornotB,50,2932743.832625,2932767.834864,24.002238
408,1,17,What is the probability that the weather will be  normal or not typical on a random day in England?, normal or not typical,AornotB,100,2932768.049324,2932779.762409,11.713084
408,1,18,What is the probability that the weather will be  frosty or not icy on a random day in England?, frosty or not icy,notAorB,50,2932779.949370,2932784.850394,4.901024
408,1,19,What is the probability that the weather will be  not typical on a random day in England?, not typical,notB,50,2932784.966048,2932789.570289,4.604242
408,1,20,What is the probability that the weather will be  icy and not frosty on a random day in England?, icy and not frosty,AandnotB,25,2932789.699366,2932803.066016,13.366650
408,1,21,If the weather in England is icy on a random daywhat is the probability that the weather will also be not frosty on the same day?, not frosty given icy,notBgA,0,2932803.282741,2932813.386048,10.103307
408,1,22,If the weather in England is frosty on a random daywhat is the probability that the weather will also be icy on the same day?, icy given frosty,AgB,50,2932814.449423,2932833.962016,19.512593
408,1,23,If the weather in England is not frosty on a random daywhat is the probability that the weather will also be icy on the same day?, icy given not frosty,AgnotB,0,2932834.232813,2932840.481514,6.248701
408,1,24,What is the probability that the weather will be  not normal and not typical on a random day in England?, not normal and not typical,notAandnotB,0,2932840.616160,2932847.051940,6.435780
408,1,25,If the weather in England is not normal on a random daywhat is the probability that the weather will also be typical on the same day?, typical given not normal,BgnotA,0,2932847.332833,2932854.073497,6.740664
408,1,26,If the weather in England is not normal on a random daywhat is the probability that the weather will also be not typical on the same day?, not typical given not normal,notBgnotA,100,2932854.366169,2932865.545142,11.178973
408,1,27,What is the probability that the weather will be  frosty and not icy on a random day in England?, frosty and not icy,notAandB,25,2932865.682857,2932875.153063,9.470206
408,1,28,What is the probability that the weather will be  normal and typical on a random day in England?, normal and typical,AandB,50,2932875.299570,2932894.072929,18.773359
408,1,29,What is the probability that the weather will be  not icy and not frosty on a random day in England?, not icy and not frosty,notAandnotB,50,2932894.349605,2932919.256217,24.906613
408,1,30,What is the probability that the weather will be  icy and frosty on a random day in England?, icy and frosty,AandB,50,2932919.416335,2932925.056332,5.639997
408,1,31,If the weather in England is normal on a random daywhat is the probability that the weather will also be not typical on the same day?, not typical given normal,notBgA,100,2932925.266338,2932945.623811,20.357473
408,1,32,If the weather in England is normal on a random daywhat is the probability that the weather will also be typical on the same day?, typical given normal,BgA,100,2932945.833028,2932953.447796,7.614769
408,1,33,What is the probability that the weather will be  not normal on a random day in England?, not normal,notA,50,2932953.566409,2932961.111656,7.545247
408,1,34,What is the probability that the weather will be  normal and not typical on a random day in England?, normal and not typical,AandnotB,0,2932961.349758,2932970.911497,9.561738
408,1,35,If the weather in England is not icy on a random daywhat is the probability that the weather will also be not frosty on the same day?, not frosty given not icy,notBgnotA,50,2932971.149777,2932978.103440,6.953663
408,1,36,What is the probability that the weather will be  icy or frosty on a random day in England?, icy or frosty,AorB,50,2932978.299787,2932984.487157,6.187370
408,1,37,If the weather in England is typical on a random daywhat is the probability that the weather will also be normal on the same day?, normal given typical,AgB,100,2932984.633130,2933075.757893,91.124763
408,1,38,What is the probability that the weather will be  normal or typical on a random day in England?, normal or typical,AorB,50,2933075.899978,2933081.422381,5.522404
408,1,39,What is the probability that the weather will be  frosty on a random day in England?, frosty,B,50,2933081.533344,2933086.502210,4.968866
408,1,40,What is the probability that the weather will be  typical on a random day in England?, typical,B,50,2933086.633331,2933089.789674,3.156342
408,2,1,What is the probability that the weather will be  frosty or not icy on a random day in England?, frosty or not icy,notAorB,50,2933089.933353,2933122.469129,32.535776
408,2,2,What is the probability that the weather will be  typical or not normal on a random day in England?, typical or not normal,notAorB,100,2933122.600103,2933139.364927,16.764824
408,2,3,If the weather in England is not normal on a random daywhat is the probability that the weather will also be typical on the same day?, typical given not normal,BgnotA,0,2933139.483469,2933148.292814,8.809345
408,2,4,What is the probability that the weather will be  typical on a random day in England?, typical,B,50,2933148.433493,2933153.548750,5.115257
408,2,5,If the weather in England is not typical on a random daywhat is the probability that the weather will also be normal on the same day?, normal given not typical,AgnotB,0,2933153.666835,2933159.996544,6.329709
408,2,6,What is the probability that the weather will be  not typical on a random day in England?, not typical,notB,50,2933160.200158,2933166.212488,6.012331
408,2,7,What is the probability that the weather will be  icy or frosty on a random day in England?, icy or frosty,AorB,50,2933166.433527,2933169.212395,2.778868
408,2,8,If the weather in England is not frosty on a random daywhat is the probability that the weather will also be icy on the same day?, icy given not frosty,AgnotB,0,2933169.483533,2933177.214952,7.731419
408,2,9,What is the probability that the weather will be  icy or not frosty on a random day in England?, icy or not frosty,AornotB,50,2933177.516859,2933191.828071,14.311212
408,2,10,What is the probability that the weather will be  icy on a random day in England?, icy,A,50,2933191.983555,2933199.980124,7.996569
408,2,11,What is the probability that the weather will be  typical and not normal on a random day in England?, typical and not normal,notAandB,0,2933200.116926,2933224.779634,24.662708
408,2,12,If the weather in England is not icy on a random daywhat is the probability that the weather will also be not frosty on the same day?, not frosty given not icy,notBgnotA,50,2933224.916967,2933260.397577,35.480610
408,2,13,What is the probability that the weather will be  normal or not typical on a random day in England?, normal or not typical,AornotB,100,2933260.600389,2933321.442105,60.841716
408,2,14,If the weather in England is not normal on a random daywhat is the probability that the weather will also be not typical on the same day?, not typical given not normal,notBgnotA,100,2933321.633858,2933329.265834,7.631976
408,2,15,What is the probability that the weather will be  not frosty on a random day in England?, not frosty,notB,50,2933329.367205,2933335.769904,6.402699
408,2,16,What is the probability that the weather will be  not icy and not frosty on a random day in England?, not icy and not frosty,notAandnotB,50,2933335.917219,2933378.009087,42.091868
408,2,17,What is the probability that the weather will be  normal on a random day in England?, normal,A,50,2933378.117294,2933382.201282,4.083989
408,2,18,What is the probability that the weather will be  icy and not frosty on a random day in England?, icy and not frosty,AandnotB,50,2933382.300646,2933396.048810,13.748164
408,2,19,If the weather in England is normal on a random daywhat is the probability that the weather will also be typical on the same day?, typical given normal,BgA,50,2933396.267345,2933445.440047,49.172702
408,2,20,If the weather in England is typical on a random daywhat is the probability that the weather will also be normal on the same day?, normal given typical,AgB,100,2933445.667431,2933451.856076,6.188645
408,2,21,If the weather in England is not frosty on a random daywhat is the probability that the weather will also be not icy on the same day?, not icy given not frosty,notAgnotB,50,2933452.017443,2933461.119974,9.102532
408,2,22,What is the probability that the weather will be  normal and typical on a random day in England?, normal and typical,AandB,100,2933461.350815,2933465.991869,4.641055
408,2,23,What is the probability that the weather will be  not icy on a random day in England?, not icy,notA,50,2933466.267471,2933470.255711,3.988240
408,2,24,If the weather in England is typical on a random daywhat is the probability that the weather will also be not normal on the same day?, not normal given typical,notAgB,0,2933470.567486,2933475.135761,4.568274
408,2,25,What is the probability that the weather will be  not icy or not frosty on a random day in England?, not icy or not frosty,notAornotB,50,2933475.367516,2933478.623732,3.256216
408,2,26,What is the probability that the weather will be  frosty and not icy on a random day in England?, frosty and not icy,notAandB,50,2933478.917499,2933482.714360,3.796861
408,2,27,If the weather in England is not typical on a random daywhat is the probability that the weather will also be not normal on the same day?, not normal given not typical,notAgnotB,100,2933482.900846,2933483.439451,0.538605
408,2,28,What is the probability that the weather will be  normal or typical on a random day in England?, normal or typical,AorB,50,2933483.567519,2933484.271674,0.704155
408,2,29,What is the probability that the weather will be  normal and not typical on a random day in England?, normal and not typical,AandnotB,50,2933484.434203,2933484.911455,0.477252
408,2,30,If the weather in England is icy on a random daywhat is the probability that the weather will also be not frosty on the same day?, not frosty given icy,notBgA,50,2933485.067530,2933485.527438,0.459908
408,2,31,If the weather in England is frosty on a random daywhat is the probability that the weather will also be icy on the same day?, icy given frosty,AgB,100,2933485.684184,2933486.311440,0.627256
408,2,32,What is the probability that the weather will be  frosty on a random day in England?, frosty,B,0,2933486.450854,2933486.775944,0.325090
408,2,33,If the weather in England is icy on a random daywhat is the probability that the weather will also be frosty on the same day?, frosty given icy,BgA,50,2933486.917548,2933505.495155,18.577608
408,2,34,What is the probability that the weather will be  not normal and not typical on a random day in England?, not normal and not typical,notAandnotB,100,2933505.684175,2933510.295071,4.610896
408,2,35,What is the probability that the weather will be  not normal on a random day in England?, not normal,notA,50,2933510.500922,2933515.959016,5.458093
408,2,36,What is the probability that the weather will be  icy and frosty on a random day in England?, icy and frosty,AandB,50,2933516.134269,2933519.286959,3.152689
408,2,37,If the weather in England is not icy on a random daywhat is the probability that the weather will also be frosty on the same day?, frosty given not icy,BgnotA,50,2933519.517614,2933524.790878,5.273264
408,2,38,What is the probability that the weather will be  not normal or not typical on a random day in England?, not normal or not typical,notAornotB,50,2933525.067623,2933532.782801,7.715178
408,2,39,If the weather in England is frosty on a random daywhat is the probability that the weather will also be not icy on the same day?, not icy given frosty,notAgB,50,2933532.984308,2933539.830635,6.846327
408,2,40,If the weather in England is normal on a random daywhat is the probability that the weather will also be not typical on the same day?, not typical given normal,notBgA,0,2933540.167651,2933547.718994,7.551343
408,3,1,What is the probability that the weather will be  normal or not typical on a random day in England?, normal or not typical,AornotB,100,2933547.967672,2933566.798197,18.830525
408,3,2,What is the probability that the weather will be  frosty on a random day in England?, frosty,B,50,2933566.934377,2933631.357656,64.423278
408,3,3,What is the probability that the weather will be  not icy and not frosty on a random day in England?, not icy and not frosty,notAandnotB,50,2933631.434516,2933634.685180,3.250664
408,3,4,If the weather in England is normal on a random daywhat is the probability that the weather will also be typical on the same day?, typical given normal,BgA,100,2933634.834492,2933639.373091,4.538599
408,3,5,What is the probability that the weather will be  not typical on a random day in England?, not typical,notB,50,2933639.551195,2933647.981745,8.430550
408,3,6,If the weather in England is normal on a random daywhat is the probability that the weather will also be not typical on the same day?, not typical given normal,notBgA,0,2933648.117883,2933653.415525,5.297641
408,3,7,If the weather in England is not normal on a random daywhat is the probability that the weather will also be typical on the same day?, typical given not normal,BgnotA,0,2933653.734557,2933669.340945,15.606388
408,3,8,What is the probability that the weather will be  typical and not normal on a random day in England?, typical and not normal,notAandB,50,2933669.501260,2933683.844438,14.343178
408,3,9,What is the probability that the weather will be  icy and frosty on a random day in England?, icy and frosty,AandB,50,2933684.017959,2933686.796358,2.778399
408,3,10,What is the probability that the weather will be  typical or not normal on a random day in England?, typical or not normal,notAorB,50,2933686.984613,2933691.452370,4.467758
408,3,11,What is the probability that the weather will be  not normal or not typical on a random day in England?, not normal or not typical,notAornotB,50,2933691.651279,2933698.756215,7.104936
408,3,12,If the weather in England is frosty on a random daywhat is the probability that the weather will also be icy on the same day?, icy given frosty,AgB,50,2933698.967958,2933706.324044,7.356087
408,3,13,What is the probability that the weather will be  not frosty on a random day in England?, not frosty,notB,50,2933706.534679,2933709.124068,2.589389
408,3,14,If the weather in England is typical on a random daywhat is the probability that the weather will also be not normal on the same day?, not normal given typical,notAgB,0,2933709.351342,2933715.996115,6.644773
408,3,15,If the weather in England is icy on a random daywhat is the probability that the weather will also be not frosty on the same day?, not frosty given icy,notBgA,50,2933716.251351,2933722.451839,6.200488
408,3,16,What is the probability that the weather will be  not normal on a random day in England?, not normal,notA,50,2933722.684706,2933731.227755,8.543049
408,3,17,If the weather in England is not typical on a random daywhat is the probability that the weather will also be normal on the same day?, normal given not typical,AgnotB,50,2933731.434728,2933732.899671,1.464943
408,3,18,If the weather in England is not icy on a random daywhat is the probability that the weather will also be frosty on the same day?, frosty given not icy,BgnotA,50,2933733.151394,2933738.403574,5.252180
408,3,19,What is the probability that the weather will be  icy or not frosty on a random day in England?, icy or not frosty,AornotB,50,2933738.584706,2933741.931523,3.346816
408,3,20,What is the probability that the weather will be  icy or frosty on a random day in England?, icy or frosty,AorB,50,2933742.134735,2933752.043363,9.908627
408,3,21,What is the probability that the weather will be  typical on a random day in England?, typical,B,50,2933752.251412,2933755.091716,2.840305
408,3,22,What is the probability that the weather will be  not icy or not frosty on a random day in England?, not icy or not frosty,notAornotB,50,2933755.318105,2933774.107052,18.788948
408,3,23,If the weather in England is not frosty on a random daywhat is the probability that the weather will also be not icy on the same day?, not icy given not frosty,notAgnotB,50,2933774.218134,2933807.698523,33.480390
408,3,24,If the weather in England is not icy on a random daywhat is the probability that the weather will also be not frosty on the same day?, not frosty given not icy,notBgnotA,50,2933807.901552,2933816.866404,8.964852
408,3,25,What is the probability that the weather will be  normal or typical on a random day in England?, normal or typical,AorB,50,2933817.034905,2933825.530233,8.495328
408,3,26,If the weather in England is icy on a random daywhat is the probability that the weather will also be frosty on the same day?, frosty given icy,BgA,50,2933825.701592,2933833.258087,7.556496
408,3,27,If the weather in England is not frosty on a random daywhat is the probability that the weather will also be icy on the same day?, icy given not frosty,AgnotB,50,2933833.468253,2933835.522095,2.053841
408,3,28,What is the probability that the weather will be  frosty and not icy on a random day in England?, frosty and not icy,notAandB,50,2933835.768268,2933838.930516,3.162248
408,3,29,If the weather in England is typical on a random daywhat is the probability that the weather will also be normal on the same day?, normal given typical,AgB,100,2933839.168286,2933842.980845,3.812559
408,3,30,What is the probability that the weather will be  not icy on a random day in England?, not icy,notA,50,2933843.218290,2933847.873898,4.655609
408,3,31,What is the probability that the weather will be  not normal and not typical on a random day in England?, not normal and not typical,notAandnotB,50,2933848.101636,2933858.129755,10.028120
408,3,32,If the weather in England is not typical on a random daywhat is the probability that the weather will also be not normal on the same day?, not normal given not typical,notAgnotB,100,2933858.384984,2933869.785571,11.400587
408,3,33,If the weather in England is not normal on a random daywhat is the probability that the weather will also be not typical on the same day?, not typical given not normal,notBgnotA,100,2933869.951654,2933873.361525,3.409871
408,3,34,What is the probability that the weather will be  normal and typical on a random day in England?, normal and typical,AandB,50,2933873.551684,2933878.201412,4.649728
408,3,35,What is the probability that the weather will be  normal and not typical on a random day in England?, normal and not typical,AandnotB,50,2933878.468358,2933888.449318,9.980960
408,3,36,What is the probability that the weather will be  icy on a random day in England?, icy,A,50,2933888.585019,2933893.553394,4.968375
408,3,37,If the weather in England is frosty on a random daywhat is the probability that the weather will also be not icy on the same day?, not icy given frosty,notAgB,50,2933893.685057,2933896.705139,3.020082
408,3,38,What is the probability that the weather will be  frosty or not icy on a random day in England?, frosty or not icy,notAorB,50,2933896.901733,2933899.801131,2.899398
408,3,39,What is the probability that the weather will be  normal on a random day in England?, normal,A,50,2933900.018418,2933902.433438,2.415020
408,3,40,What is the probability that the weather will be  icy and not frosty on a random day in England?, icy and not frosty,AandnotB,50,2933902.585004,2933908.033005,5.448001
