ID,block,trial,query,querydetail,querytype,estimate,starttime,endtime,RT
407,1,1,What is the probability that the weather will be  not normal or not typical on a random day in England?, not normal or not typical,notAornotB,30,1974067.871817,1974083.558564,15.686747
407,1,2,What is the probability that the weather will be  icy and frosty on a random day in England?, icy and frosty,AandB,5,1974083.655101,1974090.941489,7.286388
407,1,3,What is the probability that the weather will be  normal and typical on a random day in England?, normal and typical,AandB,80,1974091.071754,1974095.859743,4.787989
407,1,4,If the weather in England is normal on a random daywhat is the probability that the weather will also be typical on the same day?, typical given normal,BgA,85,1974095.988414,1974106.672423,10.684009
407,1,5,What is the probability that the weather will be  not frosty on a random day in England?, not frosty,notB,99,1974106.805046,1974118.664329,11.859282
407,1,6,If the weather in England is frosty on a random daywhat is the probability that the weather will also be icy on the same day?, icy given frosty,AgB,90,1974118.788344,1974127.088018,8.299675
407,1,7,If the weather in England is frosty on a random daywhat is the probability that the weather will also be not icy on the same day?, not icy given frosty,notAgB,20,1974127.238328,1974132.399856,5.161528
407,1,8,If the weather in England is normal on a random daywhat is the probability that the weather will also be not typical on the same day?, not typical given normal,notBgA,40,1974132.538305,1974139.199648,6.661343
407,1,9,If the weather in England is typical on a random daywhat is the probability that the weather will also be not normal on the same day?, not normal given typical,notAgB,30,1974139.371628,1974162.863141,23.491513
407,1,10,What is the probability that the weather will be  icy on a random day in England?, icy,A,2,1974162.988268,1974166.274374,3.286105
407,1,11,What is the probability that the weather will be  normal and not typical on a random day in England?, normal and not typical,AandnotB,50,1974166.388232,1974171.254911,4.866679
407,1,12,What is the probability that the weather will be  not normal on a random day in England?, not normal,notA,50,1974171.371576,1974176.070835,4.699259
407,1,13,What is the probability that the weather will be  icy and not frosty on a random day in England?, icy and not frosty,AandnotB,15,1974176.188171,1974180.742705,4.554534
407,1,14,If the weather in England is not icy on a random daywhat is the probability that the weather will also be frosty on the same day?, frosty given not icy,BgnotA,5,1974180.854878,1974186.446672,5.591795
407,1,15,If the weather in England is typical on a random daywhat is the probability that the weather will also be normal on the same day?, normal given typical,AgB,80,1974186.571499,1974196.118559,9.547059
407,1,16,If the weather in England is not frosty on a random daywhat is the probability that the weather will also be not icy on the same day?, not icy given not frosty,notAgnotB,90,1974196.221451,1974201.270345,5.048895
407,1,17,What is the probability that the weather will be  icy or frosty on a random day in England?, icy or frosty,AorB,10,1974201.421501,1974207.846241,6.424739
407,1,18,What is the probability that the weather will be  not icy or not frosty on a random day in England?, not icy or not frosty,notAornotB,95,1974207.954751,1974212.261852,4.307101
407,1,19,If the weather in England is not typical on a random daywhat is the probability that the weather will also be not normal on the same day?, not normal given not typical,notAgnotB,70,1974212.388075,1974216.989753,4.601678
407,1,20,What is the probability that the weather will be  normal on a random day in England?, normal,A,90,1974217.121397,1974222.190067,5.068671
407,1,21,What is the probability that the weather will be  not typical on a random day in England?, not typical,notB,25,1974222.321402,1974226.829813,4.508410
407,1,22,What is the probability that the weather will be  not normal and not typical on a random day in England?, not normal and not typical,notAandnotB,20,1974226.971388,1974230.005735,3.034347
407,1,23,If the weather in England is not typical on a random daywhat is the probability that the weather will also be normal on the same day?, normal given not typical,AgnotB,20,1974230.171369,1974260.533163,30.361793
407,1,24,If the weather in England is not frosty on a random daywhat is the probability that the weather will also be icy on the same day?, icy given not frosty,AgnotB,2,1974260.671286,1974269.085007,8.413721
407,1,25,If the weather in England is not normal on a random daywhat is the probability that the weather will also be not typical on the same day?, not typical given not normal,notBgnotA,70,1974269.254615,1974273.965115,4.710500
407,1,26,What is the probability that the weather will be  normal or typical on a random day in England?, normal or typical,AorB,90,1974274.104590,1974278.484746,4.380156
407,1,27,If the weather in England is icy on a random daywhat is the probability that the weather will also be not frosty on the same day?, not frosty given icy,notBgA,10,1974278.604582,1974284.148688,5.544106
407,1,28,What is the probability that the weather will be  typical or not normal on a random day in England?, typical or not normal,notAorB,80,1974284.287895,1974288.148470,3.860576
407,1,29,If the weather in England is not normal on a random daywhat is the probability that the weather will also be typical on the same day?, typical given not normal,BgnotA,50,1974288.287881,1974298.436388,10.148507
407,1,30,If the weather in England is icy on a random daywhat is the probability that the weather will also be frosty on the same day?, frosty given icy,BgA,90,1974298.571169,1974307.996152,9.424983
407,1,31,What is the probability that the weather will be  not icy on a random day in England?, not icy,notA,95,1974308.137810,1974318.547935,10.410125
407,1,32,What is the probability that the weather will be  frosty on a random day in England?, frosty,B,5,1974318.721111,1974321.491919,2.770808
407,1,33,What is the probability that the weather will be  icy or not frosty on a random day in England?, icy or not frosty,AornotB,80,1974321.687794,1974331.843672,10.155878
407,1,34,What is the probability that the weather will be  frosty or not icy on a random day in England?, frosty or not icy,notAorB,80,1974331.987758,1974335.283601,3.295843
407,1,35,What is the probability that the weather will be  typical on a random day in England?, typical,B,90,1974335.404426,1974339.275904,3.871478
407,1,36,What is the probability that the weather will be  frosty and not icy on a random day in England?, frosty and not icy,notAandB,70,1974339.437746,1974343.843763,4.406017
407,1,37,What is the probability that the weather will be  normal or not typical on a random day in England?, normal or not typical,AornotB,80,1974343.987708,1974347.731230,3.743522
407,1,38,What is the probability that the weather will be  typical and not normal on a random day in England?, typical and not normal,notAandB,80,1974347.837728,1974348.947226,1.109498
407,1,39,What is the probability that the weather will be  not icy and not frosty on a random day in England?, not icy and not frosty,notAandnotB,95,1974349.071046,1974354.147044,5.075998
407,1,40,If the weather in England is not icy on a random daywhat is the probability that the weather will also be not frosty on the same day?, not frosty given not icy,notBgnotA,20,1974354.271022,1974366.258873,11.987851
407,2,1,If the weather in England is not typical on a random daywhat is the probability that the weather will also be normal on the same day?, normal given not typical,AgnotB,10,1974366.404334,1974377.754758,11.350424
407,2,2,What is the probability that the weather will be  not typical on a random day in England?, not typical,notB,35,1974377.904285,1974387.946344,10.042059
407,2,3,If the weather in England is icy on a random daywhat is the probability that the weather will also be not frosty on the same day?, not frosty given icy,notBgA,5,1974388.087615,1974401.586280,13.498665
407,2,4,If the weather in England is not normal on a random daywhat is the probability that the weather will also be not typical on the same day?, not typical given not normal,notBgnotA,90,1974401.754236,1974406.482009,4.727773
407,2,5,If the weather in England is icy on a random daywhat is the probability that the weather will also be frosty on the same day?, frosty given icy,BgA,90,1974406.604229,1974410.681877,4.077648
407,2,6,What is the probability that the weather will be  not normal on a random day in England?, not normal,notA,50,1974410.770860,1974414.009861,3.239001
407,2,7,What is the probability that the weather will be  frosty and not icy on a random day in England?, frosty and not icy,notAandB,70,1974414.170870,1974418.401748,4.230878
407,2,8,If the weather in England is typical on a random daywhat is the probability that the weather will also be not normal on the same day?, not normal given typical,notAgB,40,1974418.520864,1974425.761454,7.240590
407,2,9,What is the probability that the weather will be  icy and not frosty on a random day in England?, icy and not frosty,AandnotB,10,1974425.937508,1974430.289474,4.351965
407,2,10,What is the probability that the weather will be  typical and not normal on a random day in England?, typical and not normal,notAandB,10,1974430.454162,1974434.281285,3.827123
407,2,11,If the weather in England is not normal on a random daywhat is the probability that the weather will also be typical on the same day?, typical given not normal,BgnotA,80,1974434.420823,1974443.978305,9.557482
407,2,12,What is the probability that the weather will be  not icy on a random day in England?, not icy,notA,99,1974444.104119,1974450.473090,6.368971
407,2,13,What is the probability that the weather will be  not icy or not frosty on a random day in England?, not icy or not frosty,notAornotB,70,1974450.604092,1974455.840818,5.236727
407,2,14,What is the probability that the weather will be  typical on a random day in England?, typical,B,50,1974455.987424,1974458.961288,2.973864
407,2,15,What is the probability that the weather will be  not normal and not typical on a random day in England?, not normal and not typical,notAandnotB,30,1974459.087381,1974463.584679,4.497298
407,2,16,What is the probability that the weather will be  icy and frosty on a random day in England?, icy and frosty,AandB,5,1974463.720731,1974466.456756,2.736025
407,2,17,What is the probability that the weather will be  normal and not typical on a random day in England?, normal and not typical,AandnotB,70,1974466.587403,1974471.384501,4.797098
407,2,18,What is the probability that the weather will be  normal on a random day in England?, normal,A,70,1974471.504044,1974475.152639,3.648594
407,2,19,What is the probability that the weather will be  icy or frosty on a random day in England?, icy or frosty,AorB,40,1974475.320675,1974479.984344,4.663669
407,2,20,If the weather in England is not frosty on a random daywhat is the probability that the weather will also be not icy on the same day?, not icy given not frosty,notAgnotB,80,1974480.137360,1974486.704163,6.566803
407,2,21,If the weather in England is normal on a random daywhat is the probability that the weather will also be not typical on the same day?, not typical given normal,notBgA,50,1974486.787322,1974492.312272,5.524950
407,2,22,What is the probability that the weather will be  frosty or not icy on a random day in England?, frosty or not icy,notAorB,60,1974492.437333,1974501.415878,8.978545
407,2,23,If the weather in England is not typical on a random daywhat is the probability that the weather will also be not normal on the same day?, not normal given not typical,notAgnotB,70,1974501.537293,1974506.367745,4.830451
407,2,24,What is the probability that the weather will be  typical or not normal on a random day in England?, typical or not normal,notAorB,70,1974506.537261,1974509.927661,3.390401
407,2,25,If the weather in England is not frosty on a random daywhat is the probability that the weather will also be icy on the same day?, icy given not frosty,AgnotB,1,1974510.120588,1974515.903773,5.783185
407,2,26,If the weather in England is not icy on a random daywhat is the probability that the weather will also be not frosty on the same day?, not frosty given not icy,notBgnotA,99,1974516.053967,1974524.319402,8.265435
407,2,27,If the weather in England is not icy on a random daywhat is the probability that the weather will also be frosty on the same day?, frosty given not icy,BgnotA,20,1974524.437209,1974536.263144,11.825935
407,2,28,What is the probability that the weather will be  normal or typical on a random day in England?, normal or typical,AorB,50,1974536.387243,1974539.055069,2.667826
407,2,29,What is the probability that the weather will be  icy or not frosty on a random day in England?, icy or not frosty,AornotB,5,1974539.203844,1974543.711251,4.507407
407,2,30,If the weather in England is frosty on a random daywhat is the probability that the weather will also be not icy on the same day?, not icy given frosty,notAgB,90,1974543.887189,1974550.992099,7.104909
407,2,31,If the weather in England is normal on a random daywhat is the probability that the weather will also be typical on the same day?, typical given normal,BgA,90,1974551.120507,1974553.966710,2.846203
407,2,32,If the weather in England is frosty on a random daywhat is the probability that the weather will also be icy on the same day?, icy given frosty,AgB,10,1974554.070474,1974559.382641,5.312166
407,2,33,What is the probability that the weather will be  frosty on a random day in England?, frosty,B,50,1974559.520471,1974563.887746,4.367275
407,2,34,What is the probability that the weather will be  icy on a random day in England?, icy,A,5,1974563.987143,1974566.839008,2.851865
407,2,35,What is the probability that the weather will be  normal or not typical on a random day in England?, normal or not typical,AornotB,50,1974566.970427,1974570.038439,3.068012
407,2,36,What is the probability that the weather will be  not frosty on a random day in England?, not frosty,notB,50,1974570.187099,1974574.263942,4.076842
407,2,37,What is the probability that the weather will be  normal and typical on a random day in England?, normal and typical,AandB,50,1974574.387072,1974577.870261,3.483189
407,2,38,What is the probability that the weather will be  not icy and not frosty on a random day in England?, not icy and not frosty,notAandnotB,80,1974578.003744,1974582.222168,4.218424
407,2,39,If the weather in England is typical on a random daywhat is the probability that the weather will also be normal on the same day?, normal given typical,AgB,80,1974582.320410,1974585.758087,3.437677
407,2,40,What is the probability that the weather will be  not normal or not typical on a random day in England?, not normal or not typical,notAornotB,40,1974585.887062,1974592.277978,6.390915
407,3,1,If the weather in England is not frosty on a random daywhat is the probability that the weather will also be not icy on the same day?, not icy given not frosty,notAgnotB,90,1974592.470372,1974598.197819,5.727447
407,3,2,If the weather in England is not normal on a random daywhat is the probability that the weather will also be typical on the same day?, typical given not normal,BgnotA,6,1974598.320363,1974603.413837,5.093474
407,3,3,If the weather in England is not icy on a random daywhat is the probability that the weather will also be frosty on the same day?, frosty given not icy,BgnotA,80,1974603.570321,1974612.597536,9.027215
407,3,4,What is the probability that the weather will be  frosty on a random day in England?, frosty,B,40,1974612.753633,1974621.485593,8.731960
407,3,5,If the weather in England is not icy on a random daywhat is the probability that the weather will also be not frosty on the same day?, not frosty given not icy,notBgnotA,30,1974621.603669,1974629.381161,7.777493
407,3,6,If the weather in England is icy on a random daywhat is the probability that the weather will also be not frosty on the same day?, not frosty given icy,notBgA,3,1974629.536951,1974634.693146,5.156195
407,3,7,What is the probability that the weather will be  not frosty on a random day in England?, not frosty,notB,70,1974634.870272,1974641.156949,6.286677
407,3,8,If the weather in England is typical on a random daywhat is the probability that the weather will also be normal on the same day?, normal given typical,AgB,70,1974641.353575,1974644.676858,3.323283
407,3,9,What is the probability that the weather will be  normal and not typical on a random day in England?, normal and not typical,AandnotB,70,1974644.803573,1974648.492777,3.689204
407,3,10,What is the probability that the weather will be  icy on a random day in England?, icy,A,2,1974648.703557,1974652.132839,3.429282
407,3,11,If the weather in England is frosty on a random daywhat is the probability that the weather will also be icy on the same day?, icy given frosty,AgB,4,1974652.303550,1974660.436795,8.133245
407,3,12,What is the probability that the weather will be  frosty or not icy on a random day in England?, frosty or not icy,notAorB,40,1974660.586868,1974666.148386,5.561518
407,3,13,What is the probability that the weather will be  not icy and not frosty on a random day in England?, not icy and not frosty,notAandnotB,90,1974666.270149,1974669.756326,3.486177
407,3,14,If the weather in England is not frosty on a random daywhat is the probability that the weather will also be icy on the same day?, icy given not frosty,AgnotB,2,1974669.903496,1974676.852282,6.948786
407,3,15,If the weather in England is not typical on a random daywhat is the probability that the weather will also be not normal on the same day?, not normal given not typical,notAgnotB,95,1974677.053457,1974684.907991,7.854534
407,3,16,What is the probability that the weather will be  not normal and not typical on a random day in England?, not normal and not typical,notAandnotB,30,1974685.070105,1974690.955864,5.885759
407,3,17,What is the probability that the weather will be  not icy on a random day in England?, not icy,notA,95,1974691.120088,1974695.827783,4.707695
407,3,18,If the weather in England is not normal on a random daywhat is the probability that the weather will also be not typical on the same day?, not typical given not normal,notBgnotA,90,1974695.986774,1974700.651300,4.664527
407,3,19,What is the probability that the weather will be  icy or not frosty on a random day in England?, icy or not frosty,AornotB,5,1974700.836756,1974704.572005,3.735249
407,3,20,What is the probability that the weather will be  frosty and not icy on a random day in England?, frosty and not icy,notAandB,60,1974704.720071,1974709.076752,4.356681
407,3,21,What is the probability that the weather will be  normal or typical on a random day in England?, normal or typical,AorB,70,1974709.203387,1974712.667458,3.464071
407,3,22,What is the probability that the weather will be  not typical on a random day in England?, not typical,notB,40,1974712.836721,1974715.387377,2.550657
407,3,23,If the weather in England is typical on a random daywhat is the probability that the weather will also be not normal on the same day?, not normal given typical,notAgB,50,1974715.520043,1974720.091254,4.571211
407,3,24,What is the probability that the weather will be  normal or not typical on a random day in England?, normal or not typical,AornotB,40,1974720.253367,1974725.907091,5.653724
407,3,25,What is the probability that the weather will be  icy or frosty on a random day in England?, icy or frosty,AorB,20,1974726.053345,1974729.355063,3.301718
407,3,26,If the weather in England is frosty on a random daywhat is the probability that the weather will also be not icy on the same day?, not icy given frosty,notAgB,70,1974729.520011,1974733.538954,4.018943
407,3,27,If the weather in England is normal on a random daywhat is the probability that the weather will also be not typical on the same day?, not typical given normal,notBgA,50,1974733.686629,1974740.778837,7.092208
407,3,28,What is the probability that the weather will be  not normal or not typical on a random day in England?, not normal or not typical,notAornotB,30,1974740.903279,1974746.426715,5.523435
407,3,29,What is the probability that the weather will be  not icy or not frosty on a random day in England?, not icy or not frosty,notAornotB,70,1974746.586601,1974751.890592,5.303991
407,3,30,What is the probability that the weather will be  typical on a random day in England?, typical,B,70,1974752.003269,1974754.138325,2.135056
407,3,31,What is the probability that the weather will be  typical and not normal on a random day in England?, typical and not normal,notAandB,50,1974754.319943,1974757.053472,2.733528
407,3,32,What is the probability that the weather will be  typical or not normal on a random day in England?, typical or not normal,notAorB,60,1974757.219900,1974760.740336,3.520436
407,3,33,What is the probability that the weather will be  normal and typical on a random day in England?, normal and typical,AandB,70,1974760.903253,1974764.258329,3.355076
407,3,34,If the weather in England is icy on a random daywhat is the probability that the weather will also be frosty on the same day?, frosty given icy,BgA,90,1974764.419906,1974767.826224,3.406318
407,3,35,If the weather in England is not typical on a random daywhat is the probability that the weather will also be normal on the same day?, normal given not typical,AgnotB,20,1974767.919939,1974772.082150,4.162212
407,3,36,If the weather in England is normal on a random daywhat is the probability that the weather will also be typical on the same day?, typical given normal,BgA,80,1974772.219886,1974778.170022,5.950136
407,3,37,What is the probability that the weather will be  not normal on a random day in England?, not normal,notA,40,1974778.319865,1974781.075512,2.755647
407,3,38,What is the probability that the weather will be  icy and frosty on a random day in England?, icy and frosty,AandB,10,1974781.203201,1974784.673859,3.470658
407,3,39,What is the probability that the weather will be  icy and not frosty on a random day in England?, icy and not frosty,AandnotB,5,1974784.736537,1974787.785455,3.048918
407,3,40,What is the probability that the weather will be  normal on a random day in England?, normal,A,70,1974787.869888,1974790.209461,2.339574
